id_venta,fecha,producto,categoria,precio,cantidad,cliente,ciudad,sucursal,metodo_pago
1,2025-01-12,Chocolate,Alimentos,85.98,14,Ignacio Miranda,León,Sucursal Centro,Efectivo
2,2025-12-19,Camiseta,Ropa,264.87,7,Carlos López,Monterrey,Sucursal Centro,Efectivo
3,2025-03-01,Camiseta,Ropa,154.62,11,Ximena Paredes,León,Sucursal Norte,Tarjeta de Crédito
4,2025-10-14,Bloques Didácticos,Juguetes,240.64,1,Guillermo León,Mérida,Sucursal Centro,Tarjeta de Débito
5,2025-01-25,Tijeras,Papelería,31.07,8,Ximena Paredes,Tijuana,Sucursal Centro,Tarjeta de Crédito
6,2024-11-26,Crema Facial,Belleza,362.16,9,Eduardo Jiménez,Tijuana,Sucursal Norte,Tarjeta de Crédito
7,2025-03-28,Guantes de Box,Deportes,992.08,7,Verónica Aguilar,Guadalajara,Sucursal Sur,Tarjeta de Débito
8,2024-05-29,Crema Facial,Belleza,279.7,14,Arturo Navarro,Guadalajara,Sucursal Norte,Efectivo
9,2024-10-01,Carro de Juguete,Juguetes,181.99,4,Diego Cabrera,Ciudad de México,Sucursal Sur,Tarjeta de Crédito
10,2025-02-09,Mouse,Electrónica,466.95,10,Rosa Ávila,León,Sucursal Norte,Tarjeta de Crédito
11,2024-07-09,Esmalte,Belleza,93.86,4,Gabriela Moreno,Ciudad de México,Sucursal Centro,Tarjeta de Débito
12,2024-02-16,Gorra,Ropa,183.08,4,Diego Cabrera,Tijuana,Sucursal Norte,Efectivo
13,2025-03-01,Bloques Didácticos,Juguetes,230.75,15,Diego Cabrera,Ciudad de México,Sucursal Norte,Transferencia
14,2025-07-27,Teclado,Electrónica,298.28,8,Julio Cortez,Mérida,Sucursal Centro,Transferencia
15,2025-09-16,Folder,Papelería,30.6,9,Camila Díaz,Puebla,Sucursal Norte,Efectivo
16,2025-11-15,Gorra,Ropa,182.72,14,Julio Cortez,Ciudad de México,Sucursal Sur,Transferencia
17,2025-03-02,Guantes de Box,Deportes,862.44,6,Ximena Paredes,Guadalajara,Sucursal Centro,Transferencia
18,2024-04-05,Laptop,Electrónica,15803.3,7,Arturo Navarro,Mérida,Sucursal Norte,Efectivo
19,2024-07-28,Crema Facial,Belleza,447.01,3,Elena Delgado,León,Sucursal Centro,Tarjeta de Débito
20,2024-06-07,Teclado,Electrónica,597.28,4,Ricardo Castillo,Tijuana,Sucursal Centro,Transferencia
21,2025-06-01,Muñeca,Juguetes,364.24,7,Silvia Fuentes,Guadalajara,Sucursal Centro,Tarjeta de Débito
22,2025-08-30,Detergente,Hogar,144.04,20,Fernando Flores,Puebla,Sucursal Norte,Transferencia
23,2025-10-29,Sudadera,Ropa,350.58,12,David Torres,Ciudad de México,Sucursal Centro,Efectivo
24,2024-10-23,Monitor,Electrónica,6317.2,10,Adriana Molina,Ciudad de México,Sucursal Centro,Efectivo
25,2024-10-09,Laptop,Electrónica,15330.99,5,Ximena Paredes,Guadalajara,Sucursal Norte,Transferencia
26,2025-12-07,Esmalte,Belleza,45.16,19,Fernando Flores,Guadalajara,Sucursal Centro,Transferencia
27,2025-05-14,Monitor,Electrónica,3093.23,15,Fernando Flores,Guadalajara,Sucursal Sur,Efectivo
28,2024-08-30,Zapatos Deportivos,Deportes,1380.89,11,Alejandra Morales,Monterrey,Sucursal Centro,Tarjeta de Débito
29,2025-09-14,Bolígrafo,Papelería,35.59,14,Beatriz Rojas,León,Sucursal Centro,Efectivo
30,2025-08-30,Pelota de Fútbol,Deportes,410.31,9,Ricardo Castillo,Puebla,Sucursal Norte,Tarjeta de Crédito
31,2025-07-29,Agua,Alimentos,33.32,3,Fernanda Luna,Guadalajara,Sucursal Sur,Tarjeta de Débito
32,2025-12-17,Muñeca,Juguetes,567.42,12,Enrique Guerrero,Puebla,Sucursal Centro,Tarjeta de Débito
33,2025-12-13,Labial,Belleza,118.77,8,Sergio Gutiérrez,Guadalajara,Sucursal Sur,Tarjeta de Crédito
34,2024-11-19,Café,Alimentos,199.26,12,Julio Cortez,Mérida,Sucursal Centro,Transferencia
35,2024-09-06,Colchoneta,Deportes,360.29,19,Sergio Gutiérrez,León,Sucursal Centro,Tarjeta de Crédito
36,2025-03-23,Gorra,Ropa,148.18,14,Juan Cervantes,Monterrey,Sucursal Norte,Efectivo
37,2025-08-04,Camiseta,Ropa,200.75,14,Ana García,Mérida,Sucursal Norte,Efectivo
38,2024-11-01,Tijeras,Papelería,73.01,14,Víctor Salinas,Tijuana,Sucursal Centro,Efectivo
39,2025-01-17,Monitor,Electrónica,6142.97,4,Arturo Navarro,Tijuana,Sucursal Norte,Tarjeta de Crédito
40,2024-04-06,Cuaderno,Papelería,31.86,15,Miguel González,Ciudad de México,Sucursal Centro,Transferencia
41,2025-02-09,USB Flash Drive,Electrónica,150.55,11,María Martínez,Tijuana,Sucursal Norte,Transferencia
42,2024-04-13,Detergente,Hogar,94.36,2,Mónica Ibáñez,Puebla,Sucursal Norte,Transferencia
43,2024-10-07,Teclado,Electrónica,764.8,7,Rebeca Campos,Monterrey,Sucursal Sur,Transferencia
44,2024-08-06,Teclado,Electrónica,679.62,18,Alicia Ponce,Mérida,Sucursal Centro,Tarjeta de Débito
45,2024-02-19,Monitor,Electrónica,7854.64,9,Roberto Reyes,Guadalajara,Sucursal Centro,Tarjeta de Débito
46,2025-12-17,Toalla,Hogar,218.61,5,José Rodríguez,Mérida,Sucursal Centro,Tarjeta de Crédito
47,2025-05-10,Mouse,Electrónica,350.46,9,Enrique Guerrero,León,Sucursal Norte,Tarjeta de Débito
48,2025-02-05,Gorra,Ropa,119.45,13,Víctor Salinas,Guadalajara,Sucursal Norte,Tarjeta de Débito
49,2025-01-17,USB Flash Drive,Electrónica,140.59,3,Tomás Vega,Puebla,Sucursal Centro,Efectivo
50,2025-11-03,Sudadera,Ropa,301.13,20,Sofía Pérez,Tijuana,Sucursal Norte,Tarjeta de Débito
51,2025-10-14,Pelota de Fútbol,Deportes,290.02,19,Pablo Álvarez,Ciudad de México,Sucursal Norte,Tarjeta de Débito
52,2024-10-27,Pelota de Fútbol,Deportes,477.32,19,Víctor Salinas,Guadalajara,Sucursal Centro,Tarjeta de Crédito
53,2025-08-16,Bolígrafo,Papelería,17.38,9,Carolina Castro,Mérida,Sucursal Norte,Tarjeta de Crédito
54,2025-07-31,Calcetines,Ropa,85.56,4,Roberto Reyes,Ciudad de México,Sucursal Centro,Tarjeta de Débito
55,2024-01-30,Teclado,Electrónica,340.79,2,Héctor Soto,Guadalajara,Sucursal Sur,Efectivo
56,2024-11-04,Teclado,Electrónica,458.33,16,Patricia Muñoz,Mérida,Sucursal Norte,Transferencia
57,2025-02-05,Chocolate,Alimentos,40.59,8,Jorge Romero,Monterrey,Sucursal Centro,Tarjeta de Crédito
58,2025-12-17,Lámpara,Hogar,729.22,13,Laura Hernández,Guadalajara,Sucursal Sur,Tarjeta de Crédito
59,2024-10-07,Toalla,Hogar,175.81,13,Rebeca Campos,Ciudad de México,Sucursal Norte,Tarjeta de Crédito
60,2025-11-16,Rompecabezas,Juguetes,375.72,8,Roberto Reyes,Guadalajara,Sucursal Sur,Transferencia
61,2024-01-10,Almohada,Hogar,186.58,16,Natalia Ruiz,Puebla,Sucursal Norte,Tarjeta de Débito
62,2024-05-29,Pelota de Fútbol,Deportes,580.44,8,Diego Cabrera,Mérida,Sucursal Centro,Tarjeta de Débito
63,2024-09-07,Bloques Didácticos,Juguetes,245.71,16,Héctor Soto,Guadalajara,Sucursal Norte,Tarjeta de Débito
64,2025-04-29,Jugo,Alimentos,56.82,12,Alicia Ponce,Ciudad de México,Sucursal Norte,Tarjeta de Débito
65,2024-11-04,Toalla,Hogar,140.84,10,Ignacio Miranda,León,Sucursal Norte,Transferencia
66,2025-09-19,Bolígrafo,Papelería,48.36,11,Ximena Paredes,León,Sucursal Centro,Efectivo
67,2025-05-17,Guantes de Box,Deportes,710.91,6,Patricia Muñoz,Monterrey,Sucursal Norte,Transferencia
68,2025-01-05,Cuaderno,Papelería,114.32,4,Pablo Álvarez,Puebla,Sucursal Centro,Efectivo
69,2024-12-21,Calcetines,Ropa,66.6,19,Ricardo Castillo,Tijuana,Sucursal Norte,Efectivo
70,2024-11-11,Esmalte,Belleza,31.36,20,Fernando Flores,Mérida,Sucursal Centro,Efectivo
71,2025-05-29,Muñeca,Juguetes,425.93,20,Óscar Ríos,Ciudad de México,Sucursal Centro,Transferencia
72,2025-09-02,Shampoo,Belleza,174.12,9,Arturo Navarro,Ciudad de México,Sucursal Norte,Efectivo
73,2025-04-08,Perfume,Belleza,1231.9,5,Luis Espinoza,Monterrey,Sucursal Centro,Efectivo
74,2025-04-07,Gorra,Ropa,111.38,2,Laura Hernández,Mérida,Sucursal Norte,Transferencia
75,2025-03-30,Calcetines,Ropa,54.55,6,Camila Díaz,Ciudad de México,Sucursal Norte,Tarjeta de Débito
76,2024-01-24,Labial,Belleza,173.38,16,Juan Cervantes,Monterrey,Sucursal Norte,Transferencia
77,2025-05-13,Bloques Didácticos,Juguetes,334.15,17,Renata Suárez,Mérida,Sucursal Norte,Transferencia
78,2024-07-28,Grapadora,Papelería,125.33,7,Mariana Medina,León,Sucursal Norte,Tarjeta de Débito
79,2024-02-14,Toalla,Hogar,168.01,15,Pablo Álvarez,Tijuana,Sucursal Norte,Transferencia
80,2025-06-15,Pantalón,Ropa,688.7,4,Pablo Álvarez,Puebla,Sucursal Centro,Transferencia
81,2025-01-25,Pelota de Fútbol,Deportes,271.34,17,Silvia Fuentes,Guadalajara,Sucursal Centro,Tarjeta de Débito
82,2024-07-08,Carro de Juguete,Juguetes,273.9,2,Arturo Navarro,Tijuana,Sucursal Norte,Transferencia
83,2025-09-23,Almohada,Hogar,342.08,8,Fernanda Luna,Ciudad de México,Sucursal Centro,Tarjeta de Crédito
84,2024-03-14,Almohada,Hogar,226.43,19,Julio Cortez,Tijuana,Sucursal Centro,Tarjeta de Débito
85,2025-04-03,Cuaderno,Papelería,61.61,19,Enrique Guerrero,Monterrey,Sucursal Sur,Transferencia
86,2024-12-11,Lámpara,Hogar,690.3,13,Carolina Castro,Mérida,Sucursal Centro,Transferencia
87,2024-11-23,Folder,Papelería,43.7,7,Arturo Navarro,Mérida,Sucursal Centro,Tarjeta de Crédito
88,2024-05-10,Pantalón,Ropa,651.29,15,Lucía Ramos,Tijuana,Sucursal Centro,Transferencia
89,2025-11-01,Monitor,Electrónica,3520.28,8,Cecilia Trujillo,Monterrey,Sucursal Sur,Transferencia
90,2024-04-11,Shampoo,Belleza,145.61,8,Guillermo León,Guadalajara,Sucursal Sur,Tarjeta de Crédito
91,2024-10-26,Sudadera,Ropa,452.9,2,Alberto Varela,Guadalajara,Sucursal Sur,Tarjeta de Crédito
92,2025-09-08,Crema Facial,Belleza,295.91,19,Valentina Cruz,Puebla,Sucursal Norte,Tarjeta de Crédito
93,2024-09-24,Carro de Juguete,Juguetes,348.36,8,Marco Sánchez,Monterrey,Sucursal Centro,Transferencia
94,2024-10-31,Café,Alimentos,111.33,14,Luis Espinoza,Monterrey,Sucursal Sur,Efectivo
95,2024-12-02,Laptop,Electrónica,21567.48,13,Gabriela Moreno,Puebla,Sucursal Centro,Efectivo
96,2024-05-28,Crema Facial,Belleza,493.47,10,María Martínez,Mérida,Sucursal Centro,Tarjeta de Débito
97,2025-06-08,Perfume,Belleza,879.9,4,Ramón Ortega,Guadalajara,Sucursal Centro,Tarjeta de Crédito
98,2024-12-20,Monitor,Electrónica,7535.9,17,Lucía Ramos,Monterrey,Sucursal Norte,Tarjeta de Débito
99,2025-10-27,Pelota de Fútbol,Deportes,246.12,20,Ignacio Miranda,León,Sucursal Centro,Tarjeta de Débito
100,2024-05-11,Jugo,Alimentos,32.06,14,Natalia Ruiz,León,Sucursal Centro,Tarjeta de Débito
101,2024-03-10,Teclado,Electrónica,776.29,12,Andrés Vargas,Mérida,Sucursal Norte,Transferencia
102,2025-06-11,Laptop,Electrónica,21445.65,5,Guillermo León,Puebla,Sucursal Norte,Efectivo
103,2025-08-05,Cuaderno,Papelería,84.91,5,Sandra Peña,Ciudad de México,Sucursal Sur,Tarjeta de Crédito
104,2025-08-25,Café,Alimentos,158.38,19,Andrés Vargas,Monterrey,Sucursal Norte,Tarjeta de Crédito
105,2024-09-05,Carro de Juguete,Juguetes,326.92,4,Rebeca Campos,Mérida,Sucursal Norte,Efectivo
106,2024-02-28,Gorra,Ropa,102.74,14,Laura Hernández,Ciudad de México,Sucursal Sur,Transferencia
107,2025-04-27,Muñeca,Juguetes,444.97,3,Gabriela Moreno,Monterrey,Sucursal Centro,Efectivo
108,2025-07-25,Laptop,Electrónica,8588.01,19,Alberto Varela,Ciudad de México,Sucursal Norte,Efectivo
109,2024-12-20,Grapadora,Papelería,97.22,9,Fernanda Luna,León,Sucursal Norte,Tarjeta de Crédito
110,2025-02-15,Zapatos Deportivos,Deportes,1352.74,8,Rosa Ávila,Tijuana,Sucursal Norte,Transferencia
111,2024-08-05,Camiseta,Ropa,383.53,10,Laura Hernández,Mérida,Sucursal Centro,Efectivo
112,2024-05-15,Cargador,Electrónica,115.92,7,Paola Mendoza,Puebla,Sucursal Norte,Tarjeta de Débito
113,2025-10-22,Sudadera,Ropa,352.03,19,Daniela Herrera,Ciudad de México,Sucursal Sur,Transferencia
114,2024-10-13,Jugo,Alimentos,36.66,15,Verónica Aguilar,Monterrey,Sucursal Sur,Tarjeta de Débito
115,2025-09-16,Crema Facial,Belleza,329.82,3,Fernando Flores,León,Sucursal Norte,Tarjeta de Débito
116,2024-08-15,Bloques Didácticos,Juguetes,166.95,6,Diego Cabrera,Ciudad de México,Sucursal Sur,Tarjeta de Débito
117,2025-05-06,Guantes de Box,Deportes,986.71,18,Fernanda Luna,Guadalajara,Sucursal Sur,Transferencia
118,2025-09-05,Crema Facial,Belleza,156.5,10,Julio Cortez,Guadalajara,Sucursal Sur,Efectivo
119,2025-09-28,Chocolate,Alimentos,99.96,14,Paola Mendoza,Tijuana,Sucursal Norte,Tarjeta de Crédito
120,2024-06-04,Carro de Juguete,Juguetes,456.75,12,Víctor Salinas,Mérida,Sucursal Norte,Tarjeta de Crédito
121,2025-10-24,Esmalte,Belleza,97.24,9,Óscar Ríos,Puebla,Sucursal Norte,Transferencia
122,2024-03-29,USB Flash Drive,Electrónica,181.28,14,Ximena Paredes,León,Sucursal Centro,Transferencia
123,2024-05-31,Almohada,Hogar,297.96,8,Paola Mendoza,Puebla,Sucursal Norte,Tarjeta de Crédito
124,2025-02-05,Sudadera,Ropa,325.17,3,Carolina Castro,Monterrey,Sucursal Sur,Transferencia
125,2025-09-29,Galletas,Alimentos,41.85,19,Isabel Ramírez,Monterrey,Sucursal Norte,Tarjeta de Débito
126,2024-10-20,Lámpara,Hogar,474.44,15,Pablo Álvarez,Mérida,Sucursal Norte,Tarjeta de Crédito
127,2024-02-10,Chocolate,Alimentos,40.0,3,Ignacio Miranda,Puebla,Sucursal Norte,Tarjeta de Débito
128,2025-03-22,Perfume,Belleza,532.29,3,Ramón Ortega,Tijuana,Sucursal Centro,Tarjeta de Crédito
129,2024-12-13,Pelota de Fútbol,Deportes,279.85,15,Verónica Aguilar,Guadalajara,Sucursal Sur,Efectivo
130,2025-10-23,USB Flash Drive,Electrónica,125.55,14,Marco Sánchez,Monterrey,Sucursal Norte,Transferencia
131,2025-10-16,Gorra,Ropa,88.82,18,Camila Díaz,Tijuana,Sucursal Centro,Efectivo
132,2025-01-20,Cuaderno,Papelería,70.4,19,Carolina Castro,León,Sucursal Norte,Tarjeta de Crédito
133,2024-02-02,Tijeras,Papelería,29.63,15,Elena Delgado,León,Sucursal Norte,Tarjeta de Crédito
134,2024-01-29,Mouse,Electrónica,174.78,3,Tomás Vega,León,Sucursal Centro,Efectivo
135,2024-01-12,Colchoneta,Deportes,578.8,3,Verónica Aguilar,Ciudad de México,Sucursal Norte,Efectivo
136,2025-01-01,Chocolate,Alimentos,48.05,2,Ximena Paredes,Mérida,Sucursal Centro,Transferencia
137,2025-08-18,Calcetines,Ropa,49.88,15,Daniela Herrera,Guadalajara,Sucursal Norte,Tarjeta de Débito
138,2025-08-08,Mouse,Electrónica,286.48,14,Patricia Muñoz,Guadalajara,Sucursal Centro,Tarjeta de Débito
139,2025-02-02,Carro de Juguete,Juguetes,257.23,5,Fernanda Luna,León,Sucursal Norte,Efectivo
140,2024-02-20,Camiseta,Ropa,240.71,17,Valentina Cruz,Mérida,Sucursal Norte,Tarjeta de Crédito
141,2025-05-20,Bloques Didácticos,Juguetes,156.36,19,Jorge Romero,Guadalajara,Sucursal Sur,Tarjeta de Crédito
142,2024-07-07,Almohada,Hogar,278.23,16,Juan Cervantes,Tijuana,Sucursal Norte,Efectivo
143,2025-12-23,Auriculares,Electrónica,1111.14,16,Roberto Reyes,León,Sucursal Centro,Transferencia
144,2024-07-02,Camiseta,Ropa,239.56,7,Mónica Ibáñez,Puebla,Sucursal Norte,Tarjeta de Débito
145,2024-10-14,Lámpara,Hogar,406.75,5,Miguel González,Ciudad de México,Sucursal Norte,Efectivo
146,2024-11-01,Guantes de Box,Deportes,434.88,1,Víctor Salinas,Puebla,Sucursal Centro,Efectivo
147,2024-07-15,Labial,Belleza,105.41,18,Valentina Cruz,Tijuana,Sucursal Centro,Efectivo
148,2025-08-01,USB Flash Drive,Electrónica,84.36,2,Rosa Ávila,Guadalajara,Sucursal Centro,Tarjeta de Débito
149,2025-05-06,Laptop,Electrónica,10783.09,1,Eduardo Jiménez,Monterrey,Sucursal Norte,Transferencia
150,2024-11-09,Guantes de Box,Deportes,752.75,17,Lucía Ramos,Mérida,Sucursal Norte,Tarjeta de Crédito
151,2024-06-24,Camiseta,Ropa,249.69,8,Óscar Ríos,León,Sucursal Norte,Tarjeta de Débito
152,2025-06-08,Jugo,Alimentos,35.07,17,Elena Delgado,Ciudad de México,Sucursal Norte,Tarjeta de Débito
153,2025-06-23,Sudadera,Ropa,255.5,18,Marco Sánchez,Mérida,Sucursal Norte,Efectivo
154,2025-10-26,Zapatos Deportivos,Deportes,1761.51,15,Felipe Núñez,Monterrey,Sucursal Norte,Efectivo
155,2025-07-28,Toalla,Hogar,187.61,18,Rebeca Campos,Puebla,Sucursal Centro,Efectivo
156,2024-08-09,Agua,Alimentos,15.5,13,Ramón Ortega,Mérida,Sucursal Centro,Tarjeta de Débito
157,2025-01-08,Bolígrafo,Papelería,40.28,13,Ana García,Puebla,Sucursal Norte,Efectivo
158,2025-10-16,Agua,Alimentos,34.41,13,Carlos López,Monterrey,Sucursal Norte,Efectivo
159,2024-11-12,Rompecabezas,Juguetes,207.23,10,Fernando Flores,Puebla,Sucursal Norte,Efectivo
160,2025-07-26,Almohada,Hogar,202.34,15,Alicia Ponce,Mérida,Sucursal Centro,Tarjeta de Crédito
161,2025-03-22,Colchoneta,Deportes,892.45,15,Isabel Ramírez,Guadalajara,Sucursal Norte,Tarjeta de Débito
162,2024-02-01,Chocolate,Alimentos,40.91,8,Camila Díaz,Monterrey,Sucursal Centro,Transferencia
163,2024-09-25,Crema Facial,Belleza,168.47,13,Rebeca Campos,Monterrey,Sucursal Sur,Transferencia
164,2025-05-28,Sudadera,Ropa,533.23,9,Ana García,León,Sucursal Centro,Tarjeta de Crédito
165,2025-05-13,Detergente,Hogar,144.35,5,Arturo Navarro,Puebla,Sucursal Centro,Transferencia
166,2024-08-03,Perfume,Belleza,1417.91,8,Arturo Navarro,León,Sucursal Centro,Tarjeta de Crédito
167,2024-01-31,Perfume,Belleza,993.34,14,Patricia Muñoz,León,Sucursal Centro,Transferencia
168,2025-12-20,Pantalón,Ropa,581.49,12,Sofía Pérez,Tijuana,Sucursal Norte,Efectivo
169,2025-04-01,Pantalón,Ropa,700.23,7,Carlos López,Monterrey,Sucursal Norte,Tarjeta de Crédito
170,2025-01-16,Gorra,Ropa,247.55,20,Manuel Bravo,Tijuana,Sucursal Norte,Tarjeta de Crédito
171,2024-07-28,Marcadores,Papelería,42.01,5,Roberto Reyes,León,Sucursal Centro,Tarjeta de Crédito
172,2025-11-22,Calcetines,Ropa,82.63,19,Felipe Núñez,Guadalajara,Sucursal Norte,Transferencia
173,2024-04-16,Colchoneta,Deportes,435.31,6,Camila Díaz,Monterrey,Sucursal Norte,Efectivo
174,2025-06-30,Gorra,Ropa,158.19,19,Ximena Paredes,Mérida,Sucursal Norte,Transferencia
175,2024-05-02,Grapadora,Papelería,93.84,11,Felipe Núñez,León,Sucursal Centro,Efectivo
176,2025-06-29,Zapatos Deportivos,Deportes,1106.78,11,Guillermo León,Puebla,Sucursal Centro,Tarjeta de Crédito
177,2024-08-24,Almohada,Hogar,288.24,1,Sandra Peña,Tijuana,Sucursal Centro,Efectivo
178,2024-07-15,Camiseta,Ropa,341.6,16,Jorge Romero,León,Sucursal Norte,Tarjeta de Crédito
179,2024-03-16,Camiseta,Ropa,168.02,12,Elena Delgado,Mérida,Sucursal Centro,Transferencia
180,2024-10-31,Crema Facial,Belleza,158.02,8,Verónica Aguilar,Puebla,Sucursal Norte,Transferencia
181,2024-04-02,Cuaderno,Papelería,68.04,12,Miguel González,Tijuana,Sucursal Centro,Transferencia
182,2024-04-16,Lámpara,Hogar,477.28,3,Ximena Paredes,Mérida,Sucursal Norte,Transferencia
183,2024-02-10,Shampoo,Belleza,92.85,3,Patricia Muñoz,Ciudad de México,Sucursal Sur,Efectivo
184,2025-09-28,Camiseta,Ropa,211.24,14,Ignacio Miranda,Mérida,Sucursal Norte,Efectivo
185,2024-04-18,Toalla,Hogar,141.9,20,Alejandra Morales,León,Sucursal Norte,Tarjeta de Débito
186,2024-09-03,Lámpara,Hogar,603.22,3,Alejandra Morales,León,Sucursal Norte,Tarjeta de Débito
187,2025-12-13,Marcadores,Papelería,86.9,19,Rosa Ávila,Puebla,Sucursal Norte,Transferencia
188,2025-01-17,Cuaderno,Papelería,68.46,14,Miguel González,Guadalajara,Sucursal Sur,Tarjeta de Débito
189,2024-07-02,Teclado,Electrónica,676.18,19,Jorge Romero,León,Sucursal Norte,Tarjeta de Débito
190,2025-01-16,Lámpara,Hogar,380.58,20,Beatriz Rojas,Ciudad de México,Sucursal Centro,Efectivo
191,2024-08-24,Carro de Juguete,Juguetes,252.88,2,Daniela Herrera,Guadalajara,Sucursal Sur,Transferencia
192,2025-10-06,Detergente,Hogar,141.11,8,Natalia Ruiz,Ciudad de México,Sucursal Sur,Efectivo
193,2024-02-11,Carro de Juguete,Juguetes,302.38,8,Paola Mendoza,Monterrey,Sucursal Centro,Transferencia
194,2024-04-15,Pantalón,Ropa,709.43,2,Ximena Paredes,Tijuana,Sucursal Centro,Transferencia
195,2025-10-20,Detergente,Hogar,142.87,12,Carlos López,Monterrey,Sucursal Norte,Efectivo
196,2025-03-30,Camiseta,Ropa,393.4,9,Mónica Ibáñez,Puebla,Sucursal Centro,Efectivo
197,2025-01-11,Agua,Alimentos,28.2,9,Daniela Herrera,Mérida,Sucursal Centro,Efectivo
198,2025-05-02,Bloques Didácticos,Juguetes,238.14,2,Verónica Aguilar,Monterrey,Sucursal Centro,Tarjeta de Débito
199,2024-12-25,Lámpara,Hogar,714.25,18,Patricia Muñoz,Tijuana,Sucursal Norte,Tarjeta de Débito
200,2024-03-28,Chocolate,Alimentos,73.39,3,Mónica Ibáñez,Tijuana,Sucursal Centro,Transferencia
201,2025-06-06,Camiseta,Ropa,191.45,2,Julio Cortez,Puebla,Sucursal Norte,Tarjeta de Crédito
202,2025-03-16,Labial,Belleza,170.03,2,Miguel González,Ciudad de México,Sucursal Sur,Tarjeta de Crédito
203,2024-12-09,Rompecabezas,Juguetes,312.63,15,Sofía Pérez,Tijuana,Sucursal Norte,Tarjeta de Débito
204,2024-01-21,Labial,Belleza,130.09,5,Sergio Gutiérrez,Ciudad de México,Sucursal Sur,Tarjeta de Débito
205,2025-04-11,Detergente,Hogar,89.6,6,David Torres,Tijuana,Sucursal Norte,Tarjeta de Débito
206,2024-03-27,Calcetines,Ropa,33.46,16,Juan Cervantes,Puebla,Sucursal Norte,Transferencia
207,2024-01-10,Guantes de Box,Deportes,582.21,16,Enrique Guerrero,Monterrey,Sucursal Sur,Transferencia
208,2025-10-19,Lámpara,Hogar,770.49,9,José Rodríguez,Puebla,Sucursal Norte,Efectivo
209,2025-10-03,Labial,Belleza,196.71,11,Víctor Salinas,Monterrey,Sucursal Centro,Transferencia
210,2025-06-03,Pantalón,Ropa,772.2,17,María Martínez,Mérida,Sucursal Centro,Efectivo
211,2025-08-23,Lámpara,Hogar,586.24,13,Alejandra Morales,León,Sucursal Centro,Efectivo
212,2025-12-22,Folder,Papelería,54.02,4,Tomás Vega,León,Sucursal Norte,Transferencia
213,2024-02-21,Café,Alimentos,236.3,10,Ramón Ortega,Puebla,Sucursal Norte,Tarjeta de Débito
214,2025-09-27,Grapadora,Papelería,96.49,20,David Torres,Tijuana,Sucursal Centro,Efectivo
215,2024-07-23,Shampoo,Belleza,180.53,13,Pablo Álvarez,Mérida,Sucursal Centro,Tarjeta de Crédito
216,2024-10-27,Folder,Papelería,56.25,9,Ana García,Mérida,Sucursal Norte,Tarjeta de Débito
217,2025-02-17,Chocolate,Alimentos,93.28,20,Víctor Salinas,Tijuana,Sucursal Centro,Efectivo
218,2025-09-25,Zapatos Deportivos,Deportes,2247.95,5,Víctor Salinas,Monterrey,Sucursal Norte,Tarjeta de Crédito
219,2025-10-17,Agua,Alimentos,23.7,6,Ana García,Ciudad de México,Sucursal Centro,Tarjeta de Crédito
220,2024-09-09,Labial,Belleza,66.71,12,Fernanda Luna,Ciudad de México,Sucursal Norte,Tarjeta de Débito
221,2025-01-19,Almohada,Hogar,208.11,11,Alberto Varela,Puebla,Sucursal Norte,Efectivo
222,2025-03-19,Folder,Papelería,38.31,2,Ximena Paredes,Guadalajara,Sucursal Sur,Efectivo
223,2025-09-14,Crema Facial,Belleza,217.59,9,Cecilia Trujillo,Guadalajara,Sucursal Centro,Tarjeta de Débito
224,2025-11-13,Muñeca,Juguetes,208.66,17,Fernanda Luna,Puebla,Sucursal Centro,Transferencia
225,2025-05-23,Lámpara,Hogar,679.7,7,Patricia Muñoz,Puebla,Sucursal Centro,Efectivo
226,2025-04-24,Tijeras,Papelería,58.16,5,Adriana Molina,Ciudad de México,Sucursal Norte,Tarjeta de Crédito
227,2024-06-02,Rompecabezas,Juguetes,220.15,7,Arturo Navarro,León,Sucursal Norte,Transferencia
228,2025-04-02,Esmalte,Belleza,75.7,1,Guillermo León,Mérida,Sucursal Norte,Transferencia
229,2024-08-10,Bolígrafo,Papelería,14.75,8,Mariana Medina,León,Sucursal Centro,Efectivo
230,2024-12-02,Shampoo,Belleza,162.41,16,Beatriz Rojas,Puebla,Sucursal Centro,Efectivo
231,2024-10-02,Crema Facial,Belleza,344.51,6,Ramón Ortega,Mérida,Sucursal Norte,Tarjeta de Crédito
232,2025-07-27,Rompecabezas,Juguetes,304.4,11,Paola Mendoza,Ciudad de México,Sucursal Sur,Transferencia
233,2025-06-23,Galletas,Alimentos,52.45,4,Valentina Cruz,Puebla,Sucursal Norte,Tarjeta de Débito
234,2024-08-27,Labial,Belleza,167.51,20,Enrique Guerrero,Puebla,Sucursal Norte,Efectivo
235,2025-07-05,Lámpara,Hogar,234.07,10,Cecilia Trujillo,Ciudad de México,Sucursal Sur,Efectivo
236,2025-07-31,Folder,Papelería,58.67,5,Alberto Varela,Mérida,Sucursal Centro,Tarjeta de Crédito
237,2024-09-04,Tijeras,Papelería,35.55,11,Ignacio Miranda,León,Sucursal Norte,Transferencia
238,2025-06-26,Gorra,Ropa,117.5,9,Sandra Peña,Monterrey,Sucursal Norte,Tarjeta de Crédito
239,2024-12-27,Café,Alimentos,86.42,13,Diego Cabrera,Tijuana,Sucursal Norte,Tarjeta de Débito
240,2025-04-16,Almohada,Hogar,303.75,18,Natalia Ruiz,Puebla,Sucursal Centro,Transferencia
241,2025-11-13,Folder,Papelería,55.78,4,Héctor Soto,Mérida,Sucursal Norte,Tarjeta de Crédito
242,2025-07-05,Pantalón,Ropa,473.68,14,Diego Cabrera,Monterrey,Sucursal Sur,Efectivo
243,2024-10-07,Pelota de Fútbol,Deportes,344.19,18,Rebeca Campos,Ciudad de México,Sucursal Sur,Tarjeta de Débito
244,2024-03-06,Bloques Didácticos,Juguetes,215.41,19,Paola Mendoza,Monterrey,Sucursal Centro,Efectivo
245,2025-02-21,Toalla,Hogar,127.72,19,Verónica Aguilar,Guadalajara,Sucursal Sur,Transferencia
246,2025-02-22,Pelota de Fútbol,Deportes,561.82,16,Pablo Álvarez,Guadalajara,Sucursal Centro,Transferencia
247,2024-03-19,Shampoo,Belleza,122.17,9,Ana García,Mérida,Sucursal Centro,Tarjeta de Débito
248,2024-01-11,Calcetines,Ropa,32.69,16,Renata Suárez,Ciudad de México,Sucursal Norte,Efectivo
249,2025-01-23,Detergente,Hogar,129.1,5,Beatriz Rojas,Guadalajara,Sucursal Norte,Efectivo
250,2025-11-15,Carro de Juguete,Juguetes,201.97,20,Lucía Ramos,Puebla,Sucursal Norte,Tarjeta de Crédito
251,2025-01-24,Mouse,Electrónica,187.35,8,Mónica Ibáñez,Guadalajara,Sucursal Norte,Tarjeta de Crédito
252,2025-11-04,Lámpara,Hogar,240.9,18,Cecilia Trujillo,León,Sucursal Norte,Tarjeta de Crédito
253,2024-03-20,Labial,Belleza,137.78,2,Verónica Aguilar,Ciudad de México,Sucursal Sur,Tarjeta de Débito
254,2024-08-25,Sudadera,Ropa,449.25,13,Alicia Ponce,Tijuana,Sucursal Norte,Transferencia
255,2025-05-03,Café,Alimentos,202.94,18,Enrique Guerrero,Tijuana,Sucursal Centro,Efectivo
256,2024-01-19,Sudadera,Ropa,409.09,5,Pablo Álvarez,Puebla,Sucursal Centro,Tarjeta de Crédito
257,2025-08-13,Crema Facial,Belleza,399.43,14,María Martínez,Mérida,Sucursal Norte,Transferencia
258,2025-04-26,Esmalte,Belleza,106.53,9,Andrés Vargas,Tijuana,Sucursal Norte,Efectivo
259,2025-12-14,Almohada,Hogar,331.9,7,Silvia Fuentes,Mérida,Sucursal Norte,Tarjeta de Crédito
260,2024-10-12,Auriculares,Electrónica,1294.75,17,Diego Cabrera,Mérida,Sucursal Norte,Transferencia
261,2024-09-10,Shampoo,Belleza,100.36,13,Eduardo Jiménez,Guadalajara,Sucursal Norte,Transferencia
262,2024-09-27,Crema Facial,Belleza,354.68,6,Carlos López,León,Sucursal Centro,Transferencia
263,2025-08-11,Carro de Juguete,Juguetes,459.55,14,Ximena Paredes,Puebla,Sucursal Norte,Transferencia
264,2024-09-26,Agua,Alimentos,16.46,1,Paola Mendoza,Guadalajara,Sucursal Centro,Transferencia
265,2025-12-13,Tijeras,Papelería,76.84,19,Carolina Castro,Puebla,Sucursal Centro,Tarjeta de Débito
266,2025-11-12,Chocolate,Alimentos,63.58,8,Víctor Salinas,León,Sucursal Norte,Efectivo
267,2025-03-19,Auriculares,Electrónica,796.51,7,Marco Sánchez,Monterrey,Sucursal Sur,Tarjeta de Débito
268,2024-09-16,Teclado,Electrónica,227.46,11,Manuel Bravo,Ciudad de México,Sucursal Sur,Efectivo
269,2025-07-06,Esmalte,Belleza,42.04,5,Rosa Ávila,Guadalajara,Sucursal Sur,Tarjeta de Crédito
270,2024-04-01,USB Flash Drive,Electrónica,154.04,9,Víctor Salinas,Puebla,Sucursal Centro,Tarjeta de Crédito
271,2024-03-11,Carro de Juguete,Juguetes,324.06,13,Patricia Muñoz,Mérida,Sucursal Norte,Tarjeta de Crédito
272,2025-11-02,Camiseta,Ropa,281.84,1,Elena Delgado,Puebla,Sucursal Norte,Transferencia
273,2025-08-17,Calcetines,Ropa,48.95,4,Felipe Núñez,Tijuana,Sucursal Norte,Transferencia
274,2025-05-28,Gorra,Ropa,145.88,2,Tomás Vega,Mérida,Sucursal Centro,Transferencia
275,2025-08-06,Mouse,Electrónica,208.72,13,Felipe Núñez,Tijuana,Sucursal Centro,Efectivo
276,2024-02-21,Folder,Papelería,22.34,13,Paola Mendoza,Puebla,Sucursal Norte,Transferencia
277,2024-06-14,Lámpara,Hogar,204.9,15,Sergio Gutiérrez,Mérida,Sucursal Norte,Efectivo
278,2024-04-06,Chocolate,Alimentos,94.08,8,Beatriz Rojas,Ciudad de México,Sucursal Centro,Tarjeta de Crédito
279,2025-12-20,Chocolate,Alimentos,88.78,4,Mariana Medina,Puebla,Sucursal Centro,Efectivo
280,2024-07-23,Cuaderno,Papelería,95.23,1,Carolina Castro,Monterrey,Sucursal Centro,Transferencia
281,2025-01-02,Carro de Juguete,Juguetes,242.93,14,María Martínez,León,Sucursal Norte,Efectivo
282,2024-10-10,Grapadora,Papelería,131.44,15,Alicia Ponce,Puebla,Sucursal Centro,Transferencia
283,2025-02-06,Guantes de Box,Deportes,979.62,18,Mariana Medina,Tijuana,Sucursal Centro,Tarjeta de Crédito
284,2024-11-06,USB Flash Drive,Electrónica,216.55,5,Marco Sánchez,León,Sucursal Norte,Efectivo
285,2024-08-30,Mouse,Electrónica,173.26,20,Héctor Soto,Monterrey,Sucursal Sur,Efectivo
286,2025-07-21,Colchoneta,Deportes,745.49,15,Felipe Núñez,Tijuana,Sucursal Centro,Tarjeta de Débito
287,2025-01-14,Sudadera,Ropa,358.95,13,Eduardo Jiménez,Mérida,Sucursal Centro,Efectivo
288,2024-03-21,Marcadores,Papelería,149.06,12,Alejandra Morales,Tijuana,Sucursal Centro,Efectivo
289,2024-07-21,Labial,Belleza,92.78,10,Héctor Soto,Ciudad de México,Sucursal Norte,Tarjeta de Débito
290,2025-11-02,Jugo,Alimentos,54.88,11,Gabriela Moreno,Ciudad de México,Sucursal Sur,Efectivo
291,2025-10-23,Galletas,Alimentos,75.43,17,Enrique Guerrero,Puebla,Sucursal Norte,Transferencia
292,2024-09-25,Cargador,Electrónica,295.98,13,Sebastián Fuentes,Guadalajara,Sucursal Norte,Efectivo
293,2025-10-07,Guantes de Box,Deportes,646.48,19,Juan Cervantes,Ciudad de México,Sucursal Norte,Efectivo
294,2024-10-04,Shampoo,Belleza,96.78,20,Felipe Núñez,Mérida,Sucursal Norte,Tarjeta de Crédito
295,2025-10-04,Camiseta,Ropa,295.35,4,Ana García,Guadalajara,Sucursal Sur,Tarjeta de Débito
296,2024-05-05,Mouse,Electrónica,202.77,14,Beatriz Rojas,León,Sucursal Norte,Efectivo
297,2025-11-19,Camiseta,Ropa,227.69,16,Adriana Molina,Tijuana,Sucursal Centro,Efectivo
298,2024-05-30,Lámpara,Hogar,735.07,11,Camila Díaz,Monterrey,Sucursal Norte,Efectivo
299,2024-08-09,Agua,Alimentos,24.77,20,Verónica Aguilar,León,Sucursal Centro,Transferencia
300,2025-02-16,Perfume,Belleza,965.7,1,Arturo Navarro,Puebla,Sucursal Norte,Tarjeta de Crédito
301,2025-01-16,Muñeca,Juguetes,395.0,2,Eduardo Jiménez,Tijuana,Sucursal Norte,Efectivo
302,2024-02-27,Toalla,Hogar,210.67,10,Ana García,Guadalajara,Sucursal Norte,Tarjeta de Crédito
303,2024-06-08,Carro de Juguete,Juguetes,190.94,1,Beatriz Rojas,León,Sucursal Centro,Transferencia
304,2024-09-12,Lámpara,Hogar,476.94,12,Ricardo Castillo,Mérida,Sucursal Norte,Tarjeta de Crédito
305,2024-07-31,Camiseta,Ropa,321.92,3,Pablo Álvarez,León,Sucursal Norte,Efectivo
306,2024-11-11,Rompecabezas,Juguetes,363.77,12,Pablo Álvarez,Ciudad de México,Sucursal Centro,Tarjeta de Crédito
307,2025-12-03,Chocolate,Alimentos,92.94,3,Roberto Reyes,Monterrey,Sucursal Centro,Tarjeta de Crédito
308,2025-05-09,Guantes de Box,Deportes,1066.6,19,María Martínez,Mérida,Sucursal Norte,Transferencia
309,2025-11-27,Almohada,Hogar,388.1,4,Sergio Gutiérrez,Ciudad de México,Sucursal Centro,Tarjeta de Crédito
310,2024-02-19,Esmalte,Belleza,31.01,13,Alejandra Morales,Tijuana,Sucursal Norte,Efectivo
311,2024-11-24,Agua,Alimentos,15.41,16,Laura Hernández,Monterrey,Sucursal Sur,Transferencia
312,2025-11-25,Tijeras,Papelería,25.37,4,Carlos López,Mérida,Sucursal Centro,Efectivo
313,2025-12-23,Crema Facial,Belleza,296.52,5,Patricia Muñoz,Guadalajara,Sucursal Sur,Efectivo
314,2024-07-05,Cuaderno,Papelería,74.93,2,Rebeca Campos,Puebla,Sucursal Centro,Tarjeta de Crédito
315,2024-10-20,Bloques Didácticos,Juguetes,294.64,10,Mónica Ibáñez,León,Sucursal Centro,Tarjeta de Crédito
316,2024-07-09,Pantalón,Ropa,419.99,15,José Rodríguez,Guadalajara,Sucursal Norte,Tarjeta de Débito
317,2024-07-27,Muñeca,Juguetes,403.68,6,Adriana Molina,Ciudad de México,Sucursal Centro,Tarjeta de Débito
318,2025-12-20,Bloques Didácticos,Juguetes,192.94,2,Marco Sánchez,Mérida,Sucursal Centro,Efectivo
319,2024-07-10,Detergente,Hogar,109.8,8,Ignacio Miranda,Guadalajara,Sucursal Norte,Transferencia
320,2025-10-21,Guantes de Box,Deportes,477.05,9,Eduardo Jiménez,Ciudad de México,Sucursal Centro,Tarjeta de Crédito
321,2025-11-19,Labial,Belleza,105.28,8,Ximena Paredes,Mérida,Sucursal Norte,Efectivo
322,2025-10-12,Shampoo,Belleza,131.92,10,Patricia Muñoz,Guadalajara,Sucursal Centro,Efectivo
323,2025-01-02,Camiseta,Ropa,386.77,13,Manuel Bravo,Monterrey,Sucursal Sur,Tarjeta de Débito
324,2025-12-06,Esmalte,Belleza,97.01,13,Alberto Varela,Tijuana,Sucursal Centro,Efectivo
325,2025-10-19,Bloques Didácticos,Juguetes,277.44,8,Luis Espinoza,León,Sucursal Norte,Tarjeta de Crédito
326,2024-07-18,Shampoo,Belleza,126.82,1,Silvia Fuentes,Ciudad de México,Sucursal Centro,Tarjeta de Débito
327,2025-06-13,Folder,Papelería,45.59,3,Alicia Ponce,León,Sucursal Centro,Efectivo
328,2024-04-09,Bolígrafo,Papelería,22.27,15,Sandra Peña,Tijuana,Sucursal Centro,Tarjeta de Crédito
329,2024-03-08,Muñeca,Juguetes,301.65,2,Silvia Fuentes,Puebla,Sucursal Norte,Efectivo
330,2025-05-15,Pantalón,Ropa,722.58,18,Cecilia Trujillo,Monterrey,Sucursal Norte,Efectivo
331,2025-09-21,Zapatos Deportivos,Deportes,1155.65,3,Roberto Reyes,Puebla,Sucursal Norte,Efectivo
332,2025-04-13,Lámpara,Hogar,200.16,9,Daniela Herrera,Guadalajara,Sucursal Centro,Efectivo
333,2025-12-05,Crema Facial,Belleza,327.56,11,Fernanda Luna,Guadalajara,Sucursal Sur,Efectivo
334,2024-01-26,Guantes de Box,Deportes,925.93,19,Víctor Salinas,Mérida,Sucursal Norte,Tarjeta de Crédito
335,2024-01-27,Carro de Juguete,Juguetes,205.94,8,Rosa Ávila,León,Sucursal Norte,Efectivo
336,2025-06-10,Pantalón,Ropa,333.33,11,Andrés Vargas,Monterrey,Sucursal Norte,Tarjeta de Débito
337,2025-12-10,Muñeca,Juguetes,420.91,15,Jorge Romero,Mérida,Sucursal Centro,Transferencia
338,2025-08-31,Gorra,Ropa,124.09,15,Laura Hernández,Monterrey,Sucursal Sur,Transferencia
339,2024-01-22,Galletas,Alimentos,41.83,15,Silvia Fuentes,Mérida,Sucursal Centro,Tarjeta de Crédito
340,2024-07-28,Jugo,Alimentos,34.91,6,Andrés Vargas,Tijuana,Sucursal Norte,Tarjeta de Débito
341,2025-04-06,Guantes de Box,Deportes,1163.4,8,Diego Cabrera,Ciudad de México,Sucursal Sur,Transferencia
342,2025-04-30,Perfume,Belleza,1062.19,10,Adriana Molina,Tijuana,Sucursal Norte,Tarjeta de Débito
343,2024-03-15,Carro de Juguete,Juguetes,416.27,18,Silvia Fuentes,Monterrey,Sucursal Norte,Tarjeta de Débito
344,2024-03-29,Perfume,Belleza,350.76,8,Lucía Ramos,Monterrey,Sucursal Sur,Efectivo
345,2024-04-02,Toalla,Hogar,248.79,1,Diego Cabrera,Monterrey,Sucursal Centro,Transferencia
346,2024-09-13,Rompecabezas,Juguetes,256.03,14,Daniela Herrera,Ciudad de México,Sucursal Norte,Tarjeta de Débito
347,2024-12-21,Detergente,Hogar,108.06,10,Eduardo Jiménez,Tijuana,Sucursal Centro,Tarjeta de Débito
348,2024-12-24,Muñeca,Juguetes,543.71,13,David Torres,Guadalajara,Sucursal Norte,Tarjeta de Débito
349,2024-11-18,Pantalón,Ropa,726.88,19,Ana García,Puebla,Sucursal Norte,Tarjeta de Crédito
350,2025-09-04,Lámpara,Hogar,769.77,5,Silvia Fuentes,León,Sucursal Centro,Efectivo
351,2024-08-05,Almohada,Hogar,396.0,10,Verónica Aguilar,Puebla,Sucursal Norte,Tarjeta de Crédito
352,2025-03-02,Detergente,Hogar,87.89,10,Juan Cervantes,Ciudad de México,Sucursal Norte,Tarjeta de Débito
353,2025-04-05,Calcetines,Ropa,78.31,19,Valentina Cruz,Mérida,Sucursal Centro,Transferencia
354,2025-08-16,Monitor,Electrónica,3783.15,20,Tomás Vega,León,Sucursal Centro,Tarjeta de Crédito
355,2025-06-26,Gorra,Ropa,91.53,3,Gabriela Moreno,León,Sucursal Norte,Transferencia
356,2024-01-15,Colchoneta,Deportes,730.2,1,Beatriz Rojas,Tijuana,Sucursal Norte,Tarjeta de Débito
357,2025-05-16,Galletas,Alimentos,46.31,1,Juan Cervantes,Ciudad de México,Sucursal Centro,Tarjeta de Débito
358,2025-01-20,Folder,Papelería,55.91,17,Marco Sánchez,Tijuana,Sucursal Norte,Tarjeta de Crédito
359,2025-04-26,Zapatos Deportivos,Deportes,1779.31,11,Ramón Ortega,Monterrey,Sucursal Norte,Transferencia
360,2024-08-07,Tijeras,Papelería,65.44,5,Óscar Ríos,León,Sucursal Norte,Transferencia
361,2025-04-16,Detergente,Hogar,142.58,14,Mariana Medina,León,Sucursal Norte,Tarjeta de Crédito
362,2025-11-27,Camiseta,Ropa,186.45,10,Beatriz Rojas,Ciudad de México,Sucursal Centro,Tarjeta de Crédito
363,2025-02-13,Crema Facial,Belleza,444.77,16,Héctor Soto,Guadalajara,Sucursal Norte,Efectivo
364,2025-08-04,Carro de Juguete,Juguetes,329.58,9,Ignacio Miranda,Guadalajara,Sucursal Sur,Tarjeta de Débito
365,2024-11-03,Folder,Papelería,39.92,5,Sandra Peña,Monterrey,Sucursal Centro,Efectivo
366,2025-03-05,Guantes de Box,Deportes,650.64,5,Diego Cabrera,Ciudad de México,Sucursal Sur,Tarjeta de Débito
367,2024-01-14,Toalla,Hogar,181.52,14,David Torres,Mérida,Sucursal Centro,Efectivo
368,2025-09-03,Calcetines,Ropa,79.51,1,Roberto Reyes,Puebla,Sucursal Centro,Efectivo
369,2025-10-01,Monitor,Electrónica,6567.57,1,Gabriela Moreno,Monterrey,Sucursal Norte,Tarjeta de Crédito
370,2025-03-24,Café,Alimentos,220.44,2,Sebastián Fuentes,Ciudad de México,Sucursal Sur,Tarjeta de Crédito
371,2025-06-21,Esmalte,Belleza,78.7,6,Miguel González,Guadalajara,Sucursal Sur,Transferencia
372,2025-11-05,Folder,Papelería,28.05,20,Ana García,Monterrey,Sucursal Centro,Transferencia
373,2024-04-22,Jugo,Alimentos,46.82,7,Diego Cabrera,León,Sucursal Centro,Tarjeta de Débito
374,2025-11-29,Toalla,Hogar,132.74,7,Alicia Ponce,Monterrey,Sucursal Centro,Efectivo
375,2024-04-12,Bloques Didácticos,Juguetes,339.39,2,Manuel Bravo,León,Sucursal Norte,Tarjeta de Débito
376,2024-09-30,Rompecabezas,Juguetes,367.34,6,Renata Suárez,Ciudad de México,Sucursal Centro,Efectivo
377,2024-07-13,Muñeca,Juguetes,249.38,19,María Martínez,Puebla,Sucursal Norte,Tarjeta de Débito
378,2025-11-01,Calcetines,Ropa,53.02,6,Cecilia Trujillo,Puebla,Sucursal Norte,Transferencia
379,2025-09-05,Cuaderno,Papelería,93.08,18,Silvia Fuentes,Mérida,Sucursal Norte,Tarjeta de Crédito
380,2024-11-03,Agua,Alimentos,30.34,10,Felipe Núñez,Tijuana,Sucursal Centro,Transferencia
381,2024-05-11,Café,Alimentos,135.72,10,Elena Delgado,Mérida,Sucursal Norte,Transferencia
382,2025-03-21,Zapatos Deportivos,Deportes,2402.24,10,Valentina Cruz,León,Sucursal Norte,Tarjeta de Débito
383,2024-04-17,Crema Facial,Belleza,205.86,2,Diego Cabrera,Tijuana,Sucursal Norte,Tarjeta de Débito
384,2025-06-19,Agua,Alimentos,28.09,14,Carlos López,Puebla,Sucursal Norte,Tarjeta de Débito
385,2024-08-25,Mouse,Electrónica,251.58,5,Miguel González,Guadalajara,Sucursal Centro,Tarjeta de Crédito
386,2024-11-23,Camiseta,Ropa,151.87,14,Rebeca Campos,Monterrey,Sucursal Sur,Tarjeta de Débito
387,2024-06-10,Sudadera,Ropa,573.51,6,Arturo Navarro,Puebla,Sucursal Centro,Transferencia
388,2024-12-06,Pelota de Fútbol,Deportes,288.38,10,Mónica Ibáñez,Tijuana,Sucursal Centro,Transferencia
389,2024-09-25,Mouse,Electrónica,456.42,7,Guillermo León,León,Sucursal Norte,Efectivo
390,2025-11-23,Zapatos Deportivos,Deportes,1780.75,8,Ramón Ortega,León,Sucursal Norte,Efectivo
391,2024-07-09,USB Flash Drive,Electrónica,181.58,19,Mónica Ibáñez,Ciudad de México,Sucursal Centro,Tarjeta de Crédito
392,2025-12-19,Zapatos Deportivos,Deportes,2382.58,4,Héctor Soto,Guadalajara,Sucursal Centro,Transferencia
393,2024-03-08,Sudadera,Ropa,507.85,16,Rosa Ávila,Guadalajara,Sucursal Centro,Tarjeta de Débito
394,2024-09-08,Toalla,Hogar,155.18,9,David Torres,Monterrey,Sucursal Norte,Tarjeta de Débito
395,2025-01-25,Pelota de Fútbol,Deportes,358.38,12,Ricardo Castillo,Puebla,Sucursal Centro,Tarjeta de Débito
396,2025-04-19,Crema Facial,Belleza,242.11,4,Pablo Álvarez,Guadalajara,Sucursal Norte,Efectivo
397,2024-03-06,Gorra,Ropa,244.27,10,Alicia Ponce,Tijuana,Sucursal Norte,Transferencia
398,2024-12-20,Grapadora,Papelería,146.45,2,Eduardo Jiménez,Guadalajara,Sucursal Centro,Transferencia
399,2024-01-13,Carro de Juguete,Juguetes,445.52,4,Ramón Ortega,Monterrey,Sucursal Norte,Tarjeta de Crédito
400,2024-10-06,Almohada,Hogar,170.61,14,Mariana Medina,Tijuana,Sucursal Norte,Tarjeta de Débito
401,2024-11-18,Muñeca,Juguetes,334.01,17,Isabel Ramírez,Puebla,Sucursal Norte,Tarjeta de Débito
402,2025-12-17,Carro de Juguete,Juguetes,470.79,10,María Martínez,Guadalajara,Sucursal Centro,Tarjeta de Débito
403,2025-11-18,Rompecabezas,Juguetes,168.25,7,Fernanda Luna,Puebla,Sucursal Centro,Transferencia
404,2025-06-20,Camiseta,Ropa,296.44,15,Julio Cortez,León,Sucursal Centro,Tarjeta de Crédito
405,2024-02-12,Gorra,Ropa,169.97,3,José Rodríguez,Mérida,Sucursal Norte,Tarjeta de Crédito
406,2024-11-18,Calcetines,Ropa,44.25,11,David Torres,Ciudad de México,Sucursal Norte,Tarjeta de Débito
407,2024-11-10,Crema Facial,Belleza,380.84,12,Sergio Gutiérrez,Tijuana,Sucursal Centro,Tarjeta de Crédito
408,2025-11-11,Pelota de Fútbol,Deportes,334.09,4,Renata Suárez,Mérida,Sucursal Centro,Efectivo
409,2024-01-09,Sudadera,Ropa,271.15,19,Daniela Herrera,León,Sucursal Centro,Tarjeta de Débito
410,2025-06-10,Colchoneta,Deportes,814.62,8,Sebastián Fuentes,Guadalajara,Sucursal Sur,Transferencia
411,2025-10-01,Lámpara,Hogar,220.52,1,Ximena Paredes,Mérida,Sucursal Norte,Efectivo
412,2025-05-13,Muñeca,Juguetes,557.33,15,Miguel González,Monterrey,Sucursal Centro,Efectivo
413,2025-02-07,Agua,Alimentos,21.13,13,Sebastián Fuentes,Ciudad de México,Sucursal Centro,Tarjeta de Crédito
414,2024-05-08,Grapadora,Papelería,170.01,1,Beatriz Rojas,León,Sucursal Centro,Tarjeta de Crédito
415,2024-12-09,Grapadora,Papelería,156.71,7,Guillermo León,Guadalajara,Sucursal Norte,Tarjeta de Crédito
416,2025-09-23,Folder,Papelería,34.01,16,Alicia Ponce,Guadalajara,Sucursal Sur,Tarjeta de Débito
417,2024-11-16,Colchoneta,Deportes,784.82,15,Elena Delgado,Guadalajara,Sucursal Sur,Transferencia
418,2024-02-24,Crema Facial,Belleza,250.11,17,Camila Díaz,Tijuana,Sucursal Norte,Tarjeta de Crédito
419,2024-11-15,Café,Alimentos,84.82,18,José Rodríguez,Ciudad de México,Sucursal Norte,Efectivo
420,2025-09-16,Agua,Alimentos,22.09,8,Eduardo Jiménez,Ciudad de México,Sucursal Sur,Tarjeta de Crédito
421,2024-12-09,Calcetines,Ropa,76.57,17,Andrés Vargas,Guadalajara,Sucursal Sur,Transferencia
422,2024-07-19,Toalla,Hogar,229.48,8,Sergio Gutiérrez,Monterrey,Sucursal Centro,Tarjeta de Crédito
423,2024-09-17,Pantalón,Ropa,576.43,1,Víctor Salinas,León,Sucursal Centro,Efectivo
424,2024-06-10,Galletas,Alimentos,48.22,6,Pablo Álvarez,Guadalajara,Sucursal Centro,Transferencia
425,2024-09-16,Sudadera,Ropa,489.21,6,Eduardo Jiménez,Ciudad de México,Sucursal Centro,Tarjeta de Débito
426,2024-06-29,Monitor,Electrónica,7394.0,5,Verónica Aguilar,León,Sucursal Centro,Transferencia
427,2025-05-15,Pelota de Fútbol,Deportes,323.34,3,Lucía Ramos,Ciudad de México,Sucursal Norte,Efectivo
428,2024-12-21,Tijeras,Papelería,55.67,4,Silvia Fuentes,León,Sucursal Norte,Tarjeta de Débito
429,2025-05-07,Auriculares,Electrónica,1159.84,10,Verónica Aguilar,Tijuana,Sucursal Norte,Tarjeta de Débito
430,2025-05-10,Laptop,Electrónica,20537.29,11,Eduardo Jiménez,Mérida,Sucursal Centro,Efectivo
431,2024-04-11,Shampoo,Belleza,161.86,10,Adriana Molina,Guadalajara,Sucursal Sur,Tarjeta de Crédito
432,2025-05-08,Folder,Papelería,42.54,18,Héctor Soto,Guadalajara,Sucursal Centro,Tarjeta de Débito
433,2024-08-26,Bolígrafo,Papelería,33.21,7,Juan Cervantes,Guadalajara,Sucursal Centro,Tarjeta de Crédito
434,2024-04-12,Calcetines,Ropa,63.96,14,Sebastián Fuentes,Monterrey,Sucursal Sur,Transferencia
435,2025-05-13,Colchoneta,Deportes,495.62,8,Julio Cortez,León,Sucursal Norte,Tarjeta de Débito
436,2025-05-15,Almohada,Hogar,251.24,6,Gabriela Moreno,Tijuana,Sucursal Centro,Efectivo
437,2024-03-12,Marcadores,Papelería,135.73,7,Natalia Ruiz,Mérida,Sucursal Centro,Tarjeta de Crédito
438,2024-06-22,Perfume,Belleza,777.33,2,Gabriela Moreno,Puebla,Sucursal Centro,Tarjeta de Débito
439,2025-04-26,Almohada,Hogar,360.98,5,Daniela Herrera,Tijuana,Sucursal Norte,Efectivo
440,2025-04-26,Agua,Alimentos,16.68,7,Natalia Ruiz,Guadalajara,Sucursal Norte,Transferencia
441,2025-03-29,Lámpara,Hogar,276.0,2,Isabel Ramírez,Ciudad de México,Sucursal Norte,Efectivo
442,2024-04-23,Zapatos Deportivos,Deportes,2308.61,3,Marco Sánchez,Puebla,Sucursal Centro,Efectivo
443,2024-07-17,Mouse,Electrónica,243.54,14,Óscar Ríos,Monterrey,Sucursal Centro,Tarjeta de Débito
444,2024-03-31,Zapatos Deportivos,Deportes,1103.55,13,Verónica Aguilar,Puebla,Sucursal Norte,Transferencia
445,2025-03-22,Perfume,Belleza,320.05,10,Laura Hernández,Guadalajara,Sucursal Sur,Transferencia
446,2024-04-04,Detergente,Hogar,83.3,3,Héctor Soto,Tijuana,Sucursal Norte,Efectivo
447,2025-10-14,Gorra,Ropa,122.4,12,Paola Mendoza,Mérida,Sucursal Norte,Efectivo
448,2025-12-13,Folder,Papelería,57.66,9,Verónica Aguilar,León,Sucursal Centro,Tarjeta de Crédito
449,2025-07-03,Crema Facial,Belleza,461.3,17,Marco Sánchez,Tijuana,Sucursal Centro,Efectivo
450,2024-10-13,Tijeras,Papelería,55.48,19,Renata Suárez,Mérida,Sucursal Centro,Tarjeta de Débito
451,2025-07-29,Jugo,Alimentos,24.58,20,Patricia Muñoz,Ciudad de México,Sucursal Norte,Transferencia
452,2025-12-10,Agua,Alimentos,15.25,9,Manuel Bravo,Monterrey,Sucursal Norte,Transferencia
453,2025-10-24,Rompecabezas,Juguetes,361.44,18,Adriana Molina,Monterrey,Sucursal Norte,Efectivo
454,2024-06-22,Bloques Didácticos,Juguetes,253.05,5,Carolina Castro,Ciudad de México,Sucursal Sur,Transferencia
455,2025-10-29,Agua,Alimentos,26.26,5,Paola Mendoza,Puebla,Sucursal Centro,Efectivo
456,2025-09-19,Zapatos Deportivos,Deportes,962.36,10,Sebastián Fuentes,León,Sucursal Norte,Tarjeta de Crédito
457,2025-11-05,Toalla,Hogar,107.42,17,Alejandra Morales,León,Sucursal Centro,Tarjeta de Débito
458,2024-07-08,Folder,Papelería,36.08,17,Alicia Ponce,Ciudad de México,Sucursal Norte,Transferencia
459,2024-09-21,Cargador,Electrónica,165.74,10,Sofía Pérez,Mérida,Sucursal Norte,Transferencia
460,2025-04-10,Auriculares,Electrónica,1567.82,19,Marco Sánchez,Tijuana,Sucursal Centro,Tarjeta de Débito
461,2025-08-25,Toalla,Hogar,194.59,11,Ignacio Miranda,Puebla,Sucursal Norte,Efectivo
462,2024-05-21,Zapatos Deportivos,Deportes,1343.97,7,Fernanda Luna,León,Sucursal Norte,Tarjeta de Débito
463,2024-12-22,Rompecabezas,Juguetes,332.43,17,María Martínez,Guadalajara,Sucursal Centro,Tarjeta de Crédito
464,2025-01-01,Folder,Papelería,35.81,10,Paola Mendoza,Ciudad de México,Sucursal Norte,Efectivo
465,2024-11-07,Muñeca,Juguetes,567.98,19,Daniela Herrera,Monterrey,Sucursal Norte,Efectivo
466,2025-10-15,Crema Facial,Belleza,265.81,13,Felipe Núñez,Puebla,Sucursal Norte,Tarjeta de Crédito
467,2024-02-03,Zapatos Deportivos,Deportes,1125.34,20,Camila Díaz,Puebla,Sucursal Centro,Transferencia
468,2024-02-23,Chocolate,Alimentos,60.34,3,Natalia Ruiz,Puebla,Sucursal Norte,Tarjeta de Débito
469,2024-04-05,Detergente,Hogar,70.56,7,Luis Espinoza,León,Sucursal Norte,Efectivo
470,2024-07-12,Jugo,Alimentos,26.44,9,David Torres,Puebla,Sucursal Centro,Transferencia
471,2024-05-12,Cargador,Electrónica,160.25,12,Julio Cortez,Puebla,Sucursal Norte,Efectivo
472,2024-09-02,Grapadora,Papelería,156.01,1,Sofía Pérez,Monterrey,Sucursal Sur,Efectivo
473,2025-07-08,Laptop,Electrónica,15447.17,12,Alejandra Morales,León,Sucursal Centro,Efectivo
474,2025-05-20,Gorra,Ropa,171.29,18,Camila Díaz,Tijuana,Sucursal Centro,Tarjeta de Débito
475,2024-09-24,Labial,Belleza,152.38,2,Eduardo Jiménez,León,Sucursal Norte,Transferencia
476,2024-11-15,Carro de Juguete,Juguetes,347.77,11,Manuel Bravo,Tijuana,Sucursal Norte,Tarjeta de Crédito
477,2024-11-19,Almohada,Hogar,312.64,17,Luis Espinoza,Ciudad de México,Sucursal Sur,Efectivo
478,2024-03-04,Perfume,Belleza,1237.8,9,Héctor Soto,León,Sucursal Norte,Tarjeta de Débito
479,2025-11-19,Guantes de Box,Deportes,868.43,2,Enrique Guerrero,León,Sucursal Norte,Tarjeta de Débito
480,2025-10-13,Toalla,Hogar,191.7,15,Daniela Herrera,Puebla,Sucursal Centro,Transferencia
481,2024-04-13,Zapatos Deportivos,Deportes,1627.1,9,Mariana Medina,Mérida,Sucursal Centro,Tarjeta de Débito
482,2024-05-24,Sudadera,Ropa,555.18,7,Rebeca Campos,Puebla,Sucursal Norte,Efectivo
483,2025-11-13,Guantes de Box,Deportes,976.96,3,Julio Cortez,Mérida,Sucursal Norte,Tarjeta de Crédito
484,2024-12-11,Sudadera,Ropa,337.52,3,Enrique Guerrero,Monterrey,Sucursal Centro,Efectivo
485,2025-01-03,Carro de Juguete,Juguetes,367.17,10,Diego Cabrera,Guadalajara,Sucursal Centro,Tarjeta de Crédito
486,2024-01-01,Auriculares,Electrónica,1091.78,3,Lucía Ramos,Puebla,Sucursal Centro,Transferencia
487,2024-03-07,Café,Alimentos,223.65,18,Rosa Ávila,Tijuana,Sucursal Norte,Tarjeta de Débito
488,2025-11-21,Tijeras,Papelería,64.12,17,Ignacio Miranda,Tijuana,Sucursal Centro,Transferencia
489,2025-07-29,Auriculares,Electrónica,1118.36,5,Fernanda Luna,León,Sucursal Norte,Tarjeta de Débito
490,2024-07-29,Pantalón,Ropa,623.51,18,Guillermo León,León,Sucursal Centro,Tarjeta de Débito
491,2024-09-14,Gorra,Ropa,217.24,6,Tomás Vega,Guadalajara,Sucursal Norte,Efectivo
492,2025-06-14,Chocolate,Alimentos,32.35,1,José Rodríguez,León,Sucursal Centro,Tarjeta de Crédito
493,2025-01-06,Muñeca,Juguetes,582.6,5,Enrique Guerrero,Ciudad de México,Sucursal Norte,Transferencia
494,2025-07-08,Pantalón,Ropa,641.92,12,Patricia Muñoz,Monterrey,Sucursal Norte,Tarjeta de Crédito
495,2024-06-06,Cargador,Electrónica,242.74,10,Alejandra Morales,Tijuana,Sucursal Centro,Efectivo
496,2024-03-23,Sudadera,Ropa,584.4,3,Roberto Reyes,Ciudad de México,Sucursal Norte,Transferencia
497,2025-11-10,Guantes de Box,Deportes,624.07,6,Jorge Romero,Guadalajara,Sucursal Centro,Transferencia
498,2024-05-02,Pantalón,Ropa,383.08,16,Sebastián Fuentes,Mérida,Sucursal Norte,Transferencia
499,2025-01-08,Rompecabezas,Juguetes,363.8,13,Andrés Vargas,Monterrey,Sucursal Norte,Transferencia
500,2025-07-07,Jugo,Alimentos,22.49,10,Ana García,Guadalajara,Sucursal Norte,Efectivo
501,2024-01-24,Gorra,Ropa,89.52,6,Ramón Ortega,Monterrey,Sucursal Norte,Transferencia
502,2024-03-02,Galletas,Alimentos,60.76,13,Laura Hernández,Monterrey,Sucursal Centro,Tarjeta de Crédito
503,2024-05-22,Detergente,Hogar,124.49,2,Daniela Herrera,León,Sucursal Norte,Tarjeta de Crédito
504,2025-05-24,Muñeca,Juguetes,353.63,18,Elena Delgado,Mérida,Sucursal Norte,Tarjeta de Crédito
505,2025-07-16,Bolígrafo,Papelería,11.87,7,Julio Cortez,Ciudad de México,Sucursal Centro,Transferencia
506,2025-07-22,Pelota de Fútbol,Deportes,391.86,1,Elena Delgado,Ciudad de México,Sucursal Sur,Efectivo
507,2024-11-01,Marcadores,Papelería,106.39,14,Arturo Navarro,Ciudad de México,Sucursal Norte,Transferencia
508,2025-08-25,Calcetines,Ropa,58.11,6,Óscar Ríos,Monterrey,Sucursal Norte,Tarjeta de Débito
509,2024-08-06,Camiseta,Ropa,213.3,6,Sebastián Fuentes,Tijuana,Sucursal Centro,Efectivo
510,2024-06-11,Almohada,Hogar,250.8,17,Silvia Fuentes,Guadalajara,Sucursal Sur,Transferencia
511,2025-09-02,Carro de Juguete,Juguetes,246.01,15,Mariana Medina,Puebla,Sucursal Centro,Transferencia
512,2024-09-05,Perfume,Belleza,553.23,11,Ximena Paredes,Tijuana,Sucursal Norte,Tarjeta de Débito
513,2025-10-25,Café,Alimentos,173.13,17,Patricia Muñoz,Guadalajara,Sucursal Centro,Tarjeta de Crédito
514,2024-06-02,Colchoneta,Deportes,699.52,13,Guillermo León,Monterrey,Sucursal Sur,Efectivo
515,2025-01-09,Pantalón,Ropa,733.15,5,Guillermo León,Tijuana,Sucursal Centro,Efectivo
516,2024-11-21,Shampoo,Belleza,140.42,14,Alicia Ponce,Puebla,Sucursal Centro,Transferencia
517,2024-04-28,Esmalte,Belleza,100.16,8,Elena Delgado,Monterrey,Sucursal Centro,Efectivo
518,2025-03-27,Agua,Alimentos,20.85,12,Andrés Vargas,Tijuana,Sucursal Centro,Tarjeta de Débito
519,2025-07-22,Café,Alimentos,149.73,4,Ricardo Castillo,Ciudad de México,Sucursal Centro,Tarjeta de Crédito
520,2024-12-14,Mouse,Electrónica,233.03,20,Héctor Soto,Guadalajara,Sucursal Norte,Efectivo
521,2024-06-09,Monitor,Electrónica,7366.4,8,Paola Mendoza,Monterrey,Sucursal Sur,Efectivo
522,2025-11-18,Laptop,Electrónica,23933.12,14,Cecilia Trujillo,Guadalajara,Sucursal Norte,Transferencia
523,2024-08-25,Labial,Belleza,163.84,2,Carlos López,Tijuana,Sucursal Centro,Efectivo
524,2025-10-03,Guantes de Box,Deportes,809.12,9,Paola Mendoza,Guadalajara,Sucursal Sur,Efectivo
525,2025-02-03,Gorra,Ropa,223.82,3,Jorge Romero,Puebla,Sucursal Norte,Efectivo
526,2025-11-04,Galletas,Alimentos,75.87,6,Miguel González,Ciudad de México,Sucursal Sur,Transferencia
527,2025-02-08,Gorra,Ropa,216.15,3,Gabriela Moreno,Puebla,Sucursal Norte,Transferencia
528,2025-04-03,Tijeras,Papelería,38.84,7,Cecilia Trujillo,Guadalajara,Sucursal Norte,Efectivo
529,2025-01-07,Muñeca,Juguetes,441.76,20,Sandra Peña,Tijuana,Sucursal Norte,Tarjeta de Crédito
530,2024-09-15,Perfume,Belleza,1497.31,8,Ignacio Miranda,Ciudad de México,Sucursal Centro,Efectivo
531,2024-06-08,Tijeras,Papelería,78.0,10,Ana García,Monterrey,Sucursal Centro,Tarjeta de Crédito
532,2025-01-12,Café,Alimentos,234.68,20,Fernando Flores,Guadalajara,Sucursal Sur,Efectivo
533,2025-08-20,Mouse,Electrónica,488.64,16,Mariana Medina,León,Sucursal Norte,Tarjeta de Crédito
534,2024-06-24,USB Flash Drive,Electrónica,151.46,4,Pablo Álvarez,Puebla,Sucursal Centro,Efectivo
535,2024-08-14,Muñeca,Juguetes,583.7,9,Roberto Reyes,Ciudad de México,Sucursal Centro,Efectivo
536,2025-02-05,Rompecabezas,Juguetes,151.61,10,Adriana Molina,Monterrey,Sucursal Centro,Transferencia
537,2024-08-20,Auriculares,Electrónica,1025.18,13,Valentina Cruz,Guadalajara,Sucursal Norte,Transferencia
538,2025-09-16,Chocolate,Alimentos,77.15,1,Arturo Navarro,León,Sucursal Centro,Tarjeta de Crédito
539,2025-09-11,Guantes de Box,Deportes,626.09,17,Alejandra Morales,Ciudad de México,Sucursal Sur,Transferencia
540,2025-01-08,Camiseta,Ropa,156.77,1,Laura Hernández,Puebla,Sucursal Norte,Efectivo
541,2025-01-10,Gorra,Ropa,168.46,4,Ricardo Castillo,Puebla,Sucursal Centro,Transferencia
542,2024-01-04,Jugo,Alimentos,27.05,14,David Torres,Puebla,Sucursal Centro,Transferencia
543,2024-12-20,Gorra,Ropa,102.5,17,Marco Sánchez,Guadalajara,Sucursal Centro,Transferencia
544,2025-01-15,Agua,Alimentos,38.44,2,Sergio Gutiérrez,Puebla,Sucursal Centro,Tarjeta de Crédito
545,2024-08-03,Pelota de Fútbol,Deportes,561.67,9,Fernanda Luna,Guadalajara,Sucursal Centro,Efectivo
546,2024-11-22,Gorra,Ropa,178.5,10,Enrique Guerrero,Monterrey,Sucursal Centro,Tarjeta de Crédito
547,2024-08-15,Labial,Belleza,69.84,18,Fernando Flores,Tijuana,Sucursal Norte,Transferencia
548,2025-12-14,Crema Facial,Belleza,263.99,15,Sebastián Fuentes,Tijuana,Sucursal Norte,Tarjeta de Crédito
549,2024-09-15,USB Flash Drive,Electrónica,167.89,8,Ana García,Ciudad de México,Sucursal Norte,Tarjeta de Débito
550,2025-09-12,Camiseta,Ropa,365.01,17,María Martínez,Mérida,Sucursal Centro,Transferencia
551,2025-06-21,Esmalte,Belleza,84.1,18,Felipe Núñez,Puebla,Sucursal Norte,Efectivo
552,2024-09-15,Agua,Alimentos,19.38,4,Carolina Castro,Monterrey,Sucursal Centro,Tarjeta de Débito
553,2024-08-12,Cargador,Electrónica,275.07,11,Diego Cabrera,Guadalajara,Sucursal Norte,Tarjeta de Crédito
554,2025-08-27,USB Flash Drive,Electrónica,152.08,12,Carolina Castro,Mérida,Sucursal Centro,Efectivo
555,2024-09-29,Mouse,Electrónica,410.97,13,Adriana Molina,León,Sucursal Centro,Efectivo
556,2025-08-22,Calcetines,Ropa,91.84,4,Elena Delgado,Tijuana,Sucursal Norte,Efectivo
557,2025-04-24,Tijeras,Papelería,46.76,14,Daniela Herrera,Tijuana,Sucursal Norte,Efectivo
558,2025-08-29,Auriculares,Electrónica,1657.19,11,Mariana Medina,Ciudad de México,Sucursal Sur,Efectivo
559,2025-12-14,Camiseta,Ropa,399.75,6,Camila Díaz,León,Sucursal Centro,Efectivo
560,2024-05-13,Cuaderno,Papelería,55.21,17,María Martínez,Mérida,Sucursal Norte,Tarjeta de Crédito
561,2024-01-13,Pelota de Fútbol,Deportes,324.58,10,Lucía Ramos,Tijuana,Sucursal Norte,Tarjeta de Débito
562,2025-12-22,Colchoneta,Deportes,582.65,19,Gabriela Moreno,Guadalajara,Sucursal Norte,Transferencia
563,2025-11-12,Colchoneta,Deportes,457.82,11,Daniela Herrera,Ciudad de México,Sucursal Centro,Tarjeta de Crédito
564,2025-07-04,Teclado,Electrónica,426.6,5,Guillermo León,Guadalajara,Sucursal Norte,Efectivo
565,2024-06-05,Monitor,Electrónica,4792.61,2,Elena Delgado,Tijuana,Sucursal Norte,Tarjeta de Crédito
566,2025-06-15,Camiseta,Ropa,271.8,1,Beatriz Rojas,Ciudad de México,Sucursal Norte,Tarjeta de Crédito
567,2025-01-27,Guantes de Box,Deportes,873.5,13,Ricardo Castillo,León,Sucursal Centro,Tarjeta de Débito
568,2025-06-24,Monitor,Electrónica,3543.6,7,Juan Cervantes,Guadalajara,Sucursal Sur,Efectivo
569,2024-04-01,Lámpara,Hogar,423.63,14,Beatriz Rojas,Mérida,Sucursal Centro,Tarjeta de Débito
570,2025-07-17,Shampoo,Belleza,138.78,12,Diego Cabrera,Ciudad de México,Sucursal Norte,Transferencia
571,2024-06-02,Sudadera,Ropa,594.18,13,Felipe Núñez,Mérida,Sucursal Centro,Efectivo
572,2024-07-08,Detergente,Hogar,140.82,7,Tomás Vega,Tijuana,Sucursal Norte,Transferencia
573,2025-06-17,Camiseta,Ropa,210.21,8,Elena Delgado,Guadalajara,Sucursal Centro,Tarjeta de Crédito
574,2025-08-31,Perfume,Belleza,629.18,12,Marco Sánchez,Mérida,Sucursal Norte,Tarjeta de Crédito
575,2024-04-02,Teclado,Electrónica,429.7,17,Ramón Ortega,Tijuana,Sucursal Norte,Transferencia
576,2025-08-12,Bloques Didácticos,Juguetes,287.85,3,Arturo Navarro,León,Sucursal Norte,Efectivo
577,2024-11-21,Camiseta,Ropa,175.21,9,Sergio Gutiérrez,León,Sucursal Norte,Tarjeta de Crédito
578,2024-12-15,Esmalte,Belleza,105.13,13,Marco Sánchez,Monterrey,Sucursal Centro,Tarjeta de Crédito
579,2025-04-05,Bolígrafo,Papelería,21.28,17,Isabel Ramírez,Tijuana,Sucursal Centro,Transferencia
580,2024-03-27,Gorra,Ropa,83.57,14,Gabriela Moreno,Ciudad de México,Sucursal Sur,Efectivo
581,2025-12-18,Tijeras,Papelería,28.92,15,Ignacio Miranda,Tijuana,Sucursal Norte,Tarjeta de Crédito
582,2024-06-06,Toalla,Hogar,149.5,3,Óscar Ríos,Guadalajara,Sucursal Centro,Efectivo
583,2025-09-29,Cargador,Electrónica,324.27,19,Eduardo Jiménez,Puebla,Sucursal Centro,Tarjeta de Crédito
584,2025-06-13,Agua,Alimentos,36.28,7,Mariana Medina,Monterrey,Sucursal Norte,Efectivo
585,2025-10-10,Colchoneta,Deportes,328.72,13,Juan Cervantes,Ciudad de México,Sucursal Norte,Tarjeta de Débito
586,2025-12-08,Pelota de Fútbol,Deportes,482.56,16,Ignacio Miranda,Mérida,Sucursal Norte,Efectivo
587,2025-02-28,Agua,Alimentos,36.68,12,José Rodríguez,Ciudad de México,Sucursal Centro,Transferencia
588,2025-12-07,Calcetines,Ropa,55.08,5,Juan Cervantes,León,Sucursal Centro,Transferencia
589,2025-03-22,Mouse,Electrónica,358.04,14,Enrique Guerrero,Ciudad de México,Sucursal Sur,Transferencia
590,2024-12-18,Teclado,Electrónica,342.63,16,Beatriz Rojas,León,Sucursal Norte,Efectivo
591,2025-11-21,Chocolate,Alimentos,63.06,1,Carolina Castro,Mérida,Sucursal Centro,Tarjeta de Crédito
592,2025-10-05,Lámpara,Hogar,750.66,14,Ramón Ortega,Tijuana,Sucursal Centro,Tarjeta de Débito
593,2024-12-19,Crema Facial,Belleza,334.14,2,Víctor Salinas,Guadalajara,Sucursal Sur,Tarjeta de Débito
594,2024-05-21,Café,Alimentos,179.0,1,José Rodríguez,Ciudad de México,Sucursal Sur,Tarjeta de Débito
595,2025-05-14,Lámpara,Hogar,207.32,16,Verónica Aguilar,Ciudad de México,Sucursal Norte,Efectivo
596,2024-05-17,Muñeca,Juguetes,297.43,10,Pablo Álvarez,Ciudad de México,Sucursal Norte,Transferencia
597,2025-04-07,Zapatos Deportivos,Deportes,2279.61,11,María Martínez,Mérida,Sucursal Norte,Efectivo
598,2024-07-07,Camiseta,Ropa,209.69,3,Andrés Vargas,León,Sucursal Norte,Tarjeta de Crédito
599,2025-06-27,Guantes de Box,Deportes,581.79,9,Ricardo Castillo,Ciudad de México,Sucursal Centro,Transferencia
600,2025-01-20,Auriculares,Electrónica,381.45,8,José Rodríguez,Tijuana,Sucursal Norte,Efectivo
601,2024-02-02,Galletas,Alimentos,52.15,15,Verónica Aguilar,León,Sucursal Norte,Tarjeta de Crédito
602,2024-08-27,Jugo,Alimentos,23.5,7,Daniela Herrera,Ciudad de México,Sucursal Centro,Tarjeta de Débito
603,2025-06-21,Pelota de Fútbol,Deportes,512.85,20,Juan Cervantes,Puebla,Sucursal Centro,Tarjeta de Débito
604,2024-06-06,Folder,Papelería,30.9,4,Óscar Ríos,Monterrey,Sucursal Sur,Tarjeta de Débito
605,2025-08-20,Calcetines,Ropa,46.62,14,Ximena Paredes,Ciudad de México,Sucursal Centro,Tarjeta de Crédito
606,2025-04-06,Lámpara,Hogar,337.22,6,Paola Mendoza,Puebla,Sucursal Centro,Efectivo
607,2024-09-19,Calcetines,Ropa,64.15,2,Elena Delgado,Puebla,Sucursal Norte,Tarjeta de Crédito
608,2025-09-28,Pantalón,Ropa,356.76,15,Manuel Bravo,Mérida,Sucursal Centro,Efectivo
609,2024-08-25,Bolígrafo,Papelería,35.77,13,Ramón Ortega,Monterrey,Sucursal Centro,Tarjeta de Crédito
610,2025-06-13,Carro de Juguete,Juguetes,190.74,16,Valentina Cruz,Mérida,Sucursal Centro,Tarjeta de Crédito
611,2024-07-12,Muñeca,Juguetes,347.25,12,Tomás Vega,Guadalajara,Sucursal Norte,Efectivo
612,2024-11-30,Folder,Papelería,30.23,1,Valentina Cruz,Mérida,Sucursal Norte,Tarjeta de Crédito
613,2024-10-26,Colchoneta,Deportes,627.73,19,Sebastián Fuentes,Mérida,Sucursal Centro,Tarjeta de Débito
614,2024-10-28,Labial,Belleza,140.13,20,Laura Hernández,Ciudad de México,Sucursal Centro,Tarjeta de Débito
615,2025-02-03,Cargador,Electrónica,342.44,14,Mariana Medina,Monterrey,Sucursal Centro,Transferencia
616,2025-01-13,Esmalte,Belleza,43.87,19,Luis Espinoza,Ciudad de México,Sucursal Norte,Tarjeta de Débito
617,2025-05-04,Detergente,Hogar,69.47,5,Paola Mendoza,Ciudad de México,Sucursal Sur,Tarjeta de Débito
618,2025-08-09,Galletas,Alimentos,28.84,12,Elena Delgado,León,Sucursal Centro,Tarjeta de Crédito
619,2025-12-31,Muñeca,Juguetes,329.9,5,Héctor Soto,Monterrey,Sucursal Centro,Efectivo
620,2024-05-23,Mouse,Electrónica,397.96,13,Andrés Vargas,Monterrey,Sucursal Sur,Efectivo
621,2024-08-19,Pantalón,Ropa,612.87,9,Ramón Ortega,Monterrey,Sucursal Sur,Efectivo
622,2024-02-23,Muñeca,Juguetes,559.76,19,Camila Díaz,León,Sucursal Norte,Tarjeta de Débito
623,2024-11-06,Grapadora,Papelería,92.81,17,Ana García,Mérida,Sucursal Norte,Tarjeta de Débito
624,2025-02-05,Bloques Didácticos,Juguetes,131.7,6,Laura Hernández,Tijuana,Sucursal Centro,Efectivo
625,2025-06-01,Jugo,Alimentos,54.25,10,Sergio Gutiérrez,Guadalajara,Sucursal Centro,Tarjeta de Crédito
626,2024-05-14,Galletas,Alimentos,38.67,4,Felipe Núñez,Monterrey,Sucursal Norte,Tarjeta de Crédito
627,2025-06-11,Auriculares,Electrónica,775.03,13,Gabriela Moreno,León,Sucursal Norte,Tarjeta de Débito
628,2024-08-24,USB Flash Drive,Electrónica,84.93,1,Víctor Salinas,Guadalajara,Sucursal Norte,Efectivo
629,2025-10-29,Auriculares,Electrónica,407.15,8,Ricardo Castillo,Puebla,Sucursal Norte,Efectivo
630,2024-05-27,Agua,Alimentos,21.29,2,Mónica Ibáñez,Guadalajara,Sucursal Centro,Tarjeta de Débito
631,2025-03-13,Galletas,Alimentos,49.83,17,Jorge Romero,Ciudad de México,Sucursal Centro,Efectivo
632,2024-03-27,Bloques Didácticos,Juguetes,220.16,1,Guillermo León,León,Sucursal Norte,Tarjeta de Crédito
633,2025-08-15,Jugo,Alimentos,41.77,14,Eduardo Jiménez,Tijuana,Sucursal Norte,Efectivo
634,2024-02-13,Colchoneta,Deportes,582.91,16,Ricardo Castillo,León,Sucursal Centro,Tarjeta de Débito
635,2025-04-22,Shampoo,Belleza,96.59,18,Luis Espinoza,Mérida,Sucursal Norte,Tarjeta de Débito
636,2025-10-08,Carro de Juguete,Juguetes,346.91,12,Jorge Romero,Tijuana,Sucursal Centro,Tarjeta de Débito
637,2024-06-12,Camiseta,Ropa,183.87,18,Héctor Soto,Monterrey,Sucursal Sur,Efectivo
638,2024-05-29,Toalla,Hogar,202.74,7,Enrique Guerrero,Mérida,Sucursal Centro,Efectivo
639,2024-11-04,Colchoneta,Deportes,451.79,12,Manuel Bravo,Ciudad de México,Sucursal Norte,Transferencia
640,2024-10-19,Rompecabezas,Juguetes,167.35,7,Rosa Ávila,Guadalajara,Sucursal Norte,Tarjeta de Débito
641,2025-05-20,Laptop,Electrónica,20578.64,6,Ximena Paredes,Monterrey,Sucursal Centro,Tarjeta de Débito
642,2024-02-02,Esmalte,Belleza,58.45,12,Fernanda Luna,Tijuana,Sucursal Centro,Efectivo
643,2025-08-04,Lámpara,Hogar,427.65,5,Tomás Vega,Tijuana,Sucursal Centro,Tarjeta de Débito
644,2025-11-20,Cargador,Electrónica,270.94,12,Alberto Varela,León,Sucursal Norte,Tarjeta de Débito
645,2025-03-04,Zapatos Deportivos,Deportes,1152.39,19,Ricardo Castillo,Ciudad de México,Sucursal Centro,Transferencia
646,2025-05-12,Almohada,Hogar,366.68,1,María Martínez,León,Sucursal Centro,Tarjeta de Crédito
647,2025-10-24,Muñeca,Juguetes,342.35,9,Daniela Herrera,Mérida,Sucursal Norte,Tarjeta de Crédito
648,2025-04-21,Grapadora,Papelería,183.48,12,Luis Espinoza,Monterrey,Sucursal Norte,Efectivo
649,2024-05-31,Pantalón,Ropa,359.69,15,Paola Mendoza,Guadalajara,Sucursal Norte,Transferencia
650,2025-09-02,Teclado,Electrónica,201.09,9,David Torres,Guadalajara,Sucursal Centro,Tarjeta de Crédito
651,2025-08-18,Jugo,Alimentos,31.24,12,Héctor Soto,Guadalajara,Sucursal Centro,Transferencia
652,2024-08-17,Gorra,Ropa,129.13,3,Jorge Romero,Mérida,Sucursal Norte,Tarjeta de Crédito
653,2025-09-18,Calcetines,Ropa,98.02,9,Alberto Varela,Puebla,Sucursal Centro,Transferencia
654,2025-02-19,Bolígrafo,Papelería,45.21,6,Alberto Varela,Guadalajara,Sucursal Norte,Tarjeta de Crédito
655,2024-05-11,Café,Alimentos,244.92,2,José Rodríguez,León,Sucursal Norte,Efectivo
656,2025-02-02,Toalla,Hogar,134.03,5,Sergio Gutiérrez,León,Sucursal Norte,Efectivo
657,2025-09-09,Shampoo,Belleza,196.56,19,Julio Cortez,Monterrey,Sucursal Sur,Transferencia
658,2025-05-29,Mouse,Electrónica,302.81,17,Camila Díaz,Mérida,Sucursal Centro,Transferencia
659,2025-09-29,Perfume,Belleza,385.0,4,Lucía Ramos,Tijuana,Sucursal Centro,Tarjeta de Crédito
660,2024-02-08,Tijeras,Papelería,29.0,14,Ramón Ortega,Ciudad de México,Sucursal Centro,Tarjeta de Crédito
661,2025-04-02,Detergente,Hogar,127.58,9,Natalia Ruiz,Monterrey,Sucursal Centro,Tarjeta de Crédito
662,2025-07-12,Labial,Belleza,108.66,20,Rebeca Campos,Tijuana,Sucursal Centro,Tarjeta de Débito
663,2024-09-10,Esmalte,Belleza,70.41,4,Alberto Varela,Tijuana,Sucursal Centro,Tarjeta de Crédito
664,2024-01-16,Pelota de Fútbol,Deportes,361.3,4,Tomás Vega,Tijuana,Sucursal Norte,Efectivo
665,2025-06-27,Chocolate,Alimentos,69.18,19,Mónica Ibáñez,Monterrey,Sucursal Sur,Transferencia
666,2025-07-18,Grapadora,Papelería,157.5,10,Ramón Ortega,Mérida,Sucursal Centro,Transferencia
667,2025-06-22,Chocolate,Alimentos,46.91,7,Patricia Muñoz,León,Sucursal Centro,Transferencia
668,2024-11-09,Bloques Didácticos,Juguetes,316.23,15,María Martínez,Guadalajara,Sucursal Norte,Tarjeta de Débito
669,2025-08-09,Jugo,Alimentos,36.8,12,Sergio Gutiérrez,Mérida,Sucursal Centro,Tarjeta de Crédito
670,2024-10-31,Auriculares,Electrónica,334.1,4,Alejandra Morales,León,Sucursal Norte,Tarjeta de Crédito
671,2025-12-08,Bloques Didácticos,Juguetes,130.33,12,Carlos López,Puebla,Sucursal Centro,Tarjeta de Débito
672,2025-09-09,Pelota de Fútbol,Deportes,286.34,20,Pablo Álvarez,Ciudad de México,Sucursal Sur,Tarjeta de Débito
673,2024-04-24,Perfume,Belleza,408.91,5,Renata Suárez,Ciudad de México,Sucursal Centro,Tarjeta de Débito
674,2025-05-10,Bolígrafo,Papelería,15.89,11,Andrés Vargas,Monterrey,Sucursal Sur,Efectivo
675,2025-10-07,Carro de Juguete,Juguetes,277.28,11,Luis Espinoza,Puebla,Sucursal Norte,Tarjeta de Débito
676,2024-10-12,Toalla,Hogar,128.55,6,Marco Sánchez,León,Sucursal Norte,Tarjeta de Débito
677,2025-05-30,Guantes de Box,Deportes,718.48,4,Paola Mendoza,León,Sucursal Norte,Tarjeta de Crédito
678,2024-02-15,Calcetines,Ropa,65.78,13,Beatriz Rojas,Mérida,Sucursal Centro,Tarjeta de Débito
679,2024-01-17,Jugo,Alimentos,53.25,20,Gabriela Moreno,León,Sucursal Norte,Efectivo
680,2024-10-08,Marcadores,Papelería,117.74,4,Ana García,Puebla,Sucursal Norte,Tarjeta de Débito
681,2024-04-09,Bolígrafo,Papelería,36.19,7,Natalia Ruiz,Tijuana,Sucursal Centro,Tarjeta de Crédito
682,2025-11-14,Pantalón,Ropa,755.82,15,Beatriz Rojas,Mérida,Sucursal Centro,Tarjeta de Crédito
683,2024-05-29,Muñeca,Juguetes,339.99,11,Sebastián Fuentes,Ciudad de México,Sucursal Centro,Tarjeta de Débito
684,2024-10-16,Jugo,Alimentos,38.73,5,Daniela Herrera,Guadalajara,Sucursal Centro,Efectivo
685,2024-04-26,Lámpara,Hogar,516.64,17,Marco Sánchez,Mérida,Sucursal Centro,Tarjeta de Crédito
686,2024-10-06,Guantes de Box,Deportes,417.16,2,Enrique Guerrero,Mérida,Sucursal Norte,Tarjeta de Débito
687,2024-10-22,Folder,Papelería,46.68,17,Julio Cortez,Monterrey,Sucursal Centro,Tarjeta de Crédito
688,2024-10-01,Lámpara,Hogar,378.51,12,Andrés Vargas,Ciudad de México,Sucursal Sur,Efectivo
689,2025-03-09,Labial,Belleza,171.18,16,Elena Delgado,León,Sucursal Centro,Tarjeta de Débito
690,2024-06-15,Lámpara,Hogar,357.81,9,Mónica Ibáñez,Tijuana,Sucursal Norte,Efectivo
691,2025-01-02,USB Flash Drive,Electrónica,129.43,13,Sergio Gutiérrez,Monterrey,Sucursal Centro,Tarjeta de Crédito
692,2025-06-25,Shampoo,Belleza,151.24,20,Felipe Núñez,Ciudad de México,Sucursal Norte,Tarjeta de Crédito
693,2025-05-03,Colchoneta,Deportes,413.36,12,Arturo Navarro,Puebla,Sucursal Centro,Efectivo
694,2025-05-26,Monitor,Electrónica,6455.99,20,Paola Mendoza,Monterrey,Sucursal Sur,Tarjeta de Crédito
695,2025-08-22,Perfume,Belleza,1473.4,8,Fernando Flores,Monterrey,Sucursal Centro,Tarjeta de Débito
696,2024-08-15,Shampoo,Belleza,170.42,14,Ramón Ortega,Mérida,Sucursal Norte,Efectivo
697,2024-12-29,Carro de Juguete,Juguetes,438.46,8,Valentina Cruz,Mérida,Sucursal Centro,Tarjeta de Crédito
698,2025-10-06,Bolígrafo,Papelería,41.91,16,Enrique Guerrero,Tijuana,Sucursal Norte,Tarjeta de Crédito
699,2024-10-07,Labial,Belleza,136.37,2,Marco Sánchez,León,Sucursal Centro,Efectivo
700,2025-01-17,Guantes de Box,Deportes,1192.57,9,José Rodríguez,Guadalajara,Sucursal Norte,Tarjeta de Crédito
701,2025-01-08,Jugo,Alimentos,48.11,1,Juan Cervantes,Ciudad de México,Sucursal Sur,Tarjeta de Débito
702,2024-12-10,Sudadera,Ropa,300.14,3,Jorge Romero,Ciudad de México,Sucursal Sur,Tarjeta de Crédito
703,2025-03-19,Perfume,Belleza,1426.23,20,Laura Hernández,Puebla,Sucursal Norte,Efectivo
704,2025-08-05,Galletas,Alimentos,70.77,6,Gabriela Moreno,Monterrey,Sucursal Sur,Efectivo
705,2025-07-03,Bolígrafo,Papelería,37.11,13,Fernanda Luna,Monterrey,Sucursal Sur,Transferencia
706,2024-12-01,Pelota de Fútbol,Deportes,571.01,4,Felipe Núñez,León,Sucursal Norte,Tarjeta de Crédito
707,2024-09-06,Sudadera,Ropa,276.88,14,Daniela Herrera,Ciudad de México,Sucursal Norte,Transferencia
708,2024-05-20,Guantes de Box,Deportes,814.76,12,Natalia Ruiz,Ciudad de México,Sucursal Sur,Transferencia
709,2025-05-08,Auriculares,Electrónica,1095.94,10,Paola Mendoza,Mérida,Sucursal Centro,Efectivo
710,2024-10-02,Zapatos Deportivos,Deportes,1741.05,12,Sergio Gutiérrez,Mérida,Sucursal Norte,Tarjeta de Crédito
711,2025-09-29,Rompecabezas,Juguetes,184.5,9,Lucía Ramos,Monterrey,Sucursal Sur,Tarjeta de Crédito
712,2025-07-21,Café,Alimentos,159.91,6,Roberto Reyes,Ciudad de México,Sucursal Centro,Efectivo
713,2024-06-14,Perfume,Belleza,489.18,4,Alberto Varela,León,Sucursal Centro,Tarjeta de Débito
714,2025-08-28,Carro de Juguete,Juguetes,390.69,15,Julio Cortez,Ciudad de México,Sucursal Norte,Efectivo
715,2024-08-18,Esmalte,Belleza,84.23,5,Sebastián Fuentes,Guadalajara,Sucursal Sur,Tarjeta de Débito
716,2024-12-06,Lámpara,Hogar,627.02,13,Jorge Romero,Tijuana,Sucursal Centro,Tarjeta de Débito
717,2024-01-10,Marcadores,Papelería,145.26,20,Alejandra Morales,Mérida,Sucursal Centro,Efectivo
718,2024-11-01,Galletas,Alimentos,36.89,1,María Martínez,Puebla,Sucursal Centro,Tarjeta de Crédito
719,2024-05-21,Agua,Alimentos,18.14,9,Miguel González,Monterrey,Sucursal Norte,Tarjeta de Crédito
720,2024-06-21,Galletas,Alimentos,66.58,4,Cecilia Trujillo,Mérida,Sucursal Norte,Transferencia
721,2024-11-03,Colchoneta,Deportes,371.01,7,Sergio Gutiérrez,León,Sucursal Centro,Tarjeta de Crédito
722,2024-06-22,Galletas,Alimentos,54.23,20,Felipe Núñez,Guadalajara,Sucursal Norte,Transferencia
723,2025-02-26,Pelota de Fútbol,Deportes,598.79,17,Beatriz Rojas,Puebla,Sucursal Centro,Tarjeta de Débito
724,2025-04-27,Rompecabezas,Juguetes,333.96,8,Cecilia Trujillo,Tijuana,Sucursal Norte,Efectivo
725,2024-10-02,Sudadera,Ropa,581.16,6,Alejandra Morales,León,Sucursal Norte,Tarjeta de Crédito
726,2024-12-19,Café,Alimentos,234.31,13,Roberto Reyes,Ciudad de México,Sucursal Sur,Efectivo
727,2024-09-09,Grapadora,Papelería,93.83,8,Mariana Medina,Ciudad de México,Sucursal Centro,Tarjeta de Débito
728,2025-07-17,Esmalte,Belleza,117.37,4,Manuel Bravo,Puebla,Sucursal Centro,Efectivo
729,2025-12-24,Folder,Papelería,48.9,1,Adriana Molina,Mérida,Sucursal Centro,Transferencia
730,2024-09-23,Esmalte,Belleza,52.14,15,Valentina Cruz,Tijuana,Sucursal Norte,Tarjeta de Débito
731,2024-05-07,Toalla,Hogar,81.71,3,David Torres,Mérida,Sucursal Centro,Transferencia
732,2025-09-30,Cuaderno,Papelería,36.59,4,Arturo Navarro,Guadalajara,Sucursal Sur,Efectivo
733,2024-07-06,Grapadora,Papelería,115.32,7,Enrique Guerrero,Ciudad de México,Sucursal Sur,Tarjeta de Débito
734,2024-05-22,Bloques Didácticos,Juguetes,120.47,20,Ana García,Ciudad de México,Sucursal Norte,Tarjeta de Crédito
735,2024-06-19,Marcadores,Papelería,131.02,12,Alejandra Morales,Tijuana,Sucursal Norte,Tarjeta de Débito
736,2024-04-05,Pelota de Fútbol,Deportes,517.35,5,Cecilia Trujillo,León,Sucursal Norte,Tarjeta de Débito
737,2025-05-11,Guantes de Box,Deportes,743.26,18,Verónica Aguilar,Mérida,Sucursal Centro,Transferencia
738,2024-09-27,Colchoneta,Deportes,825.25,14,Paola Mendoza,Puebla,Sucursal Norte,Tarjeta de Crédito
739,2024-07-27,Sudadera,Ropa,326.42,4,Marco Sánchez,Guadalajara,Sucursal Centro,Tarjeta de Crédito
740,2025-01-14,Agua,Alimentos,31.57,8,Sergio Gutiérrez,Ciudad de México,Sucursal Centro,Tarjeta de Débito
741,2025-03-06,Laptop,Electrónica,15511.61,11,José Rodríguez,Ciudad de México,Sucursal Sur,Tarjeta de Débito
742,2025-04-22,Esmalte,Belleza,87.43,7,Renata Suárez,Guadalajara,Sucursal Sur,Transferencia
743,2024-10-10,Pelota de Fútbol,Deportes,342.36,6,Sergio Gutiérrez,Monterrey,Sucursal Centro,Tarjeta de Crédito
744,2024-08-31,Grapadora,Papelería,168.11,2,Ignacio Miranda,Ciudad de México,Sucursal Centro,Efectivo
745,2024-04-09,Lámpara,Hogar,664.23,7,Miguel González,León,Sucursal Centro,Transferencia
746,2024-12-25,Auriculares,Electrónica,1967.02,8,Alejandra Morales,Monterrey,Sucursal Norte,Efectivo
747,2025-12-08,Monitor,Electrónica,7771.97,3,Julio Cortez,Mérida,Sucursal Centro,Transferencia
748,2025-04-05,Colchoneta,Deportes,387.22,2,Verónica Aguilar,Mérida,Sucursal Centro,Tarjeta de Débito
749,2024-10-25,Gorra,Ropa,189.7,5,Arturo Navarro,León,Sucursal Norte,Efectivo
750,2025-04-22,Gorra,Ropa,185.58,16,Beatriz Rojas,Ciudad de México,Sucursal Sur,Tarjeta de Débito
751,2025-04-12,Camiseta,Ropa,397.63,8,Julio Cortez,Monterrey,Sucursal Centro,Tarjeta de Crédito
752,2024-02-12,Muñeca,Juguetes,384.57,4,Elena Delgado,Guadalajara,Sucursal Norte,Tarjeta de Crédito
753,2024-09-18,Toalla,Hogar,213.53,12,Ramón Ortega,León,Sucursal Centro,Transferencia
754,2024-08-23,Folder,Papelería,38.04,9,Patricia Muñoz,Ciudad de México,Sucursal Norte,Efectivo
755,2024-06-10,Bloques Didácticos,Juguetes,317.79,20,Pablo Álvarez,León,Sucursal Norte,Efectivo
756,2024-07-25,Bloques Didácticos,Juguetes,121.02,10,Marco Sánchez,Monterrey,Sucursal Norte,Efectivo
757,2024-08-17,Gorra,Ropa,245.09,5,Héctor Soto,León,Sucursal Centro,Transferencia
758,2025-12-23,Shampoo,Belleza,80.94,6,Beatriz Rojas,León,Sucursal Centro,Tarjeta de Débito
759,2024-04-12,Agua,Alimentos,16.75,5,Alicia Ponce,Puebla,Sucursal Norte,Tarjeta de Crédito
760,2025-01-25,Muñeca,Juguetes,483.78,10,Rosa Ávila,León,Sucursal Norte,Efectivo
761,2024-01-10,Gorra,Ropa,249.17,11,Miguel González,Puebla,Sucursal Centro,Tarjeta de Débito
762,2025-06-07,Almohada,Hogar,301.16,6,Daniela Herrera,Puebla,Sucursal Centro,Efectivo
763,2024-11-11,Rompecabezas,Juguetes,153.73,18,Cecilia Trujillo,Monterrey,Sucursal Sur,Tarjeta de Crédito
764,2025-07-26,Tijeras,Papelería,41.94,8,Daniela Herrera,León,Sucursal Centro,Transferencia
765,2024-05-01,Carro de Juguete,Juguetes,254.38,2,Laura Hernández,Monterrey,Sucursal Centro,Transferencia
766,2024-12-22,Zapatos Deportivos,Deportes,2283.49,19,Verónica Aguilar,León,Sucursal Centro,Tarjeta de Débito
767,2024-03-12,Café,Alimentos,101.14,1,Verónica Aguilar,Guadalajara,Sucursal Sur,Tarjeta de Crédito
768,2025-09-02,Guantes de Box,Deportes,400.35,8,Natalia Ruiz,León,Sucursal Centro,Tarjeta de Débito
769,2024-10-04,Monitor,Electrónica,2861.43,13,Sandra Peña,Mérida,Sucursal Centro,Transferencia
770,2025-07-28,Bloques Didácticos,Juguetes,347.17,10,Alicia Ponce,Puebla,Sucursal Centro,Transferencia
771,2024-05-14,Camiseta,Ropa,387.49,11,Alberto Varela,León,Sucursal Norte,Tarjeta de Crédito
772,2024-09-11,Cuaderno,Papelería,96.05,17,Ramón Ortega,León,Sucursal Norte,Tarjeta de Débito
773,2024-12-16,Gorra,Ropa,242.81,15,Renata Suárez,Mérida,Sucursal Norte,Tarjeta de Crédito
774,2025-07-04,Sudadera,Ropa,366.96,19,Fernando Flores,Ciudad de México,Sucursal Norte,Tarjeta de Débito
775,2025-09-23,Calcetines,Ropa,71.87,2,Alejandra Morales,Tijuana,Sucursal Centro,Efectivo
776,2024-04-08,Calcetines,Ropa,91.92,14,Camila Díaz,Mérida,Sucursal Centro,Tarjeta de Crédito
777,2024-01-18,Detergente,Hogar,78.59,13,Adriana Molina,Monterrey,Sucursal Sur,Tarjeta de Débito
778,2025-09-08,Chocolate,Alimentos,95.73,8,Héctor Soto,Tijuana,Sucursal Centro,Efectivo
779,2025-06-14,Laptop,Electrónica,24524.93,9,Ramón Ortega,Guadalajara,Sucursal Centro,Transferencia
780,2024-09-07,Zapatos Deportivos,Deportes,1603.51,7,José Rodríguez,Tijuana,Sucursal Centro,Tarjeta de Crédito
781,2024-12-29,Labial,Belleza,60.37,18,Manuel Bravo,Ciudad de México,Sucursal Centro,Tarjeta de Débito
782,2024-08-12,Marcadores,Papelería,58.34,19,Rosa Ávila,Guadalajara,Sucursal Norte,Transferencia
783,2024-10-09,Muñeca,Juguetes,289.43,4,Daniela Herrera,Mérida,Sucursal Centro,Transferencia
784,2025-04-05,Labial,Belleza,196.22,8,Arturo Navarro,Puebla,Sucursal Norte,Tarjeta de Débito
785,2025-05-03,Marcadores,Papelería,148.87,11,David Torres,Guadalajara,Sucursal Norte,Tarjeta de Crédito
786,2025-07-30,Colchoneta,Deportes,487.47,4,Tomás Vega,Puebla,Sucursal Centro,Transferencia
787,2025-01-15,Lámpara,Hogar,396.21,10,Marco Sánchez,León,Sucursal Norte,Tarjeta de Débito
788,2025-08-18,Folder,Papelería,51.94,16,Carolina Castro,Monterrey,Sucursal Sur,Tarjeta de Débito
789,2025-09-25,Shampoo,Belleza,173.3,6,Roberto Reyes,Tijuana,Sucursal Centro,Tarjeta de Crédito
790,2025-08-24,Teclado,Electrónica,573.07,6,Guillermo León,Mérida,Sucursal Norte,Tarjeta de Crédito
791,2024-06-20,Pelota de Fútbol,Deportes,548.05,8,Ignacio Miranda,Puebla,Sucursal Norte,Tarjeta de Débito
792,2025-12-08,Almohada,Hogar,242.72,13,Elena Delgado,Guadalajara,Sucursal Norte,Efectivo
793,2024-09-04,Almohada,Hogar,218.2,15,Sandra Peña,Puebla,Sucursal Norte,Transferencia
794,2024-12-16,Crema Facial,Belleza,252.31,15,Valentina Cruz,Mérida,Sucursal Centro,Tarjeta de Débito
795,2024-09-05,Calcetines,Ropa,72.34,20,Sebastián Fuentes,Tijuana,Sucursal Norte,Tarjeta de Crédito
796,2025-02-10,Galletas,Alimentos,65.39,16,Julio Cortez,Ciudad de México,Sucursal Sur,Transferencia
797,2024-07-28,Crema Facial,Belleza,375.31,15,Valentina Cruz,Tijuana,Sucursal Centro,Tarjeta de Crédito
798,2025-09-18,Perfume,Belleza,757.52,7,Alicia Ponce,Guadalajara,Sucursal Sur,Transferencia
799,2025-09-18,Jugo,Alimentos,24.45,2,Tomás Vega,León,Sucursal Norte,Tarjeta de Crédito
800,2025-02-20,Muñeca,Juguetes,581.14,12,Rosa Ávila,León,Sucursal Centro,Efectivo
801,2025-03-26,Laptop,Electrónica,22128.95,20,Daniela Herrera,León,Sucursal Norte,Transferencia
802,2024-03-12,Galletas,Alimentos,37.21,2,Juan Cervantes,Monterrey,Sucursal Sur,Tarjeta de Crédito
803,2025-02-11,Tijeras,Papelería,28.88,1,Arturo Navarro,Mérida,Sucursal Norte,Efectivo
804,2025-07-07,Grapadora,Papelería,130.75,6,Mónica Ibáñez,Puebla,Sucursal Centro,Efectivo
805,2025-10-16,Agua,Alimentos,25.14,13,Elena Delgado,Monterrey,Sucursal Centro,Efectivo
806,2025-07-25,Monitor,Electrónica,6324.17,9,Sofía Pérez,Ciudad de México,Sucursal Norte,Transferencia
807,2025-08-22,Gorra,Ropa,99.7,5,Juan Cervantes,Tijuana,Sucursal Norte,Transferencia
808,2025-06-15,USB Flash Drive,Electrónica,115.74,19,Tomás Vega,Ciudad de México,Sucursal Sur,Tarjeta de Débito
809,2025-12-04,Jugo,Alimentos,44.61,13,Felipe Núñez,Mérida,Sucursal Centro,Tarjeta de Débito
810,2024-08-11,Camiseta,Ropa,269.07,1,Héctor Soto,Puebla,Sucursal Norte,Transferencia
811,2024-06-08,Pelota de Fútbol,Deportes,478.53,15,Felipe Núñez,Guadalajara,Sucursal Norte,Efectivo
812,2025-03-12,Monitor,Electrónica,6661.06,15,Enrique Guerrero,Monterrey,Sucursal Sur,Efectivo
813,2024-08-11,Marcadores,Papelería,145.49,11,Fernanda Luna,Monterrey,Sucursal Centro,Transferencia
814,2025-04-26,Marcadores,Papelería,69.99,11,Julio Cortez,Ciudad de México,Sucursal Sur,Tarjeta de Crédito
815,2025-02-11,Labial,Belleza,58.09,6,Sandra Peña,Puebla,Sucursal Norte,Tarjeta de Crédito
816,2025-07-21,Marcadores,Papelería,62.12,18,Ramón Ortega,Mérida,Sucursal Norte,Tarjeta de Crédito
817,2025-01-27,Grapadora,Papelería,111.45,17,Patricia Muñoz,Monterrey,Sucursal Sur,Efectivo
818,2024-06-24,Colchoneta,Deportes,373.51,12,Roberto Reyes,Tijuana,Sucursal Centro,Tarjeta de Crédito
819,2025-02-13,Galletas,Alimentos,62.36,13,Tomás Vega,Tijuana,Sucursal Norte,Tarjeta de Crédito
820,2024-04-03,Shampoo,Belleza,137.94,5,Adriana Molina,Ciudad de México,Sucursal Centro,Tarjeta de Crédito
821,2025-04-18,Chocolate,Alimentos,53.08,1,Beatriz Rojas,Ciudad de México,Sucursal Sur,Tarjeta de Débito
822,2025-12-18,Toalla,Hogar,162.83,6,Julio Cortez,Monterrey,Sucursal Centro,Tarjeta de Débito
823,2024-05-21,Agua,Alimentos,18.21,7,Fernanda Luna,Puebla,Sucursal Centro,Tarjeta de Crédito
824,2024-10-14,Toalla,Hogar,118.22,15,Gabriela Moreno,León,Sucursal Norte,Tarjeta de Débito
825,2024-01-09,Detergente,Hogar,51.13,5,Arturo Navarro,León,Sucursal Norte,Efectivo
826,2024-01-13,Carro de Juguete,Juguetes,201.03,6,Óscar Ríos,León,Sucursal Norte,Transferencia
827,2024-01-23,Chocolate,Alimentos,38.25,18,Mónica Ibáñez,León,Sucursal Norte,Tarjeta de Débito
828,2024-11-25,Agua,Alimentos,21.87,9,Óscar Ríos,Guadalajara,Sucursal Centro,Efectivo
829,2025-09-16,Monitor,Electrónica,2912.94,1,Ignacio Miranda,Guadalajara,Sucursal Norte,Transferencia
830,2024-04-24,Crema Facial,Belleza,385.87,10,Alberto Varela,Tijuana,Sucursal Centro,Transferencia
831,2025-11-12,Shampoo,Belleza,87.45,2,Sandra Peña,Ciudad de México,Sucursal Norte,Efectivo
832,2024-12-12,Chocolate,Alimentos,83.02,4,Óscar Ríos,Guadalajara,Sucursal Norte,Transferencia
833,2025-08-05,Cuaderno,Papelería,75.51,16,Víctor Salinas,Ciudad de México,Sucursal Centro,Efectivo
834,2025-11-25,Agua,Alimentos,26.25,7,Mariana Medina,Tijuana,Sucursal Norte,Tarjeta de Débito
835,2025-09-04,Zapatos Deportivos,Deportes,1450.24,6,Mónica Ibáñez,Puebla,Sucursal Centro,Tarjeta de Débito
836,2024-02-09,Almohada,Hogar,292.29,14,Camila Díaz,Tijuana,Sucursal Centro,Tarjeta de Débito
837,2024-09-18,Bloques Didácticos,Juguetes,225.22,5,Roberto Reyes,Puebla,Sucursal Norte,Transferencia
838,2025-01-03,Tijeras,Papelería,29.29,1,Fernanda Luna,Guadalajara,Sucursal Centro,Tarjeta de Crédito
839,2024-06-08,Galletas,Alimentos,46.94,14,Héctor Soto,Ciudad de México,Sucursal Norte,Efectivo
840,2024-01-12,Mouse,Electrónica,378.28,6,Carlos López,León,Sucursal Norte,Efectivo
841,2024-12-13,Teclado,Electrónica,561.75,13,Ana García,Puebla,Sucursal Centro,Tarjeta de Débito
842,2025-02-22,Pantalón,Ropa,762.18,13,Rebeca Campos,Tijuana,Sucursal Norte,Transferencia
843,2024-12-13,Muñeca,Juguetes,538.88,16,Andrés Vargas,Guadalajara,Sucursal Centro,Efectivo
844,2025-11-08,Jugo,Alimentos,30.11,16,Patricia Muñoz,Ciudad de México,Sucursal Sur,Tarjeta de Crédito
845,2024-03-31,Agua,Alimentos,21.08,19,Ana García,Guadalajara,Sucursal Centro,Tarjeta de Débito
846,2024-08-19,Zapatos Deportivos,Deportes,876.64,19,Isabel Ramírez,León,Sucursal Norte,Tarjeta de Crédito
847,2025-06-09,Cuaderno,Papelería,80.58,12,Carlos López,León,Sucursal Centro,Efectivo
848,2024-05-19,Agua,Alimentos,31.43,20,Isabel Ramírez,Puebla,Sucursal Norte,Efectivo
849,2024-06-18,Labial,Belleza,158.9,2,Isabel Ramírez,Mérida,Sucursal Centro,Efectivo
850,2025-10-19,Folder,Papelería,45.73,2,Mónica Ibáñez,Ciudad de México,Sucursal Sur,Tarjeta de Débito
851,2024-10-19,Pantalón,Ropa,435.14,2,Gabriela Moreno,Puebla,Sucursal Centro,Tarjeta de Crédito
852,2024-04-20,Jugo,Alimentos,24.84,14,Sofía Pérez,Guadalajara,Sucursal Norte,Efectivo
853,2024-01-21,Cargador,Electrónica,211.77,16,Renata Suárez,Monterrey,Sucursal Sur,Transferencia
854,2025-05-22,Crema Facial,Belleza,427.55,4,José Rodríguez,Ciudad de México,Sucursal Norte,Efectivo
855,2024-01-15,Café,Alimentos,185.67,3,Sofía Pérez,León,Sucursal Norte,Transferencia
856,2024-01-17,Pelota de Fútbol,Deportes,386.32,1,Renata Suárez,León,Sucursal Centro,Tarjeta de Débito
857,2025-12-23,Lámpara,Hogar,329.23,15,Alicia Ponce,Mérida,Sucursal Centro,Tarjeta de Crédito
858,2025-06-27,Shampoo,Belleza,195.05,3,Daniela Herrera,Guadalajara,Sucursal Norte,Transferencia
859,2025-12-09,Laptop,Electrónica,20776.88,4,Alejandra Morales,Puebla,Sucursal Norte,Efectivo
860,2025-07-05,Cargador,Electrónica,292.86,20,Ramón Ortega,Guadalajara,Sucursal Norte,Efectivo
861,2024-02-27,Almohada,Hogar,343.81,17,Arturo Navarro,Ciudad de México,Sucursal Centro,Transferencia
862,2024-03-15,Galletas,Alimentos,34.47,3,Juan Cervantes,Monterrey,Sucursal Norte,Tarjeta de Débito
863,2025-10-24,Gorra,Ropa,245.26,8,Sergio Gutiérrez,León,Sucursal Norte,Tarjeta de Débito
864,2025-11-30,Monitor,Electrónica,4051.18,7,Elena Delgado,Tijuana,Sucursal Centro,Tarjeta de Débito
865,2024-06-23,Grapadora,Papelería,190.07,8,Ramón Ortega,León,Sucursal Norte,Transferencia
866,2024-07-29,Almohada,Hogar,319.87,7,Carolina Castro,Puebla,Sucursal Centro,Tarjeta de Débito
867,2024-03-21,Chocolate,Alimentos,52.0,7,Héctor Soto,Mérida,Sucursal Centro,Efectivo
868,2025-02-07,Rompecabezas,Juguetes,255.5,1,Rebeca Campos,León,Sucursal Norte,Transferencia
869,2025-12-25,Carro de Juguete,Juguetes,230.34,8,Mónica Ibáñez,León,Sucursal Norte,Transferencia
870,2025-06-08,Grapadora,Papelería,138.14,16,Guillermo León,Mérida,Sucursal Centro,Transferencia
871,2024-12-26,Guantes de Box,Deportes,1042.42,4,Rebeca Campos,Tijuana,Sucursal Norte,Tarjeta de Débito
872,2025-11-22,Grapadora,Papelería,157.11,20,Paola Mendoza,Mérida,Sucursal Norte,Transferencia
873,2025-01-05,Auriculares,Electrónica,1235.94,3,Beatriz Rojas,Guadalajara,Sucursal Norte,Tarjeta de Crédito
874,2024-10-21,Mouse,Electrónica,346.23,16,Ricardo Castillo,Mérida,Sucursal Norte,Efectivo
875,2025-09-23,Crema Facial,Belleza,384.52,18,Jorge Romero,Tijuana,Sucursal Centro,Tarjeta de Débito
876,2024-04-04,Pelota de Fútbol,Deportes,269.05,12,Rebeca Campos,Tijuana,Sucursal Norte,Tarjeta de Crédito
877,2025-03-23,Colchoneta,Deportes,349.64,9,José Rodríguez,Ciudad de México,Sucursal Sur,Tarjeta de Débito
878,2024-07-21,USB Flash Drive,Electrónica,104.73,16,Isabel Ramírez,Guadalajara,Sucursal Sur,Tarjeta de Débito
879,2024-05-02,Gorra,Ropa,212.77,8,Adriana Molina,Guadalajara,Sucursal Sur,Tarjeta de Crédito
880,2024-04-07,Carro de Juguete,Juguetes,482.99,15,Renata Suárez,Mérida,Sucursal Centro,Efectivo
881,2025-07-11,USB Flash Drive,Electrónica,238.76,20,Cecilia Trujillo,Monterrey,Sucursal Centro,Tarjeta de Débito
882,2024-08-21,Pantalón,Ropa,492.0,16,Víctor Salinas,Tijuana,Sucursal Norte,Tarjeta de Crédito
883,2024-06-21,Crema Facial,Belleza,425.77,4,Lucía Ramos,León,Sucursal Norte,Tarjeta de Débito
884,2025-12-14,Monitor,Electrónica,6495.95,18,Alberto Varela,Guadalajara,Sucursal Centro,Tarjeta de Crédito
885,2024-10-27,Toalla,Hogar,179.76,2,Natalia Ruiz,Tijuana,Sucursal Centro,Transferencia
886,2025-06-05,Zapatos Deportivos,Deportes,1990.42,16,Natalia Ruiz,León,Sucursal Norte,Tarjeta de Débito
887,2025-09-09,Shampoo,Belleza,189.73,19,Patricia Muñoz,Monterrey,Sucursal Sur,Tarjeta de Débito
888,2025-03-23,Guantes de Box,Deportes,1074.47,8,David Torres,León,Sucursal Norte,Tarjeta de Débito
889,2024-01-07,Muñeca,Juguetes,396.75,15,Pablo Álvarez,Tijuana,Sucursal Centro,Efectivo
890,2024-10-21,Shampoo,Belleza,191.05,7,Paola Mendoza,Mérida,Sucursal Norte,Tarjeta de Débito
891,2024-08-16,Colchoneta,Deportes,305.66,12,Óscar Ríos,León,Sucursal Norte,Efectivo
892,2025-09-18,Pantalón,Ropa,516.94,20,Tomás Vega,Guadalajara,Sucursal Norte,Efectivo
893,2025-08-13,Colchoneta,Deportes,751.55,19,Víctor Salinas,León,Sucursal Centro,Transferencia
894,2025-08-20,Colchoneta,Deportes,584.95,18,Elena Delgado,Guadalajara,Sucursal Sur,Tarjeta de Débito
895,2024-07-23,Monitor,Electrónica,7164.96,12,Andrés Vargas,Monterrey,Sucursal Norte,Tarjeta de Débito
896,2024-07-07,Muñeca,Juguetes,452.15,2,Sebastián Fuentes,Mérida,Sucursal Norte,Transferencia
897,2025-02-04,Toalla,Hogar,117.28,16,Alicia Ponce,León,Sucursal Norte,Tarjeta de Débito
898,2025-05-02,USB Flash Drive,Electrónica,227.09,5,Verónica Aguilar,Monterrey,Sucursal Sur,Tarjeta de Débito
899,2025-04-24,Teclado,Electrónica,210.74,20,Fernando Flores,Monterrey,Sucursal Norte,Tarjeta de Débito
900,2025-07-16,Bolígrafo,Papelería,34.67,14,Alicia Ponce,Ciudad de México,Sucursal Centro,Tarjeta de Crédito
901,2025-08-31,Esmalte,Belleza,111.21,2,Patricia Muñoz,Puebla,Sucursal Norte,Efectivo
902,2025-04-15,Calcetines,Ropa,38.37,16,David Torres,Guadalajara,Sucursal Norte,Transferencia
903,2024-02-28,Laptop,Electrónica,21017.98,12,Beatriz Rojas,Ciudad de México,Sucursal Centro,Tarjeta de Crédito
904,2024-05-31,Muñeca,Juguetes,301.32,9,Juan Cervantes,Monterrey,Sucursal Sur,Tarjeta de Crédito
905,2025-02-17,Labial,Belleza,61.99,10,Héctor Soto,Monterrey,Sucursal Norte,Tarjeta de Crédito
906,2024-03-08,USB Flash Drive,Electrónica,126.38,12,Ricardo Castillo,Mérida,Sucursal Norte,Tarjeta de Crédito
907,2024-09-26,Auriculares,Electrónica,1821.65,12,Sebastián Fuentes,Tijuana,Sucursal Centro,Tarjeta de Débito
908,2024-09-07,Marcadores,Papelería,59.21,8,Arturo Navarro,Mérida,Sucursal Centro,Efectivo
909,2024-10-21,Folder,Papelería,38.74,15,Carolina Castro,Puebla,Sucursal Norte,Efectivo
910,2024-09-01,Muñeca,Juguetes,545.92,7,Natalia Ruiz,Puebla,Sucursal Norte,Tarjeta de Débito
911,2024-05-29,Sudadera,Ropa,499.05,1,Daniela Herrera,Mérida,Sucursal Centro,Tarjeta de Crédito
912,2024-11-25,Laptop,Electrónica,14227.61,10,José Rodríguez,Monterrey,Sucursal Sur,Efectivo
913,2024-05-18,Laptop,Electrónica,8207.35,12,Jorge Romero,Mérida,Sucursal Norte,Efectivo
914,2025-01-28,Muñeca,Juguetes,260.33,1,Andrés Vargas,Ciudad de México,Sucursal Norte,Efectivo
915,2024-10-16,Tijeras,Papelería,56.69,16,Héctor Soto,Tijuana,Sucursal Centro,Transferencia
916,2024-05-12,Toalla,Hogar,239.87,2,Carolina Castro,Guadalajara,Sucursal Centro,Efectivo
917,2025-03-02,Carro de Juguete,Juguetes,434.99,19,Fernanda Luna,Mérida,Sucursal Norte,Tarjeta de Crédito
918,2024-02-10,Tijeras,Papelería,58.95,19,José Rodríguez,Mérida,Sucursal Centro,Tarjeta de Crédito
919,2025-04-08,Auriculares,Electrónica,905.29,11,Natalia Ruiz,Mérida,Sucursal Centro,Efectivo
920,2024-09-02,Almohada,Hogar,379.95,8,Lucía Ramos,Monterrey,Sucursal Sur,Tarjeta de Débito
921,2024-05-08,Rompecabezas,Juguetes,331.84,8,David Torres,Ciudad de México,Sucursal Centro,Transferencia
922,2025-03-03,Lámpara,Hogar,411.49,8,Ignacio Miranda,León,Sucursal Centro,Transferencia
923,2025-08-23,USB Flash Drive,Electrónica,153.36,1,Camila Díaz,Guadalajara,Sucursal Norte,Efectivo
924,2024-09-17,Zapatos Deportivos,Deportes,1888.08,15,Valentina Cruz,Monterrey,Sucursal Norte,Efectivo
925,2025-05-25,Detergente,Hogar,99.83,1,Adriana Molina,Puebla,Sucursal Norte,Transferencia
926,2024-04-21,Monitor,Electrónica,3383.14,20,Enrique Guerrero,León,Sucursal Centro,Tarjeta de Débito
927,2025-11-20,Calcetines,Ropa,44.01,20,Julio Cortez,Mérida,Sucursal Centro,Tarjeta de Crédito
928,2025-11-10,Bloques Didácticos,Juguetes,150.75,16,Diego Cabrera,Guadalajara,Sucursal Norte,Tarjeta de Débito
929,2025-12-27,Monitor,Electrónica,2653.22,3,Pablo Álvarez,Monterrey,Sucursal Sur,Tarjeta de Débito
930,2024-09-09,Sudadera,Ropa,402.22,14,Silvia Fuentes,Guadalajara,Sucursal Norte,Efectivo
931,2025-02-11,Grapadora,Papelería,195.1,19,Alejandra Morales,León,Sucursal Norte,Tarjeta de Crédito
932,2025-09-02,Bolígrafo,Papelería,44.32,15,Marco Sánchez,León,Sucursal Norte,Transferencia
933,2024-07-31,Mouse,Electrónica,199.47,10,Sofía Pérez,León,Sucursal Norte,Tarjeta de Crédito
934,2025-07-24,Shampoo,Belleza,96.47,12,Ramón Ortega,León,Sucursal Centro,Transferencia
935,2025-03-29,Auriculares,Electrónica,787.43,6,Beatriz Rojas,León,Sucursal Norte,Efectivo
936,2025-03-21,Laptop,Electrónica,17534.59,11,Sofía Pérez,León,Sucursal Centro,Transferencia
937,2025-09-14,Jugo,Alimentos,39.53,10,Isabel Ramírez,León,Sucursal Centro,Tarjeta de Débito
938,2024-01-07,Bloques Didácticos,Juguetes,194.1,5,Alicia Ponce,Ciudad de México,Sucursal Centro,Efectivo
939,2024-02-05,Perfume,Belleza,303.58,3,Diego Cabrera,Puebla,Sucursal Centro,Transferencia
940,2025-10-03,Bolígrafo,Papelería,40.25,13,Marco Sánchez,Guadalajara,Sucursal Centro,Tarjeta de Crédito
941,2025-04-18,Calcetines,Ropa,93.92,6,Sandra Peña,León,Sucursal Centro,Tarjeta de Débito
942,2024-11-30,Pantalón,Ropa,655.06,6,Mariana Medina,León,Sucursal Norte,Tarjeta de Crédito
943,2025-06-03,Auriculares,Electrónica,871.46,8,Miguel González,Monterrey,Sucursal Centro,Efectivo
944,2025-05-23,Labial,Belleza,133.21,9,Fernando Flores,Tijuana,Sucursal Norte,Transferencia
945,2024-11-07,Café,Alimentos,196.06,2,Héctor Soto,Ciudad de México,Sucursal Sur,Efectivo
946,2025-06-26,Monitor,Electrónica,3628.28,8,Sofía Pérez,Ciudad de México,Sucursal Centro,Transferencia
947,2024-03-26,Detergente,Hogar,90.43,16,Alejandra Morales,Ciudad de México,Sucursal Sur,Tarjeta de Crédito
948,2025-10-11,USB Flash Drive,Electrónica,194.78,13,Alberto Varela,Tijuana,Sucursal Norte,Transferencia
949,2024-11-11,Almohada,Hogar,386.09,14,Natalia Ruiz,Guadalajara,Sucursal Norte,Efectivo
950,2024-02-24,Labial,Belleza,109.71,9,Isabel Ramírez,Guadalajara,Sucursal Norte,Tarjeta de Débito
951,2025-06-25,Guantes de Box,Deportes,1097.43,5,Jorge Romero,Mérida,Sucursal Centro,Efectivo
952,2025-12-26,Bolígrafo,Papelería,39.45,11,Julio Cortez,Tijuana,Sucursal Norte,Transferencia
953,2024-01-22,Colchoneta,Deportes,432.35,16,Arturo Navarro,Puebla,Sucursal Norte,Efectivo
954,2024-02-18,Calcetines,Ropa,96.21,2,Sandra Peña,León,Sucursal Centro,Efectivo
955,2024-02-02,Shampoo,Belleza,140.61,8,Felipe Núñez,Mérida,Sucursal Centro,Tarjeta de Crédito
956,2024-07-08,Chocolate,Alimentos,72.4,3,Ricardo Castillo,Guadalajara,Sucursal Centro,Tarjeta de Crédito
957,2025-12-03,Rompecabezas,Juguetes,184.3,15,Pablo Álvarez,Mérida,Sucursal Centro,Transferencia
958,2025-05-07,Crema Facial,Belleza,307.06,16,Jorge Romero,León,Sucursal Norte,Transferencia
959,2025-06-21,Pelota de Fútbol,Deportes,481.46,16,María Martínez,Mérida,Sucursal Centro,Tarjeta de Débito
960,2024-06-22,Crema Facial,Belleza,264.31,5,Alejandra Morales,Guadalajara,Sucursal Centro,Tarjeta de Débito
961,2024-11-25,Sudadera,Ropa,340.33,13,Manuel Bravo,Monterrey,Sucursal Sur,Transferencia
962,2025-10-01,Cuaderno,Papelería,46.5,10,Julio Cortez,Tijuana,Sucursal Norte,Efectivo
963,2024-08-16,Chocolate,Alimentos,100.0,19,Guillermo León,Mérida,Sucursal Norte,Transferencia
964,2024-12-12,Carro de Juguete,Juguetes,187.89,14,Daniela Herrera,León,Sucursal Norte,Tarjeta de Crédito
965,2024-04-09,Zapatos Deportivos,Deportes,942.39,5,Tomás Vega,Ciudad de México,Sucursal Centro,Tarjeta de Débito
966,2025-09-02,Café,Alimentos,195.56,9,Luis Espinoza,Ciudad de México,Sucursal Sur,Tarjeta de Crédito
967,2024-03-06,Labial,Belleza,109.09,18,Ramón Ortega,Tijuana,Sucursal Norte,Transferencia
968,2024-05-31,Gorra,Ropa,222.43,15,María Martínez,Puebla,Sucursal Norte,Tarjeta de Débito
969,2025-07-07,Pelota de Fútbol,Deportes,403.07,12,Valentina Cruz,Ciudad de México,Sucursal Centro,Tarjeta de Crédito
970,2024-10-22,Chocolate,Alimentos,99.14,16,Marco Sánchez,Guadalajara,Sucursal Sur,Efectivo
971,2024-12-14,Cargador,Electrónica,315.02,16,Rebeca Campos,Ciudad de México,Sucursal Centro,Transferencia
972,2024-08-03,Gorra,Ropa,146.15,12,Paola Mendoza,Puebla,Sucursal Norte,Tarjeta de Crédito
973,2024-04-15,Gorra,Ropa,216.96,13,Ana García,Puebla,Sucursal Centro,Tarjeta de Crédito
974,2024-10-20,Colchoneta,Deportes,888.73,4,Luis Espinoza,León,Sucursal Centro,Efectivo
975,2024-03-07,Calcetines,Ropa,88.26,6,David Torres,Puebla,Sucursal Norte,Tarjeta de Débito
976,2024-07-16,Guantes de Box,Deportes,816.45,18,Lucía Ramos,Monterrey,Sucursal Sur,Transferencia
977,2025-07-07,Guantes de Box,Deportes,744.93,5,Patricia Muñoz,Monterrey,Sucursal Norte,Tarjeta de Débito
978,2024-01-25,Gorra,Ropa,195.06,10,Fernanda Luna,León,Sucursal Norte,Tarjeta de Débito
979,2024-04-19,Chocolate,Alimentos,87.01,10,Sandra Peña,Ciudad de México,Sucursal Norte,Tarjeta de Débito
980,2024-04-01,Laptop,Electrónica,20824.34,14,María Martínez,Monterrey,Sucursal Sur,Efectivo
981,2025-05-12,Café,Alimentos,116.67,9,Paola Mendoza,Puebla,Sucursal Norte,Transferencia
982,2025-02-26,Shampoo,Belleza,127.68,9,Víctor Salinas,Monterrey,Sucursal Sur,Efectivo
983,2024-10-17,Gorra,Ropa,80.42,11,Natalia Ruiz,León,Sucursal Centro,Transferencia
984,2024-09-23,Jugo,Alimentos,56.4,16,Roberto Reyes,Puebla,Sucursal Centro,Transferencia
985,2025-11-12,Muñeca,Juguetes,400.97,12,Tomás Vega,Ciudad de México,Sucursal Sur,Efectivo
986,2025-12-09,Sudadera,Ropa,367.11,14,Mónica Ibáñez,Ciudad de México,Sucursal Norte,Efectivo
987,2024-05-27,Rompecabezas,Juguetes,154.93,3,Andrés Vargas,León,Sucursal Centro,Tarjeta de Débito
988,2024-06-26,Agua,Alimentos,32.57,8,Rebeca Campos,Ciudad de México,Sucursal Centro,Efectivo
989,2025-09-21,Laptop,Electrónica,16857.78,18,Valentina Cruz,Guadalajara,Sucursal Sur,Transferencia
990,2025-03-29,Agua,Alimentos,19.16,16,María Martínez,Guadalajara,Sucursal Centro,Transferencia
991,2025-01-27,Grapadora,Papelería,127.31,17,Natalia Ruiz,Tijuana,Sucursal Centro,Tarjeta de Crédito
992,2024-12-25,Toalla,Hogar,191.8,16,Enrique Guerrero,Guadalajara,Sucursal Sur,Tarjeta de Crédito
993,2025-06-07,Folder,Papelería,32.8,9,Guillermo León,Tijuana,Sucursal Norte,Tarjeta de Débito
994,2024-08-03,Zapatos Deportivos,Deportes,1168.53,2,Rosa Ávila,Tijuana,Sucursal Centro,Transferencia
995,2025-04-16,Jugo,Alimentos,23.8,7,Isabel Ramírez,Tijuana,Sucursal Centro,Tarjeta de Débito
996,2024-10-09,Rompecabezas,Juguetes,305.55,9,Sebastián Fuentes,Puebla,Sucursal Norte,Efectivo
997,2025-05-10,Cargador,Electrónica,145.29,13,Isabel Ramírez,Puebla,Sucursal Centro,Efectivo
998,2024-07-15,Toalla,Hogar,212.73,4,Paola Mendoza,Mérida,Sucursal Centro,Tarjeta de Crédito
999,2024-10-28,Teclado,Electrónica,536.23,4,Óscar Ríos,Monterrey,Sucursal Sur,Tarjeta de Débito
1000,2024-12-21,Camiseta,Ropa,226.93,11,Carolina Castro,León,Sucursal Norte,Tarjeta de Débito
1001,2024-05-31,Chocolate,Alimentos,33.56,12,Ignacio Miranda,Ciudad de México,Sucursal Norte,Tarjeta de Débito
1002,2024-11-01,Tijeras,Papelería,70.97,12,Cecilia Trujillo,Puebla,Sucursal Centro,Tarjeta de Crédito
1003,2025-10-04,Café,Alimentos,214.57,18,Alicia Ponce,Ciudad de México,Sucursal Norte,Tarjeta de Crédito
1004,2024-04-13,Colchoneta,Deportes,779.37,6,Manuel Bravo,Guadalajara,Sucursal Norte,Efectivo
1005,2025-01-14,Mouse,Electrónica,414.82,19,Carlos López,Tijuana,Sucursal Centro,Transferencia
1006,2025-12-03,Sudadera,Ropa,565.39,7,Cecilia Trujillo,León,Sucursal Centro,Transferencia
1007,2024-09-02,Marcadores,Papelería,42.38,11,Alicia Ponce,Monterrey,Sucursal Centro,Tarjeta de Débito
1008,2024-08-19,Rompecabezas,Juguetes,333.25,3,Juan Cervantes,Monterrey,Sucursal Norte,Transferencia
1009,2024-03-14,Lámpara,Hogar,414.15,19,Lucía Ramos,Tijuana,Sucursal Norte,Efectivo
1010,2024-07-11,Agua,Alimentos,15.2,12,Carlos López,Monterrey,Sucursal Norte,Tarjeta de Crédito
1011,2024-05-29,Perfume,Belleza,1149.1,13,Óscar Ríos,León,Sucursal Norte,Tarjeta de Crédito
1012,2025-11-24,Lámpara,Hogar,386.67,2,Sandra Peña,Guadalajara,Sucursal Centro,Tarjeta de Crédito
1013,2024-10-14,Jugo,Alimentos,38.76,8,Paola Mendoza,Monterrey,Sucursal Sur,Efectivo
1014,2025-07-08,Carro de Juguete,Juguetes,475.54,19,Ximena Paredes,Tijuana,Sucursal Centro,Efectivo
1015,2025-07-15,Cargador,Electrónica,328.06,7,Felipe Núñez,León,Sucursal Norte,Tarjeta de Crédito
1016,2025-11-06,Almohada,Hogar,352.18,10,Óscar Ríos,Mérida,Sucursal Norte,Tarjeta de Crédito
1017,2024-05-01,Calcetines,Ropa,66.37,8,Mónica Ibáñez,León,Sucursal Norte,Tarjeta de Crédito
1018,2024-07-29,Camiseta,Ropa,195.98,4,Juan Cervantes,Ciudad de México,Sucursal Centro,Transferencia
1019,2024-02-27,Shampoo,Belleza,197.15,18,Ignacio Miranda,Guadalajara,Sucursal Centro,Tarjeta de Débito
1020,2025-08-12,Agua,Alimentos,24.49,9,Eduardo Jiménez,Monterrey,Sucursal Centro,Efectivo
1021,2025-12-16,Monitor,Electrónica,4641.03,11,Guillermo León,Monterrey,Sucursal Norte,Efectivo
1022,2024-10-02,Toalla,Hogar,188.63,1,Guillermo León,Ciudad de México,Sucursal Norte,Transferencia
1023,2025-08-23,Chocolate,Alimentos,65.94,2,Beatriz Rojas,Monterrey,Sucursal Sur,Tarjeta de Débito
1024,2025-08-24,Shampoo,Belleza,84.19,5,Verónica Aguilar,Puebla,Sucursal Norte,Efectivo
1025,2025-08-23,Perfume,Belleza,434.92,16,Cecilia Trujillo,Monterrey,Sucursal Centro,Efectivo
1026,2024-06-17,Galletas,Alimentos,27.41,10,Fernanda Luna,Puebla,Sucursal Centro,Tarjeta de Crédito
1027,2025-08-15,Guantes de Box,Deportes,1082.15,1,Carolina Castro,Puebla,Sucursal Centro,Tarjeta de Crédito
1028,2024-10-09,Muñeca,Juguetes,494.45,5,Jorge Romero,Tijuana,Sucursal Centro,Tarjeta de Débito
1029,2025-08-15,Café,Alimentos,118.02,5,Pablo Álvarez,Tijuana,Sucursal Norte,Efectivo
1030,2025-08-23,Teclado,Electrónica,283.79,3,Sofía Pérez,Ciudad de México,Sucursal Centro,Transferencia
1031,2025-06-03,Café,Alimentos,200.08,14,Héctor Soto,Monterrey,Sucursal Sur,Tarjeta de Crédito
1032,2025-02-15,Agua,Alimentos,34.5,1,Marco Sánchez,Puebla,Sucursal Centro,Efectivo
1033,2025-01-25,Laptop,Electrónica,15143.32,17,Jorge Romero,Mérida,Sucursal Centro,Tarjeta de Débito
1034,2024-02-10,Toalla,Hogar,143.48,2,Fernanda Luna,Mérida,Sucursal Centro,Efectivo
1035,2025-05-31,Sudadera,Ropa,446.66,16,María Martínez,Ciudad de México,Sucursal Norte,Tarjeta de Débito
1036,2024-10-10,Toalla,Hogar,83.98,18,Andrés Vargas,León,Sucursal Norte,Transferencia
1037,2024-04-12,Muñeca,Juguetes,542.96,4,Carolina Castro,Mérida,Sucursal Centro,Efectivo
1038,2025-10-10,Chocolate,Alimentos,78.06,8,Arturo Navarro,Puebla,Sucursal Centro,Efectivo
1039,2025-05-30,Almohada,Hogar,337.13,8,Alejandra Morales,Tijuana,Sucursal Centro,Transferencia
1040,2025-08-05,Colchoneta,Deportes,755.87,2,Guillermo León,Tijuana,Sucursal Centro,Efectivo
1041,2025-01-25,Lámpara,Hogar,535.38,18,Valentina Cruz,Tijuana,Sucursal Centro,Transferencia
1042,2025-03-02,Bloques Didácticos,Juguetes,263.63,16,Miguel González,Guadalajara,Sucursal Sur,Tarjeta de Débito
1043,2025-05-16,Sudadera,Ropa,425.08,13,Sandra Peña,Puebla,Sucursal Centro,Transferencia
1044,2025-01-17,Mouse,Electrónica,276.93,11,Diego Cabrera,León,Sucursal Centro,Tarjeta de Crédito
1045,2024-12-07,Agua,Alimentos,35.14,5,Isabel Ramírez,León,Sucursal Norte,Tarjeta de Débito
1046,2025-10-24,Gorra,Ropa,132.37,4,Patricia Muñoz,Monterrey,Sucursal Centro,Transferencia
1047,2025-05-03,Agua,Alimentos,35.99,16,Valentina Cruz,Guadalajara,Sucursal Centro,Tarjeta de Débito
1048,2025-12-03,Labial,Belleza,76.16,18,Sofía Pérez,Mérida,Sucursal Norte,Transferencia
1049,2025-08-01,Pelota de Fútbol,Deportes,566.09,18,José Rodríguez,León,Sucursal Norte,Transferencia
1050,2024-10-22,Calcetines,Ropa,84.95,12,Rebeca Campos,Guadalajara,Sucursal Sur,Transferencia
1051,2024-01-30,Agua,Alimentos,18.54,18,Carolina Castro,Guadalajara,Sucursal Centro,Tarjeta de Débito
1052,2025-07-10,Marcadores,Papelería,123.27,17,Carlos López,León,Sucursal Centro,Tarjeta de Crédito
1053,2024-10-11,Cuaderno,Papelería,65.49,7,Sebastián Fuentes,Tijuana,Sucursal Centro,Tarjeta de Débito
1054,2024-02-28,Monitor,Electrónica,4848.54,15,Alberto Varela,Mérida,Sucursal Centro,Tarjeta de Crédito
1055,2024-09-15,Guantes de Box,Deportes,614.38,7,Carlos López,Tijuana,Sucursal Centro,Efectivo
1056,2024-11-08,Bolígrafo,Papelería,32.62,9,Miguel González,Ciudad de México,Sucursal Sur,Tarjeta de Crédito
1057,2024-10-27,Crema Facial,Belleza,305.32,19,Isabel Ramírez,Guadalajara,Sucursal Centro,Tarjeta de Débito
1058,2025-10-17,Tijeras,Papelería,30.66,15,Lucía Ramos,Monterrey,Sucursal Norte,Transferencia
1059,2025-05-25,Bloques Didácticos,Juguetes,222.92,16,Laura Hernández,Mérida,Sucursal Norte,Tarjeta de Débito
1060,2024-08-24,Pelota de Fútbol,Deportes,456.84,1,Ricardo Castillo,Guadalajara,Sucursal Sur,Tarjeta de Crédito
1061,2025-05-29,Pelota de Fútbol,Deportes,207.05,14,Andrés Vargas,Guadalajara,Sucursal Centro,Tarjeta de Débito
1062,2024-09-05,Esmalte,Belleza,77.36,18,Elena Delgado,Ciudad de México,Sucursal Norte,Efectivo
1063,2025-11-15,Gorra,Ropa,136.14,14,Diego Cabrera,León,Sucursal Norte,Efectivo
1064,2025-04-14,Bolígrafo,Papelería,49.83,3,Gabriela Moreno,Tijuana,Sucursal Norte,Transferencia
1065,2024-08-04,Shampoo,Belleza,115.86,6,Sergio Gutiérrez,Puebla,Sucursal Centro,Tarjeta de Débito
1066,2024-05-01,Sudadera,Ropa,307.44,3,Alejandra Morales,Guadalajara,Sucursal Sur,Efectivo
1067,2025-06-05,Bolígrafo,Papelería,45.84,1,Laura Hernández,Ciudad de México,Sucursal Sur,Tarjeta de Débito
1068,2024-04-11,Auriculares,Electrónica,392.51,18,Renata Suárez,Guadalajara,Sucursal Sur,Tarjeta de Débito
1069,2025-10-24,Almohada,Hogar,317.47,14,Sofía Pérez,Mérida,Sucursal Norte,Efectivo
1070,2024-12-02,Cargador,Electrónica,329.26,19,Adriana Molina,Guadalajara,Sucursal Norte,Transferencia
1071,2025-03-01,Toalla,Hogar,158.57,7,Eduardo Jiménez,Monterrey,Sucursal Sur,Tarjeta de Crédito
1072,2024-01-09,Café,Alimentos,81.91,8,Enrique Guerrero,Ciudad de México,Sucursal Norte,Tarjeta de Débito
1073,2025-03-01,Monitor,Electrónica,5452.08,6,Fernanda Luna,Monterrey,Sucursal Centro,Tarjeta de Crédito
1074,2025-06-23,Detergente,Hogar,61.95,17,Paola Mendoza,Monterrey,Sucursal Sur,Tarjeta de Débito
1075,2025-09-05,Detergente,Hogar,118.26,14,Sandra Peña,Mérida,Sucursal Centro,Tarjeta de Crédito
1076,2025-02-01,Almohada,Hogar,207.05,6,Tomás Vega,Guadalajara,Sucursal Centro,Tarjeta de Crédito
1077,2024-11-03,Detergente,Hogar,65.39,12,Rosa Ávila,Mérida,Sucursal Centro,Transferencia
1078,2025-07-25,Calcetines,Ropa,85.76,16,Marco Sánchez,Puebla,Sucursal Norte,Efectivo
1079,2024-10-01,Bolígrafo,Papelería,34.18,6,Paola Mendoza,Monterrey,Sucursal Norte,Tarjeta de Débito
1080,2025-06-18,Pelota de Fútbol,Deportes,541.15,8,Camila Díaz,Tijuana,Sucursal Centro,Tarjeta de Débito
1081,2025-03-01,Tijeras,Papelería,62.16,9,Sandra Peña,León,Sucursal Centro,Tarjeta de Débito
1082,2024-10-28,Labial,Belleza,100.52,12,Silvia Fuentes,Mérida,Sucursal Norte,Efectivo
1083,2025-03-07,Zapatos Deportivos,Deportes,2208.96,7,Diego Cabrera,Monterrey,Sucursal Norte,Transferencia
1084,2025-02-09,Bloques Didácticos,Juguetes,254.79,20,Roberto Reyes,Ciudad de México,Sucursal Centro,Tarjeta de Débito
1085,2024-12-05,Camiseta,Ropa,160.34,13,Cecilia Trujillo,Guadalajara,Sucursal Centro,Tarjeta de Crédito
1086,2025-03-28,Pelota de Fútbol,Deportes,294.38,1,Renata Suárez,Ciudad de México,Sucursal Norte,Tarjeta de Crédito
1087,2024-02-01,Agua,Alimentos,34.18,13,Paola Mendoza,Puebla,Sucursal Centro,Tarjeta de Crédito
1088,2024-02-02,Auriculares,Electrónica,1003.37,17,Beatriz Rojas,Guadalajara,Sucursal Centro,Efectivo
1089,2024-06-28,Guantes de Box,Deportes,924.37,1,Andrés Vargas,Guadalajara,Sucursal Sur,Tarjeta de Débito
1090,2024-08-11,Carro de Juguete,Juguetes,320.49,1,Sofía Pérez,Mérida,Sucursal Norte,Efectivo
1091,2024-09-30,Detergente,Hogar,139.22,18,Carlos López,Mérida,Sucursal Centro,Transferencia
1092,2025-05-13,Colchoneta,Deportes,363.21,16,Julio Cortez,Guadalajara,Sucursal Sur,Tarjeta de Crédito
1093,2025-06-03,Auriculares,Electrónica,1288.87,19,Marco Sánchez,León,Sucursal Norte,Tarjeta de Débito
1094,2024-05-25,Agua,Alimentos,24.62,7,Gabriela Moreno,Tijuana,Sucursal Centro,Transferencia
1095,2025-07-18,Pelota de Fútbol,Deportes,390.98,4,Ricardo Castillo,Tijuana,Sucursal Centro,Transferencia
1096,2024-08-25,Carro de Juguete,Juguetes,487.84,2,Ana García,Mérida,Sucursal Centro,Efectivo
1097,2025-03-28,Perfume,Belleza,1172.36,19,Arturo Navarro,León,Sucursal Centro,Efectivo
1098,2025-09-02,Chocolate,Alimentos,85.57,19,Julio Cortez,Puebla,Sucursal Norte,Tarjeta de Débito
1099,2024-04-24,Galletas,Alimentos,47.8,16,Mariana Medina,Ciudad de México,Sucursal Norte,Tarjeta de Débito
1100,2024-06-21,Almohada,Hogar,282.57,9,Ricardo Castillo,Guadalajara,Sucursal Centro,Transferencia
1101,2025-04-13,Bloques Didácticos,Juguetes,220.36,7,María Martínez,León,Sucursal Centro,Transferencia
1102,2024-12-31,Camiseta,Ropa,330.91,17,Patricia Muñoz,Ciudad de México,Sucursal Centro,Efectivo
1103,2025-04-09,Café,Alimentos,197.17,3,Elena Delgado,León,Sucursal Centro,Tarjeta de Crédito
1104,2025-09-28,Chocolate,Alimentos,85.02,16,Laura Hernández,Monterrey,Sucursal Norte,Transferencia
1105,2025-07-31,Toalla,Hogar,140.42,19,Fernando Flores,León,Sucursal Norte,Tarjeta de Crédito
1106,2025-02-20,Detergente,Hogar,109.13,9,Valentina Cruz,Monterrey,Sucursal Centro,Transferencia
1107,2024-05-09,Cargador,Electrónica,357.56,10,Valentina Cruz,Mérida,Sucursal Centro,Efectivo
1108,2024-03-24,Jugo,Alimentos,48.62,14,Verónica Aguilar,León,Sucursal Norte,Tarjeta de Débito
1109,2024-04-27,Camiseta,Ropa,220.94,10,Óscar Ríos,Monterrey,Sucursal Norte,Transferencia
1110,2024-05-31,Folder,Papelería,40.52,5,Óscar Ríos,Puebla,Sucursal Centro,Tarjeta de Crédito
1111,2024-05-26,Galletas,Alimentos,64.05,6,Valentina Cruz,Puebla,Sucursal Norte,Tarjeta de Crédito
1112,2024-10-01,Bloques Didácticos,Juguetes,241.85,16,Sandra Peña,Guadalajara,Sucursal Centro,Tarjeta de Débito
1113,2024-03-09,Chocolate,Alimentos,52.09,20,Renata Suárez,Puebla,Sucursal Centro,Transferencia
1114,2025-11-16,USB Flash Drive,Electrónica,158.14,3,Enrique Guerrero,Ciudad de México,Sucursal Sur,Tarjeta de Crédito
1115,2025-01-20,Calcetines,Ropa,98.95,11,Juan Cervantes,Guadalajara,Sucursal Centro,Tarjeta de Débito
1116,2024-12-15,Cuaderno,Papelería,119.59,7,Ramón Ortega,Tijuana,Sucursal Norte,Transferencia
1117,2024-02-11,Perfume,Belleza,1307.93,4,Ricardo Castillo,Ciudad de México,Sucursal Sur,Efectivo
1118,2024-04-23,Pelota de Fútbol,Deportes,474.84,10,Alicia Ponce,León,Sucursal Norte,Efectivo
1119,2024-01-01,Colchoneta,Deportes,446.09,5,Arturo Navarro,Puebla,Sucursal Norte,Tarjeta de Débito
1120,2024-03-21,Bloques Didácticos,Juguetes,236.33,19,Paola Mendoza,León,Sucursal Centro,Tarjeta de Crédito
1121,2025-09-17,Chocolate,Alimentos,81.86,6,Renata Suárez,Monterrey,Sucursal Centro,Tarjeta de Débito
1122,2025-08-26,Toalla,Hogar,105.66,4,Sandra Peña,Guadalajara,Sucursal Norte,Tarjeta de Crédito
1123,2025-12-11,Rompecabezas,Juguetes,231.72,14,Manuel Bravo,Guadalajara,Sucursal Norte,Tarjeta de Crédito
1124,2025-08-14,Pelota de Fútbol,Deportes,212.9,19,Alejandra Morales,León,Sucursal Centro,Transferencia
1125,2025-01-23,Bloques Didácticos,Juguetes,205.86,15,Carolina Castro,Tijuana,Sucursal Centro,Tarjeta de Débito
1126,2025-07-11,Mouse,Electrónica,431.37,17,Mónica Ibáñez,Puebla,Sucursal Centro,Efectivo
1127,2024-11-29,Esmalte,Belleza,78.87,15,Carolina Castro,León,Sucursal Norte,Tarjeta de Débito
1128,2025-08-27,Cargador,Electrónica,274.2,10,Ramón Ortega,Puebla,Sucursal Norte,Transferencia
1129,2025-02-22,Rompecabezas,Juguetes,391.43,12,Lucía Ramos,Guadalajara,Sucursal Centro,Tarjeta de Débito
1130,2024-05-25,Marcadores,Papelería,42.99,14,Fernanda Luna,Puebla,Sucursal Centro,Tarjeta de Débito
1131,2025-01-05,Mouse,Electrónica,215.46,3,Sandra Peña,León,Sucursal Centro,Tarjeta de Crédito
1132,2025-03-08,Cuaderno,Papelería,116.87,20,Ignacio Miranda,León,Sucursal Centro,Transferencia
1133,2024-06-12,Bolígrafo,Papelería,24.88,19,Sandra Peña,Ciudad de México,Sucursal Norte,Transferencia
1134,2025-11-14,Perfume,Belleza,807.6,17,Camila Díaz,Guadalajara,Sucursal Sur,Transferencia
1135,2024-12-07,Galletas,Alimentos,25.36,14,Ramón Ortega,Guadalajara,Sucursal Centro,Tarjeta de Crédito
1136,2024-09-17,Jugo,Alimentos,27.25,7,María Martínez,Mérida,Sucursal Norte,Tarjeta de Crédito
1137,2024-07-31,Toalla,Hogar,138.17,4,Renata Suárez,Mérida,Sucursal Norte,Transferencia
1138,2024-04-10,Muñeca,Juguetes,445.8,18,Juan Cervantes,Puebla,Sucursal Norte,Tarjeta de Débito
1139,2025-05-17,Labial,Belleza,97.47,13,Gabriela Moreno,Guadalajara,Sucursal Norte,Tarjeta de Débito
1140,2025-03-04,Jugo,Alimentos,44.1,9,Cecilia Trujillo,Mérida,Sucursal Norte,Tarjeta de Crédito
1141,2025-03-03,Lámpara,Hogar,579.2,17,Eduardo Jiménez,León,Sucursal Centro,Efectivo
1142,2025-12-11,Pelota de Fútbol,Deportes,432.32,18,Sofía Pérez,Guadalajara,Sucursal Norte,Transferencia
1143,2025-08-03,Pelota de Fútbol,Deportes,567.93,2,David Torres,Mérida,Sucursal Centro,Transferencia
1144,2025-05-10,Camiseta,Ropa,175.08,15,Sebastián Fuentes,Puebla,Sucursal Norte,Transferencia
1145,2025-05-03,Guantes de Box,Deportes,418.26,19,Ana García,Mérida,Sucursal Norte,Tarjeta de Débito
1146,2025-10-14,Labial,Belleza,128.54,12,Manuel Bravo,León,Sucursal Norte,Efectivo
1147,2025-02-05,Lámpara,Hogar,355.83,4,José Rodríguez,Mérida,Sucursal Centro,Efectivo
1148,2024-07-06,Detergente,Hogar,143.82,16,Fernanda Luna,León,Sucursal Norte,Transferencia
1149,2024-08-14,Toalla,Hogar,145.32,6,Alicia Ponce,León,Sucursal Norte,Tarjeta de Crédito
1150,2025-04-15,Sudadera,Ropa,253.59,1,Fernando Flores,Tijuana,Sucursal Norte,Efectivo
1151,2024-08-16,Crema Facial,Belleza,441.33,6,Pablo Álvarez,Tijuana,Sucursal Centro,Tarjeta de Débito
1152,2024-05-03,Cuaderno,Papelería,84.13,13,Ricardo Castillo,Ciudad de México,Sucursal Sur,Transferencia
1153,2025-08-20,Gorra,Ropa,176.5,10,Héctor Soto,Mérida,Sucursal Norte,Transferencia
1154,2025-07-01,Rompecabezas,Juguetes,369.98,8,Héctor Soto,Guadalajara,Sucursal Sur,Transferencia
1155,2025-06-26,Pelota de Fútbol,Deportes,436.96,4,Arturo Navarro,Monterrey,Sucursal Norte,Transferencia
1156,2024-07-08,Muñeca,Juguetes,337.35,18,Jorge Romero,León,Sucursal Centro,Efectivo
1157,2025-07-12,Perfume,Belleza,1118.94,16,Julio Cortez,León,Sucursal Centro,Transferencia
1158,2025-04-25,Crema Facial,Belleza,478.28,20,Patricia Muñoz,Tijuana,Sucursal Norte,Transferencia
1159,2025-04-29,Laptop,Electrónica,15443.72,1,Valentina Cruz,Guadalajara,Sucursal Norte,Transferencia
1160,2025-05-30,Perfume,Belleza,319.24,11,Valentina Cruz,León,Sucursal Norte,Efectivo
1161,2025-06-13,Detergente,Hogar,134.57,2,Adriana Molina,Monterrey,Sucursal Sur,Tarjeta de Crédito
1162,2024-03-09,Agua,Alimentos,19.92,19,Pablo Álvarez,Monterrey,Sucursal Centro,Tarjeta de Débito
1163,2025-01-02,Lámpara,Hogar,771.33,15,Paola Mendoza,Tijuana,Sucursal Centro,Tarjeta de Débito
1164,2025-05-31,Jugo,Alimentos,30.62,8,Ricardo Castillo,Guadalajara,Sucursal Sur,Transferencia
1165,2024-11-20,Marcadores,Papelería,140.32,7,Andrés Vargas,Puebla,Sucursal Centro,Transferencia
1166,2024-09-18,Pantalón,Ropa,620.44,12,Fernando Flores,León,Sucursal Norte,Transferencia
1167,2025-09-30,Sudadera,Ropa,375.58,17,Andrés Vargas,Ciudad de México,Sucursal Norte,Transferencia
1168,2025-02-18,Sudadera,Ropa,337.36,10,Alberto Varela,Guadalajara,Sucursal Sur,Tarjeta de Débito
1169,2024-04-13,Carro de Juguete,Juguetes,312.53,5,Laura Hernández,Mérida,Sucursal Centro,Tarjeta de Crédito
1170,2024-04-23,Marcadores,Papelería,48.4,12,Óscar Ríos,Tijuana,Sucursal Norte,Tarjeta de Débito
1171,2024-02-04,Cargador,Electrónica,176.53,9,Ignacio Miranda,Guadalajara,Sucursal Centro,Tarjeta de Débito
1172,2025-09-09,Crema Facial,Belleza,272.01,12,Sandra Peña,Ciudad de México,Sucursal Sur,Efectivo
1173,2025-02-13,Carro de Juguete,Juguetes,468.54,10,Alberto Varela,Puebla,Sucursal Centro,Efectivo
1174,2025-09-09,Café,Alimentos,134.33,2,Eduardo Jiménez,Puebla,Sucursal Norte,Tarjeta de Débito
1175,2025-08-05,Guantes de Box,Deportes,747.62,4,Gabriela Moreno,Puebla,Sucursal Centro,Tarjeta de Crédito
1176,2024-08-01,Laptop,Electrónica,24679.94,10,Víctor Salinas,Puebla,Sucursal Norte,Efectivo
1177,2025-03-17,Labial,Belleza,99.88,9,Gabriela Moreno,León,Sucursal Centro,Efectivo
1178,2025-06-14,Lámpara,Hogar,255.47,12,Andrés Vargas,Mérida,Sucursal Centro,Tarjeta de Crédito
1179,2025-01-07,Monitor,Electrónica,6476.73,11,José Rodríguez,Puebla,Sucursal Centro,Transferencia
1180,2025-03-11,Tijeras,Papelería,70.06,19,Alejandra Morales,Guadalajara,Sucursal Centro,Tarjeta de Débito
1181,2025-06-05,Shampoo,Belleza,83.71,20,Carolina Castro,Mérida,Sucursal Centro,Tarjeta de Débito
1182,2024-09-03,Zapatos Deportivos,Deportes,1458.98,10,Felipe Núñez,Tijuana,Sucursal Norte,Tarjeta de Débito
1183,2024-07-27,Bloques Didácticos,Juguetes,208.8,16,Alicia Ponce,Puebla,Sucursal Norte,Tarjeta de Débito
1184,2024-05-16,Zapatos Deportivos,Deportes,880.4,17,Cecilia Trujillo,Ciudad de México,Sucursal Norte,Tarjeta de Crédito
1185,2024-09-14,Zapatos Deportivos,Deportes,1730.53,16,Felipe Núñez,Monterrey,Sucursal Sur,Efectivo
1186,2024-08-07,Pantalón,Ropa,314.82,5,Sofía Pérez,Mérida,Sucursal Norte,Tarjeta de Crédito
1187,2025-07-28,Muñeca,Juguetes,323.27,14,Luis Espinoza,Guadalajara,Sucursal Norte,Tarjeta de Débito
1188,2025-12-23,Agua,Alimentos,39.84,9,Ignacio Miranda,Monterrey,Sucursal Sur,Tarjeta de Débito
1189,2024-06-05,Esmalte,Belleza,77.65,7,Verónica Aguilar,Guadalajara,Sucursal Norte,Efectivo
1190,2025-12-09,Jugo,Alimentos,59.26,13,Sergio Gutiérrez,Tijuana,Sucursal Norte,Efectivo
1191,2025-03-02,Rompecabezas,Juguetes,211.77,20,Andrés Vargas,Tijuana,Sucursal Centro,Efectivo
1192,2024-07-08,Marcadores,Papelería,114.22,20,Isabel Ramírez,Tijuana,Sucursal Centro,Tarjeta de Débito
1193,2025-05-05,Gorra,Ropa,121.34,17,Ricardo Castillo,León,Sucursal Norte,Tarjeta de Crédito
1194,2024-10-12,Grapadora,Papelería,154.55,5,Elena Delgado,Mérida,Sucursal Norte,Efectivo
1195,2024-06-22,Carro de Juguete,Juguetes,432.31,7,Renata Suárez,Mérida,Sucursal Norte,Transferencia
1196,2025-08-25,Gorra,Ropa,142.47,12,David Torres,Mérida,Sucursal Norte,Efectivo
1197,2025-01-13,Cuaderno,Papelería,36.69,6,Sofía Pérez,Mérida,Sucursal Norte,Efectivo
1198,2024-11-03,Guantes de Box,Deportes,1107.61,8,Laura Hernández,León,Sucursal Norte,Tarjeta de Crédito
1199,2024-08-04,Cuaderno,Papelería,100.15,6,Óscar Ríos,Puebla,Sucursal Centro,Tarjeta de Débito
1200,2025-09-02,Crema Facial,Belleza,454.86,11,Manuel Bravo,Monterrey,Sucursal Norte,Tarjeta de Débito
1201,2025-01-29,Bolígrafo,Papelería,39.3,15,Natalia Ruiz,Tijuana,Sucursal Centro,Tarjeta de Débito
1202,2024-08-02,Agua,Alimentos,36.45,4,Guillermo León,Tijuana,Sucursal Centro,Tarjeta de Crédito
1203,2024-07-29,Pelota de Fútbol,Deportes,504.72,6,Fernanda Luna,Monterrey,Sucursal Sur,Transferencia
1204,2025-11-20,Labial,Belleza,195.44,15,Enrique Guerrero,Mérida,Sucursal Norte,Tarjeta de Crédito
1205,2025-05-13,Guantes de Box,Deportes,496.92,19,Pablo Álvarez,León,Sucursal Norte,Transferencia
1206,2024-08-22,Pelota de Fútbol,Deportes,567.45,6,Gabriela Moreno,Guadalajara,Sucursal Centro,Tarjeta de Crédito
1207,2024-02-18,Almohada,Hogar,160.92,16,Pablo Álvarez,Mérida,Sucursal Centro,Transferencia
1208,2024-10-04,Cuaderno,Papelería,31.34,14,Tomás Vega,Ciudad de México,Sucursal Centro,Efectivo
1209,2024-04-30,Chocolate,Alimentos,33.82,2,Ricardo Castillo,Ciudad de México,Sucursal Centro,Tarjeta de Débito
1210,2024-01-28,Jugo,Alimentos,42.3,6,Guillermo León,Guadalajara,Sucursal Centro,Tarjeta de Crédito
1211,2025-02-18,Jugo,Alimentos,44.32,5,Natalia Ruiz,Monterrey,Sucursal Sur,Transferencia
1212,2025-07-25,Grapadora,Papelería,96.86,4,Patricia Muñoz,Guadalajara,Sucursal Sur,Transferencia
1213,2024-03-07,Zapatos Deportivos,Deportes,1300.18,8,Miguel González,Mérida,Sucursal Norte,Efectivo
1214,2025-04-29,Mouse,Electrónica,194.73,11,Jorge Romero,Mérida,Sucursal Norte,Tarjeta de Débito
1215,2024-04-21,Cargador,Electrónica,120.85,20,Camila Díaz,León,Sucursal Norte,Tarjeta de Débito
1216,2024-04-10,Agua,Alimentos,22.05,9,Juan Cervantes,Monterrey,Sucursal Centro,Tarjeta de Débito
1217,2025-04-30,Almohada,Hogar,184.08,2,Miguel González,Tijuana,Sucursal Centro,Efectivo
1218,2024-12-10,Pelota de Fútbol,Deportes,359.51,8,Enrique Guerrero,Monterrey,Sucursal Norte,Tarjeta de Débito
1219,2024-12-09,Gorra,Ropa,238.87,1,Daniela Herrera,Tijuana,Sucursal Norte,Tarjeta de Crédito
1220,2024-11-24,Lámpara,Hogar,265.23,3,Mariana Medina,Puebla,Sucursal Norte,Transferencia
1221,2025-07-14,Tijeras,Papelería,65.76,8,Carlos López,Tijuana,Sucursal Norte,Tarjeta de Crédito
1222,2025-03-04,Pelota de Fútbol,Deportes,449.82,7,Juan Cervantes,Guadalajara,Sucursal Sur,Transferencia
1223,2025-05-13,Carro de Juguete,Juguetes,419.92,20,Rebeca Campos,Puebla,Sucursal Centro,Efectivo
1224,2024-04-15,Pelota de Fútbol,Deportes,258.26,16,Pablo Álvarez,Monterrey,Sucursal Sur,Tarjeta de Débito
1225,2025-11-20,Camiseta,Ropa,361.59,11,Beatriz Rojas,Ciudad de México,Sucursal Centro,Efectivo
1226,2024-03-22,Shampoo,Belleza,158.64,2,Camila Díaz,León,Sucursal Centro,Efectivo
1227,2024-08-24,Cargador,Electrónica,371.68,15,Cecilia Trujillo,Ciudad de México,Sucursal Centro,Transferencia
1228,2025-02-19,Auriculares,Electrónica,663.19,11,Manuel Bravo,León,Sucursal Norte,Transferencia
1229,2024-04-02,Pelota de Fútbol,Deportes,521.53,10,Laura Hernández,Guadalajara,Sucursal Centro,Tarjeta de Débito
1230,2024-07-27,Labial,Belleza,112.37,20,Camila Díaz,Ciudad de México,Sucursal Centro,Transferencia
1231,2025-08-12,Detergente,Hogar,98.36,3,Silvia Fuentes,Puebla,Sucursal Norte,Tarjeta de Crédito
1232,2025-07-18,Carro de Juguete,Juguetes,475.94,13,Ramón Ortega,Mérida,Sucursal Centro,Tarjeta de Crédito
1233,2025-07-25,Colchoneta,Deportes,779.11,1,Carlos López,León,Sucursal Norte,Transferencia
1234,2024-03-21,Almohada,Hogar,360.25,5,Isabel Ramírez,Guadalajara,Sucursal Sur,Efectivo
1235,2024-05-08,Camiseta,Ropa,284.47,8,Laura Hernández,Tijuana,Sucursal Norte,Tarjeta de Débito
1236,2024-09-17,Sudadera,Ropa,283.84,13,Lucía Ramos,Puebla,Sucursal Centro,Transferencia
1237,2024-05-26,Pantalón,Ropa,442.95,13,Daniela Herrera,Tijuana,Sucursal Centro,Transferencia
1238,2024-01-06,Sudadera,Ropa,575.12,8,Verónica Aguilar,Puebla,Sucursal Centro,Transferencia
1239,2024-07-20,Laptop,Electrónica,10701.42,18,Fernando Flores,León,Sucursal Norte,Transferencia
1240,2024-06-08,Jugo,Alimentos,32.66,17,Mariana Medina,León,Sucursal Norte,Tarjeta de Crédito
1241,2025-01-23,Detergente,Hogar,55.45,6,Carlos López,Monterrey,Sucursal Sur,Tarjeta de Débito
1242,2025-07-07,Esmalte,Belleza,34.49,19,Juan Cervantes,Tijuana,Sucursal Norte,Transferencia
1243,2025-01-11,Bloques Didácticos,Juguetes,209.99,10,Sebastián Fuentes,Guadalajara,Sucursal Norte,Transferencia
1244,2025-12-07,Café,Alimentos,93.36,8,Mónica Ibáñez,Puebla,Sucursal Norte,Tarjeta de Débito
1245,2025-12-08,Tijeras,Papelería,26.44,18,Camila Díaz,Puebla,Sucursal Centro,Tarjeta de Crédito
1246,2025-04-10,Almohada,Hogar,272.38,9,Mónica Ibáñez,León,Sucursal Norte,Efectivo
1247,2025-01-27,Sudadera,Ropa,297.58,3,José Rodríguez,Ciudad de México,Sucursal Centro,Tarjeta de Débito
1248,2024-12-12,Bolígrafo,Papelería,45.14,10,Andrés Vargas,Tijuana,Sucursal Centro,Transferencia
1249,2024-05-31,Teclado,Electrónica,724.97,7,Silvia Fuentes,Mérida,Sucursal Norte,Efectivo
1250,2025-08-05,Pantalón,Ropa,782.34,15,Rosa Ávila,León,Sucursal Centro,Tarjeta de Crédito
1251,2024-04-05,Chocolate,Alimentos,81.49,12,Laura Hernández,Mérida,Sucursal Centro,Transferencia
1252,2024-07-03,Pantalón,Ropa,776.58,14,Carolina Castro,Tijuana,Sucursal Centro,Transferencia
1253,2025-08-31,Bloques Didácticos,Juguetes,146.03,5,Jorge Romero,Puebla,Sucursal Norte,Efectivo
1254,2024-02-15,Detergente,Hogar,145.92,1,Carolina Castro,Tijuana,Sucursal Norte,Efectivo
1255,2024-10-04,Bloques Didácticos,Juguetes,253.35,8,Valentina Cruz,León,Sucursal Centro,Tarjeta de Débito
1256,2025-11-23,Monitor,Electrónica,3886.91,8,Valentina Cruz,León,Sucursal Norte,Tarjeta de Crédito
1257,2025-08-04,Shampoo,Belleza,91.55,11,Eduardo Jiménez,Mérida,Sucursal Norte,Tarjeta de Débito
1258,2024-09-18,Agua,Alimentos,30.25,15,Mariana Medina,Ciudad de México,Sucursal Sur,Tarjeta de Débito
1259,2025-05-08,Mouse,Electrónica,180.15,16,Alejandra Morales,León,Sucursal Centro,Transferencia
1260,2024-02-21,Cargador,Electrónica,249.11,10,Ramón Ortega,Puebla,Sucursal Centro,Transferencia
1261,2025-01-12,Esmalte,Belleza,30.15,16,Mónica Ibáñez,Guadalajara,Sucursal Sur,Tarjeta de Débito
1262,2024-07-17,Chocolate,Alimentos,59.01,15,Guillermo León,Puebla,Sucursal Norte,Tarjeta de Débito
1263,2024-09-14,Pantalón,Ropa,359.22,9,Juan Cervantes,León,Sucursal Norte,Tarjeta de Crédito
1264,2024-12-18,Cuaderno,Papelería,88.92,5,Camila Díaz,Tijuana,Sucursal Centro,Tarjeta de Crédito
1265,2024-09-15,Jugo,Alimentos,57.41,17,Manuel Bravo,Puebla,Sucursal Norte,Tarjeta de Crédito
1266,2025-09-08,Rompecabezas,Juguetes,338.46,10,Guillermo León,Ciudad de México,Sucursal Norte,Tarjeta de Débito
1267,2024-01-01,Camiseta,Ropa,325.51,7,Felipe Núñez,Guadalajara,Sucursal Sur,Tarjeta de Crédito
1268,2025-08-18,Auriculares,Electrónica,924.55,5,Luis Espinoza,Mérida,Sucursal Norte,Efectivo
1269,2025-08-02,Monitor,Electrónica,7751.13,9,Rosa Ávila,Tijuana,Sucursal Norte,Transferencia
1270,2024-05-01,Café,Alimentos,97.38,8,Manuel Bravo,Tijuana,Sucursal Norte,Tarjeta de Débito
1271,2025-04-08,Perfume,Belleza,863.85,5,Ignacio Miranda,Puebla,Sucursal Centro,Tarjeta de Crédito
1272,2024-09-01,Colchoneta,Deportes,707.72,20,Alberto Varela,León,Sucursal Centro,Transferencia
1273,2024-05-22,Almohada,Hogar,261.95,8,Andrés Vargas,Tijuana,Sucursal Norte,Tarjeta de Crédito
1274,2025-01-04,Tijeras,Papelería,78.5,5,Laura Hernández,Puebla,Sucursal Centro,Efectivo
1275,2024-06-09,Calcetines,Ropa,49.93,4,Isabel Ramírez,Ciudad de México,Sucursal Sur,Efectivo
1276,2025-06-19,Grapadora,Papelería,146.65,20,Laura Hernández,León,Sucursal Norte,Tarjeta de Débito
1277,2025-06-15,Pantalón,Ropa,765.31,6,Juan Cervantes,Puebla,Sucursal Norte,Transferencia
1278,2024-03-24,Gorra,Ropa,122.39,11,Sandra Peña,Ciudad de México,Sucursal Centro,Transferencia
1279,2024-02-22,Jugo,Alimentos,52.51,15,Lucía Ramos,Ciudad de México,Sucursal Norte,Efectivo
1280,2024-09-22,Auriculares,Electrónica,1840.15,10,Rosa Ávila,León,Sucursal Norte,Tarjeta de Débito
1281,2025-01-23,Galletas,Alimentos,79.21,5,Patricia Muñoz,Tijuana,Sucursal Centro,Efectivo
1282,2025-01-06,Camiseta,Ropa,248.6,1,Fernando Flores,Puebla,Sucursal Norte,Tarjeta de Débito
1283,2025-03-28,Pantalón,Ropa,341.24,13,Ramón Ortega,Puebla,Sucursal Centro,Efectivo
1284,2024-08-21,Folder,Papelería,45.64,14,Sebastián Fuentes,León,Sucursal Norte,Efectivo
1285,2024-06-23,Calcetines,Ropa,95.79,4,Miguel González,Tijuana,Sucursal Centro,Tarjeta de Crédito
1286,2025-12-06,Labial,Belleza,185.13,14,Adriana Molina,Puebla,Sucursal Norte,Transferencia
1287,2024-05-14,Carro de Juguete,Juguetes,333.79,6,Ana García,Monterrey,Sucursal Norte,Tarjeta de Débito
1288,2024-02-18,Mouse,Electrónica,182.78,6,Gabriela Moreno,Puebla,Sucursal Centro,Efectivo
1289,2025-11-11,Laptop,Electrónica,17911.32,10,Fernando Flores,Mérida,Sucursal Norte,Tarjeta de Débito
1290,2024-02-27,Teclado,Electrónica,701.33,8,Lucía Ramos,Tijuana,Sucursal Centro,Tarjeta de Crédito
1291,2025-09-27,Galletas,Alimentos,42.77,15,Marco Sánchez,Mérida,Sucursal Norte,Tarjeta de Débito
1292,2025-05-07,Gorra,Ropa,122.84,2,Alicia Ponce,Guadalajara,Sucursal Sur,Tarjeta de Crédito
1293,2025-07-13,Grapadora,Papelería,84.5,17,Patricia Muñoz,Tijuana,Sucursal Centro,Transferencia
1294,2024-08-17,Tijeras,Papelería,62.37,12,Ricardo Castillo,Monterrey,Sucursal Norte,Transferencia
1295,2024-12-29,Pelota de Fútbol,Deportes,376.37,16,Beatriz Rojas,Ciudad de México,Sucursal Sur,Transferencia
1296,2024-07-23,Carro de Juguete,Juguetes,295.91,16,Valentina Cruz,Tijuana,Sucursal Centro,Transferencia
1297,2025-09-24,Laptop,Electrónica,9978.63,5,Gabriela Moreno,Mérida,Sucursal Norte,Efectivo
1298,2025-05-06,Almohada,Hogar,183.71,1,Laura Hernández,León,Sucursal Centro,Tarjeta de Crédito
1299,2025-12-14,Monitor,Electrónica,7593.42,11,Patricia Muñoz,Ciudad de México,Sucursal Sur,Efectivo
1300,2024-11-03,Bloques Didácticos,Juguetes,318.99,19,Carolina Castro,Mérida,Sucursal Norte,Transferencia
1301,2024-11-15,Carro de Juguete,Juguetes,192.02,20,Roberto Reyes,Monterrey,Sucursal Sur,Efectivo
1302,2024-10-13,Lámpara,Hogar,748.47,15,Julio Cortez,Mérida,Sucursal Centro,Efectivo
1303,2025-12-29,Teclado,Electrónica,444.28,14,Alberto Varela,Guadalajara,Sucursal Centro,Efectivo
1304,2025-07-18,Carro de Juguete,Juguetes,484.88,9,Ignacio Miranda,Puebla,Sucursal Norte,Efectivo
1305,2025-06-18,Almohada,Hogar,394.85,15,Ricardo Castillo,León,Sucursal Centro,Tarjeta de Crédito
1306,2025-11-16,Zapatos Deportivos,Deportes,2074.55,1,David Torres,Puebla,Sucursal Norte,Tarjeta de Crédito
1307,2024-10-15,Rompecabezas,Juguetes,218.46,15,Enrique Guerrero,Puebla,Sucursal Norte,Transferencia
1308,2025-09-14,Mouse,Electrónica,192.37,5,Tomás Vega,Tijuana,Sucursal Centro,Efectivo
1309,2025-09-12,Grapadora,Papelería,145.07,7,Elena Delgado,Ciudad de México,Sucursal Centro,Tarjeta de Débito
1310,2025-04-05,Bloques Didácticos,Juguetes,287.74,8,Lucía Ramos,Puebla,Sucursal Norte,Transferencia
1311,2024-03-28,Grapadora,Papelería,199.82,9,Miguel González,León,Sucursal Centro,Efectivo
1312,2024-09-06,Zapatos Deportivos,Deportes,1067.36,4,Cecilia Trujillo,Mérida,Sucursal Norte,Tarjeta de Crédito
1313,2025-09-20,Bloques Didácticos,Juguetes,147.38,2,Carlos López,Tijuana,Sucursal Norte,Efectivo
1314,2025-11-24,Toalla,Hogar,170.84,6,Verónica Aguilar,Mérida,Sucursal Centro,Transferencia
1315,2025-10-25,Muñeca,Juguetes,579.86,7,Alberto Varela,Monterrey,Sucursal Centro,Transferencia
1316,2025-04-09,Cuaderno,Papelería,57.74,13,Eduardo Jiménez,Mérida,Sucursal Norte,Transferencia
1317,2024-04-09,Guantes de Box,Deportes,655.29,12,Isabel Ramírez,Monterrey,Sucursal Norte,Efectivo
1318,2024-12-25,Lámpara,Hogar,226.14,15,Víctor Salinas,León,Sucursal Norte,Tarjeta de Crédito
1319,2024-01-02,Zapatos Deportivos,Deportes,1350.84,3,Manuel Bravo,Puebla,Sucursal Centro,Tarjeta de Crédito
1320,2025-03-16,Pantalón,Ropa,369.86,15,Rosa Ávila,Mérida,Sucursal Norte,Transferencia
1321,2024-09-19,Toalla,Hogar,85.11,19,Arturo Navarro,Ciudad de México,Sucursal Centro,Tarjeta de Crédito
1322,2024-01-11,Agua,Alimentos,17.16,5,Sofía Pérez,Monterrey,Sucursal Sur,Efectivo
1323,2025-04-10,Bloques Didácticos,Juguetes,254.23,2,Laura Hernández,Tijuana,Sucursal Centro,Tarjeta de Crédito
1324,2025-12-20,Auriculares,Electrónica,1230.28,16,Sofía Pérez,Monterrey,Sucursal Norte,Efectivo
1325,2025-10-28,Detergente,Hogar,61.85,19,Jorge Romero,Guadalajara,Sucursal Sur,Tarjeta de Crédito
1326,2024-02-25,Agua,Alimentos,15.79,2,Mónica Ibáñez,Puebla,Sucursal Norte,Efectivo
1327,2024-08-11,Pelota de Fútbol,Deportes,533.38,16,Guillermo León,Mérida,Sucursal Centro,Tarjeta de Débito
1328,2024-01-06,Carro de Juguete,Juguetes,189.76,3,Ricardo Castillo,Puebla,Sucursal Norte,Efectivo
1329,2024-08-30,Shampoo,Belleza,166.49,9,Pablo Álvarez,Guadalajara,Sucursal Centro,Tarjeta de Débito
1330,2025-09-21,Cuaderno,Papelería,74.12,6,Fernando Flores,Monterrey,Sucursal Norte,Tarjeta de Crédito
1331,2025-05-28,Esmalte,Belleza,61.92,5,Felipe Núñez,León,Sucursal Norte,Efectivo
1332,2025-08-03,Café,Alimentos,107.23,6,Pablo Álvarez,Ciudad de México,Sucursal Norte,Tarjeta de Crédito
1333,2025-11-30,Colchoneta,Deportes,393.33,7,Sebastián Fuentes,Puebla,Sucursal Norte,Efectivo
1334,2024-11-20,Guantes de Box,Deportes,828.1,14,Juan Cervantes,Tijuana,Sucursal Norte,Tarjeta de Débito
1335,2025-11-14,Cuaderno,Papelería,119.55,6,Ricardo Castillo,Ciudad de México,Sucursal Sur,Efectivo
1336,2025-08-22,USB Flash Drive,Electrónica,192.01,6,Paola Mendoza,Ciudad de México,Sucursal Sur,Efectivo
1337,2024-04-04,Pantalón,Ropa,654.09,2,Ramón Ortega,León,Sucursal Norte,Efectivo
1338,2024-08-23,Café,Alimentos,102.59,19,Paola Mendoza,Mérida,Sucursal Centro,Efectivo
1339,2024-03-22,Muñeca,Juguetes,518.95,13,Sofía Pérez,Mérida,Sucursal Norte,Transferencia
1340,2025-10-01,Zapatos Deportivos,Deportes,1061.38,18,Ximena Paredes,León,Sucursal Norte,Tarjeta de Crédito
1341,2025-06-01,Agua,Alimentos,21.61,3,Gabriela Moreno,León,Sucursal Norte,Transferencia
1342,2025-03-24,Cargador,Electrónica,151.69,8,Lucía Ramos,Guadalajara,Sucursal Norte,Tarjeta de Débito
1343,2025-01-09,Detergente,Hogar,81.69,10,Alejandra Morales,Guadalajara,Sucursal Sur,Transferencia
1344,2024-08-12,Almohada,Hogar,188.47,7,Ximena Paredes,León,Sucursal Centro,Tarjeta de Crédito
1345,2024-03-21,Bolígrafo,Papelería,38.03,10,Mónica Ibáñez,Ciudad de México,Sucursal Centro,Tarjeta de Crédito
1346,2024-07-03,Almohada,Hogar,216.96,5,Luis Espinoza,Guadalajara,Sucursal Sur,Efectivo
1347,2025-05-05,Calcetines,Ropa,86.07,7,Ricardo Castillo,Guadalajara,Sucursal Centro,Transferencia
1348,2025-11-15,Detergente,Hogar,139.83,19,Ximena Paredes,Puebla,Sucursal Norte,Transferencia
1349,2024-10-28,Zapatos Deportivos,Deportes,2343.76,12,Andrés Vargas,Puebla,Sucursal Norte,Tarjeta de Débito
1350,2024-06-13,Pelota de Fútbol,Deportes,354.0,15,Fernando Flores,Guadalajara,Sucursal Sur,Tarjeta de Crédito
1351,2025-04-23,Chocolate,Alimentos,55.08,10,Natalia Ruiz,Puebla,Sucursal Centro,Efectivo
1352,2024-12-13,Zapatos Deportivos,Deportes,971.32,20,Óscar Ríos,Mérida,Sucursal Norte,Tarjeta de Débito
1353,2025-03-03,Esmalte,Belleza,106.55,5,Sandra Peña,Monterrey,Sucursal Norte,Efectivo
1354,2024-04-01,Esmalte,Belleza,68.11,16,Carolina Castro,Guadalajara,Sucursal Centro,Tarjeta de Débito
1355,2024-12-14,Chocolate,Alimentos,72.97,8,Alberto Varela,Monterrey,Sucursal Sur,Tarjeta de Débito
1356,2025-12-04,Gorra,Ropa,135.74,7,Beatriz Rojas,Guadalajara,Sucursal Norte,Transferencia
1357,2025-09-24,Jugo,Alimentos,34.24,15,Mónica Ibáñez,Ciudad de México,Sucursal Sur,Transferencia
1358,2024-07-30,Cuaderno,Papelería,109.64,10,Patricia Muñoz,Mérida,Sucursal Centro,Tarjeta de Débito
1359,2025-04-19,Toalla,Hogar,197.78,20,Pablo Álvarez,Tijuana,Sucursal Centro,Transferencia
1360,2024-03-10,Folder,Papelería,36.88,9,Pablo Álvarez,Puebla,Sucursal Norte,Tarjeta de Crédito
1361,2025-11-16,Zapatos Deportivos,Deportes,956.22,7,Jorge Romero,León,Sucursal Norte,Tarjeta de Débito
1362,2025-04-12,Tijeras,Papelería,57.75,12,Diego Cabrera,Mérida,Sucursal Norte,Transferencia
1363,2024-10-31,Rompecabezas,Juguetes,362.02,20,Roberto Reyes,León,Sucursal Norte,Tarjeta de Débito
1364,2024-09-05,Carro de Juguete,Juguetes,343.01,16,Renata Suárez,Puebla,Sucursal Norte,Tarjeta de Crédito
1365,2024-12-30,Monitor,Electrónica,5311.22,18,Marco Sánchez,Ciudad de México,Sucursal Sur,Efectivo
1366,2024-08-30,Pantalón,Ropa,674.79,11,Fernando Flores,Ciudad de México,Sucursal Sur,Tarjeta de Débito
1367,2025-06-10,Camiseta,Ropa,157.81,3,Verónica Aguilar,Mérida,Sucursal Norte,Transferencia
1368,2024-03-05,Bloques Didácticos,Juguetes,248.69,4,Ximena Paredes,Guadalajara,Sucursal Norte,Tarjeta de Crédito
1369,2024-09-17,Bolígrafo,Papelería,24.35,8,Daniela Herrera,León,Sucursal Norte,Tarjeta de Crédito
1370,2024-02-04,Chocolate,Alimentos,95.92,5,Alejandra Morales,Tijuana,Sucursal Centro,Tarjeta de Crédito
1371,2025-08-19,Sudadera,Ropa,284.67,1,Isabel Ramírez,Puebla,Sucursal Norte,Efectivo
1372,2025-03-03,Pelota de Fútbol,Deportes,303.11,20,Juan Cervantes,Puebla,Sucursal Centro,Tarjeta de Débito
1373,2025-03-23,Esmalte,Belleza,80.29,20,Silvia Fuentes,Monterrey,Sucursal Sur,Tarjeta de Crédito
1374,2024-01-26,Guantes de Box,Deportes,483.49,5,Víctor Salinas,Monterrey,Sucursal Sur,Tarjeta de Débito
1375,2024-01-21,Grapadora,Papelería,182.78,14,Julio Cortez,Tijuana,Sucursal Centro,Efectivo
1376,2025-04-24,Sudadera,Ropa,397.65,8,María Martínez,León,Sucursal Centro,Tarjeta de Débito
1377,2024-04-18,USB Flash Drive,Electrónica,162.18,2,Valentina Cruz,Puebla,Sucursal Centro,Transferencia
1378,2024-08-17,Carro de Juguete,Juguetes,232.07,11,José Rodríguez,Monterrey,Sucursal Sur,Efectivo
1379,2025-07-24,Galletas,Alimentos,58.78,5,Paola Mendoza,León,Sucursal Norte,Tarjeta de Débito
1380,2025-10-19,Guantes de Box,Deportes,410.47,10,Ricardo Castillo,Puebla,Sucursal Centro,Tarjeta de Débito
1381,2025-08-26,Lámpara,Hogar,579.96,7,Adriana Molina,Guadalajara,Sucursal Centro,Tarjeta de Crédito
1382,2025-03-03,Cuaderno,Papelería,87.88,15,Alejandra Morales,Mérida,Sucursal Centro,Tarjeta de Débito
1383,2025-09-12,Pantalón,Ropa,635.37,2,Eduardo Jiménez,Puebla,Sucursal Centro,Transferencia
1384,2025-04-25,Chocolate,Alimentos,56.56,3,David Torres,Tijuana,Sucursal Norte,Tarjeta de Crédito
1385,2024-02-24,Zapatos Deportivos,Deportes,2291.05,12,Arturo Navarro,Guadalajara,Sucursal Centro,Tarjeta de Crédito
1386,2024-06-09,Colchoneta,Deportes,562.82,19,Julio Cortez,Guadalajara,Sucursal Sur,Transferencia
1387,2025-03-30,Teclado,Electrónica,591.23,13,Beatriz Rojas,Puebla,Sucursal Centro,Efectivo
1388,2024-12-08,Monitor,Electrónica,7026.93,15,Gabriela Moreno,León,Sucursal Centro,Tarjeta de Débito
1389,2024-02-29,Pelota de Fútbol,Deportes,483.51,12,Alejandra Morales,Ciudad de México,Sucursal Centro,Transferencia
1390,2024-05-15,Shampoo,Belleza,178.32,13,Valentina Cruz,León,Sucursal Norte,Tarjeta de Débito
1391,2024-10-23,Colchoneta,Deportes,425.41,18,Mariana Medina,Monterrey,Sucursal Centro,Transferencia
1392,2024-11-16,Laptop,Electrónica,19343.22,13,Enrique Guerrero,León,Sucursal Norte,Transferencia
1393,2024-03-26,Auriculares,Electrónica,444.25,5,María Martínez,León,Sucursal Centro,Tarjeta de Débito
1394,2025-06-08,Pelota de Fútbol,Deportes,598.65,20,Sandra Peña,Guadalajara,Sucursal Sur,Tarjeta de Débito
1395,2024-11-04,Marcadores,Papelería,80.92,7,Rosa Ávila,Ciudad de México,Sucursal Norte,Tarjeta de Crédito
1396,2025-04-04,Camiseta,Ropa,240.81,13,Ximena Paredes,Guadalajara,Sucursal Norte,Tarjeta de Crédito
1397,2024-01-08,Agua,Alimentos,30.93,16,Enrique Guerrero,Tijuana,Sucursal Norte,Efectivo
1398,2024-10-04,Zapatos Deportivos,Deportes,1564.16,19,Verónica Aguilar,Guadalajara,Sucursal Centro,Efectivo
1399,2025-05-16,Teclado,Electrónica,469.6,5,Carlos López,Ciudad de México,Sucursal Sur,Tarjeta de Débito
1400,2024-11-13,Bloques Didácticos,Juguetes,158.06,18,María Martínez,Tijuana,Sucursal Centro,Efectivo
1401,2024-12-26,Toalla,Hogar,87.55,7,Gabriela Moreno,Puebla,Sucursal Centro,Tarjeta de Débito
1402,2024-02-07,Café,Alimentos,197.98,18,Marco Sánchez,Guadalajara,Sucursal Centro,Transferencia
1403,2025-01-22,Crema Facial,Belleza,444.42,7,Marco Sánchez,Monterrey,Sucursal Centro,Efectivo
1404,2025-01-24,Bloques Didácticos,Juguetes,341.95,15,Valentina Cruz,Mérida,Sucursal Centro,Tarjeta de Débito
1405,2024-07-23,Marcadores,Papelería,99.88,3,Roberto Reyes,Puebla,Sucursal Centro,Tarjeta de Crédito
1406,2024-12-31,Laptop,Electrónica,15316.68,12,Valentina Cruz,Ciudad de México,Sucursal Sur,Efectivo
1407,2025-09-06,Café,Alimentos,166.6,15,Enrique Guerrero,Tijuana,Sucursal Norte,Transferencia
1408,2024-03-13,Cargador,Electrónica,219.59,16,Paola Mendoza,León,Sucursal Norte,Transferencia
1409,2025-08-08,Muñeca,Juguetes,551.68,13,Renata Suárez,Puebla,Sucursal Norte,Efectivo
1410,2025-01-24,Rompecabezas,Juguetes,199.42,5,Enrique Guerrero,Monterrey,Sucursal Sur,Transferencia
1411,2025-03-08,Sudadera,Ropa,513.44,3,Mariana Medina,Mérida,Sucursal Centro,Tarjeta de Crédito
1412,2024-12-18,Esmalte,Belleza,77.02,3,Natalia Ruiz,Guadalajara,Sucursal Norte,Tarjeta de Débito
1413,2024-08-08,Esmalte,Belleza,64.16,18,Sebastián Fuentes,Puebla,Sucursal Centro,Tarjeta de Crédito
1414,2025-11-14,Pantalón,Ropa,780.13,19,Isabel Ramírez,Mérida,Sucursal Centro,Transferencia
1415,2024-09-24,Perfume,Belleza,346.5,17,Lucía Ramos,León,Sucursal Norte,Transferencia
1416,2025-08-21,Calcetines,Ropa,59.39,4,Pablo Álvarez,León,Sucursal Centro,Efectivo
1417,2024-05-18,Agua,Alimentos,38.99,18,Rosa Ávila,Puebla,Sucursal Norte,Tarjeta de Crédito
1418,2024-09-25,Toalla,Hogar,207.2,6,Miguel González,León,Sucursal Centro,Tarjeta de Crédito
1419,2024-06-15,Agua,Alimentos,17.78,18,Lucía Ramos,Ciudad de México,Sucursal Norte,Tarjeta de Débito
1420,2024-07-28,Pantalón,Ropa,379.96,8,Jorge Romero,Guadalajara,Sucursal Norte,Efectivo
1421,2024-03-10,Detergente,Hogar,95.59,2,Ricardo Castillo,Mérida,Sucursal Centro,Tarjeta de Crédito
1422,2025-11-26,Perfume,Belleza,1002.3,7,Enrique Guerrero,Tijuana,Sucursal Norte,Tarjeta de Débito
1423,2024-03-07,Colchoneta,Deportes,703.58,5,Fernanda Luna,León,Sucursal Centro,Efectivo
1424,2025-11-13,Colchoneta,Deportes,350.04,10,Paola Mendoza,Tijuana,Sucursal Centro,Tarjeta de Crédito
1425,2025-11-28,Lámpara,Hogar,336.04,9,Cecilia Trujillo,Mérida,Sucursal Norte,Tarjeta de Débito
1426,2025-07-25,Tijeras,Papelería,75.74,18,Isabel Ramírez,Mérida,Sucursal Norte,Tarjeta de Débito
1427,2024-06-10,Shampoo,Belleza,134.45,18,Guillermo León,Puebla,Sucursal Norte,Transferencia
1428,2025-08-19,Sudadera,Ropa,345.41,2,Luis Espinoza,Guadalajara,Sucursal Sur,Tarjeta de Débito
1429,2025-02-27,Crema Facial,Belleza,175.46,9,Sergio Gutiérrez,Mérida,Sucursal Norte,Tarjeta de Crédito
1430,2025-11-26,Toalla,Hogar,120.37,3,Gabriela Moreno,Guadalajara,Sucursal Centro,Tarjeta de Débito
1431,2025-06-19,Jugo,Alimentos,43.08,12,Manuel Bravo,Guadalajara,Sucursal Sur,Tarjeta de Crédito
1432,2025-12-25,Zapatos Deportivos,Deportes,825.95,19,Miguel González,Ciudad de México,Sucursal Centro,Tarjeta de Débito
1433,2025-08-30,Chocolate,Alimentos,77.35,11,Rosa Ávila,Puebla,Sucursal Centro,Transferencia
1434,2024-09-25,Pelota de Fútbol,Deportes,301.85,17,Guillermo León,Ciudad de México,Sucursal Centro,Tarjeta de Crédito
1435,2025-06-30,Bolígrafo,Papelería,36.77,9,Ramón Ortega,Puebla,Sucursal Centro,Tarjeta de Crédito
1436,2025-04-13,Camiseta,Ropa,332.96,12,Juan Cervantes,León,Sucursal Norte,Tarjeta de Crédito
1437,2025-05-13,Colchoneta,Deportes,418.45,3,David Torres,Puebla,Sucursal Norte,Efectivo
1438,2025-03-25,Toalla,Hogar,102.72,11,Isabel Ramírez,Mérida,Sucursal Centro,Transferencia
1439,2024-01-23,Pelota de Fútbol,Deportes,514.4,9,Mónica Ibáñez,Tijuana,Sucursal Centro,Transferencia
1440,2025-04-18,Carro de Juguete,Juguetes,475.74,10,Alejandra Morales,Puebla,Sucursal Centro,Efectivo
1441,2025-07-21,Detergente,Hogar,99.05,8,Jorge Romero,Ciudad de México,Sucursal Norte,Tarjeta de Crédito
1442,2024-09-22,Shampoo,Belleza,162.73,4,Julio Cortez,León,Sucursal Centro,Tarjeta de Débito
1443,2025-12-12,Shampoo,Belleza,153.3,11,Arturo Navarro,León,Sucursal Centro,Tarjeta de Débito
1444,2024-10-06,Shampoo,Belleza,94.17,14,Héctor Soto,Monterrey,Sucursal Sur,Transferencia
1445,2024-09-28,Grapadora,Papelería,183.13,3,Ignacio Miranda,Monterrey,Sucursal Sur,Efectivo
1446,2025-09-09,Cuaderno,Papelería,92.41,8,Ramón Ortega,Puebla,Sucursal Norte,Tarjeta de Crédito
1447,2025-11-30,Pelota de Fútbol,Deportes,205.3,1,Felipe Núñez,Guadalajara,Sucursal Sur,Tarjeta de Crédito
1448,2025-07-22,Guantes de Box,Deportes,501.94,11,Daniela Herrera,Mérida,Sucursal Norte,Transferencia
1449,2025-08-01,Detergente,Hogar,126.14,7,Óscar Ríos,Mérida,Sucursal Norte,Tarjeta de Crédito
1450,2025-04-04,Lámpara,Hogar,641.92,2,Eduardo Jiménez,Guadalajara,Sucursal Sur,Tarjeta de Crédito
1451,2025-10-25,Pantalón,Ropa,732.19,4,Tomás Vega,Monterrey,Sucursal Centro,Tarjeta de Débito
1452,2025-11-20,Colchoneta,Deportes,762.84,13,Guillermo León,Ciudad de México,Sucursal Sur,Tarjeta de Crédito
1453,2025-05-28,Labial,Belleza,99.17,17,David Torres,Guadalajara,Sucursal Norte,Tarjeta de Crédito
1454,2025-02-08,Jugo,Alimentos,31.92,9,Isabel Ramírez,Puebla,Sucursal Centro,Tarjeta de Débito
1455,2025-09-15,Agua,Alimentos,31.85,19,Luis Espinoza,Monterrey,Sucursal Sur,Tarjeta de Crédito
1456,2025-09-29,Monitor,Electrónica,6558.43,11,Carlos López,Tijuana,Sucursal Centro,Efectivo
1457,2024-04-17,Sudadera,Ropa,460.68,14,Sandra Peña,Monterrey,Sucursal Sur,Tarjeta de Débito
1458,2025-03-26,Bloques Didácticos,Juguetes,177.64,4,Óscar Ríos,Ciudad de México,Sucursal Sur,Tarjeta de Débito
1459,2025-12-25,Bloques Didácticos,Juguetes,197.26,15,Marco Sánchez,Monterrey,Sucursal Norte,Tarjeta de Débito
1460,2024-08-04,Jugo,Alimentos,40.34,13,Verónica Aguilar,Puebla,Sucursal Centro,Transferencia
1461,2024-07-09,Crema Facial,Belleza,308.79,7,Rebeca Campos,Monterrey,Sucursal Sur,Tarjeta de Débito
1462,2024-04-24,Teclado,Electrónica,412.86,17,Renata Suárez,León,Sucursal Centro,Tarjeta de Débito
1463,2025-09-15,Chocolate,Alimentos,98.1,7,Guillermo León,Puebla,Sucursal Centro,Tarjeta de Crédito
1464,2024-03-27,Calcetines,Ropa,34.87,9,Óscar Ríos,Monterrey,Sucursal Norte,Tarjeta de Débito
1465,2025-07-06,Camiseta,Ropa,371.74,8,Silvia Fuentes,Mérida,Sucursal Norte,Efectivo
1466,2024-07-28,Grapadora,Papelería,124.93,5,Sandra Peña,Ciudad de México,Sucursal Centro,Transferencia
1467,2025-03-17,Labial,Belleza,91.49,7,Alberto Varela,Guadalajara,Sucursal Centro,Transferencia
1468,2025-01-01,Cargador,Electrónica,344.81,18,Felipe Núñez,Tijuana,Sucursal Centro,Transferencia
1469,2025-01-02,Detergente,Hogar,132.79,2,Ana García,Ciudad de México,Sucursal Sur,Tarjeta de Débito
1470,2024-11-06,Esmalte,Belleza,85.91,15,Eduardo Jiménez,Mérida,Sucursal Centro,Tarjeta de Crédito
1471,2024-08-29,Mouse,Electrónica,322.3,5,Víctor Salinas,Mérida,Sucursal Centro,Efectivo
1472,2024-05-22,Gorra,Ropa,84.25,16,Andrés Vargas,Guadalajara,Sucursal Norte,Transferencia
1473,2024-11-25,Gorra,Ropa,135.58,12,Adriana Molina,Guadalajara,Sucursal Norte,Tarjeta de Crédito
1474,2024-12-01,Lámpara,Hogar,372.17,6,Elena Delgado,Tijuana,Sucursal Norte,Tarjeta de Débito
1475,2025-09-25,Folder,Papelería,57.38,4,Valentina Cruz,Guadalajara,Sucursal Sur,Efectivo
1476,2025-02-10,Tijeras,Papelería,72.4,3,Roberto Reyes,León,Sucursal Norte,Tarjeta de Crédito
1477,2024-08-19,Zapatos Deportivos,Deportes,1842.93,9,Héctor Soto,León,Sucursal Centro,Tarjeta de Crédito
1478,2024-02-01,Auriculares,Electrónica,526.75,20,Sergio Gutiérrez,Monterrey,Sucursal Sur,Efectivo
1479,2024-03-12,Zapatos Deportivos,Deportes,2379.35,16,Jorge Romero,Mérida,Sucursal Norte,Efectivo
1480,2025-08-12,Guantes de Box,Deportes,1151.36,10,Lucía Ramos,Guadalajara,Sucursal Centro,Tarjeta de Crédito
1481,2024-12-09,Café,Alimentos,225.67,15,Marco Sánchez,León,Sucursal Centro,Tarjeta de Crédito
1482,2025-06-14,Shampoo,Belleza,88.79,4,Beatriz Rojas,Ciudad de México,Sucursal Centro,Efectivo
1483,2024-02-13,Calcetines,Ropa,88.52,9,Ana García,Mérida,Sucursal Centro,Tarjeta de Crédito
1484,2025-06-29,Pantalón,Ropa,794.95,1,Mónica Ibáñez,Ciudad de México,Sucursal Centro,Transferencia
1485,2025-12-21,Almohada,Hogar,396.42,2,Carolina Castro,Guadalajara,Sucursal Sur,Efectivo
1486,2025-08-18,Shampoo,Belleza,136.54,3,Isabel Ramírez,Monterrey,Sucursal Sur,Transferencia
1487,2025-08-06,Laptop,Electrónica,21561.95,2,Luis Espinoza,León,Sucursal Centro,Tarjeta de Débito
1488,2025-11-26,Chocolate,Alimentos,83.05,19,Roberto Reyes,Guadalajara,Sucursal Centro,Tarjeta de Débito
1489,2025-11-19,Cuaderno,Papelería,90.46,20,Manuel Bravo,Monterrey,Sucursal Sur,Efectivo
1490,2024-02-22,Muñeca,Juguetes,531.47,7,José Rodríguez,Puebla,Sucursal Norte,Efectivo
1491,2024-09-19,Chocolate,Alimentos,92.66,1,Verónica Aguilar,Ciudad de México,Sucursal Sur,Tarjeta de Débito
1492,2024-12-10,Folder,Papelería,47.53,15,Juan Cervantes,León,Sucursal Centro,Tarjeta de Crédito
1493,2025-04-05,Chocolate,Alimentos,43.77,20,Julio Cortez,Monterrey,Sucursal Norte,Transferencia
1494,2025-12-20,Pantalón,Ropa,409.0,3,Gabriela Moreno,Ciudad de México,Sucursal Centro,Tarjeta de Crédito
1495,2025-02-20,Agua,Alimentos,16.74,12,Natalia Ruiz,Mérida,Sucursal Centro,Tarjeta de Crédito
1496,2025-07-24,Colchoneta,Deportes,665.88,12,Jorge Romero,Mérida,Sucursal Norte,Efectivo
1497,2025-05-08,Lámpara,Hogar,639.11,16,Enrique Guerrero,Puebla,Sucursal Norte,Tarjeta de Débito
1498,2025-08-25,Labial,Belleza,185.56,12,Ramón Ortega,Guadalajara,Sucursal Sur,Efectivo
1499,2024-12-27,Colchoneta,Deportes,871.57,3,Laura Hernández,Monterrey,Sucursal Norte,Tarjeta de Débito
1500,2025-08-20,Almohada,Hogar,374.98,4,Elena Delgado,León,Sucursal Norte,Tarjeta de Crédito
1501,2025-02-08,Pantalón,Ropa,430.89,5,Sofía Pérez,León,Sucursal Centro,Tarjeta de Crédito
1502,2025-01-05,Grapadora,Papelería,102.34,7,José Rodríguez,Guadalajara,Sucursal Norte,Transferencia
1503,2024-09-06,Perfume,Belleza,404.75,14,Lucía Ramos,Ciudad de México,Sucursal Sur,Transferencia
1504,2025-01-27,Bloques Didácticos,Juguetes,282.11,18,Patricia Muñoz,León,Sucursal Centro,Transferencia
1505,2025-03-06,Shampoo,Belleza,102.98,10,Juan Cervantes,Mérida,Sucursal Centro,Tarjeta de Crédito
1506,2025-05-08,Agua,Alimentos,20.36,11,Fernanda Luna,León,Sucursal Norte,Tarjeta de Crédito
1507,2024-02-11,Teclado,Electrónica,518.22,20,Gabriela Moreno,Monterrey,Sucursal Norte,Efectivo
1508,2025-03-04,Mouse,Electrónica,446.64,12,Daniela Herrera,Mérida,Sucursal Centro,Efectivo
1509,2025-05-15,Colchoneta,Deportes,515.26,10,María Martínez,León,Sucursal Centro,Transferencia
1510,2024-09-06,Labial,Belleza,169.46,20,Silvia Fuentes,Mérida,Sucursal Centro,Tarjeta de Débito
1511,2025-07-26,Calcetines,Ropa,78.72,5,Miguel González,Mérida,Sucursal Norte,Tarjeta de Débito
1512,2025-10-25,Teclado,Electrónica,400.72,5,Sandra Peña,Monterrey,Sucursal Norte,Tarjeta de Débito
1513,2024-07-07,Marcadores,Papelería,99.58,2,Sandra Peña,Monterrey,Sucursal Norte,Tarjeta de Débito
1514,2024-03-08,Jugo,Alimentos,57.36,17,Isabel Ramírez,Guadalajara,Sucursal Sur,Tarjeta de Débito
1515,2025-06-18,Crema Facial,Belleza,460.46,4,Luis Espinoza,Tijuana,Sucursal Centro,Transferencia
1516,2024-12-15,Tijeras,Papelería,62.48,15,Alejandra Morales,León,Sucursal Centro,Transferencia
1517,2024-06-12,USB Flash Drive,Electrónica,94.9,8,Cecilia Trujillo,Guadalajara,Sucursal Centro,Tarjeta de Débito
1518,2024-05-10,Zapatos Deportivos,Deportes,2062.67,1,Alejandra Morales,Ciudad de México,Sucursal Centro,Tarjeta de Débito
1519,2024-01-19,Sudadera,Ropa,599.6,8,Víctor Salinas,Puebla,Sucursal Norte,Tarjeta de Débito
1520,2025-12-16,Muñeca,Juguetes,495.81,13,Isabel Ramírez,Tijuana,Sucursal Centro,Efectivo
1521,2024-04-25,Monitor,Electrónica,3334.77,12,David Torres,Ciudad de México,Sucursal Sur,Efectivo
1522,2024-02-09,Carro de Juguete,Juguetes,448.57,3,Alicia Ponce,Puebla,Sucursal Centro,Efectivo
1523,2025-12-27,Detergente,Hogar,111.75,15,Pablo Álvarez,Mérida,Sucursal Centro,Transferencia
1524,2024-02-03,Agua,Alimentos,36.94,7,Miguel González,Puebla,Sucursal Norte,Efectivo
1525,2024-12-11,Crema Facial,Belleza,153.37,1,Julio Cortez,Guadalajara,Sucursal Sur,Transferencia
1526,2024-09-06,Cargador,Electrónica,180.42,2,Gabriela Moreno,Tijuana,Sucursal Centro,Tarjeta de Crédito
1527,2025-11-03,Bolígrafo,Papelería,30.26,6,Carlos López,Monterrey,Sucursal Centro,Transferencia
1528,2025-10-06,Café,Alimentos,199.46,10,Ignacio Miranda,Mérida,Sucursal Norte,Transferencia
1529,2024-12-26,Marcadores,Papelería,54.13,3,Camila Díaz,Guadalajara,Sucursal Sur,Tarjeta de Débito
1530,2025-05-30,Mouse,Electrónica,451.44,15,Camila Díaz,Monterrey,Sucursal Norte,Tarjeta de Crédito
1531,2024-07-31,Almohada,Hogar,259.81,9,Víctor Salinas,León,Sucursal Centro,Transferencia
1532,2024-06-24,Monitor,Electrónica,2867.64,5,Felipe Núñez,Monterrey,Sucursal Norte,Transferencia
1533,2025-06-14,Marcadores,Papelería,107.81,13,Juan Cervantes,Mérida,Sucursal Norte,Tarjeta de Débito
1534,2024-05-19,Labial,Belleza,177.59,16,Rosa Ávila,Puebla,Sucursal Norte,Efectivo
1535,2024-06-19,Camiseta,Ropa,350.01,19,Silvia Fuentes,Mérida,Sucursal Norte,Transferencia
1536,2025-04-09,Gorra,Ropa,167.7,7,Guillermo León,Tijuana,Sucursal Centro,Tarjeta de Débito
1537,2024-05-07,Muñeca,Juguetes,353.67,17,Eduardo Jiménez,Mérida,Sucursal Norte,Efectivo
1538,2025-12-06,Teclado,Electrónica,634.02,17,Sofía Pérez,Monterrey,Sucursal Norte,Transferencia
1539,2025-03-29,Laptop,Electrónica,13716.76,1,Rosa Ávila,Mérida,Sucursal Norte,Efectivo
1540,2025-11-02,Lámpara,Hogar,340.45,9,Fernanda Luna,Tijuana,Sucursal Centro,Efectivo
1541,2025-11-21,Lámpara,Hogar,400.78,15,Eduardo Jiménez,Puebla,Sucursal Norte,Transferencia
1542,2025-09-06,Lámpara,Hogar,506.29,14,Manuel Bravo,Guadalajara,Sucursal Centro,Tarjeta de Débito
1543,2025-12-19,Tijeras,Papelería,49.41,7,Patricia Muñoz,Puebla,Sucursal Norte,Tarjeta de Crédito
1544,2024-10-07,Muñeca,Juguetes,398.4,16,Julio Cortez,Ciudad de México,Sucursal Centro,Tarjeta de Crédito
1545,2025-03-09,Rompecabezas,Juguetes,240.57,17,Manuel Bravo,Mérida,Sucursal Norte,Tarjeta de Débito
1546,2025-06-01,Toalla,Hogar,86.48,5,Ximena Paredes,Monterrey,Sucursal Norte,Efectivo
1547,2024-05-01,Teclado,Electrónica,232.79,19,Sebastián Fuentes,Guadalajara,Sucursal Centro,Tarjeta de Crédito
1548,2025-07-06,Folder,Papelería,55.9,11,Carolina Castro,Monterrey,Sucursal Centro,Tarjeta de Débito
1549,2024-03-15,Guantes de Box,Deportes,586.56,4,Julio Cortez,Puebla,Sucursal Norte,Tarjeta de Débito
1550,2025-05-30,Perfume,Belleza,1465.95,15,Mariana Medina,Ciudad de México,Sucursal Norte,Efectivo
1551,2024-07-17,Grapadora,Papelería,104.58,14,Alicia Ponce,Monterrey,Sucursal Norte,Efectivo
1552,2025-06-04,Grapadora,Papelería,109.83,7,Diego Cabrera,Puebla,Sucursal Centro,Efectivo
1553,2025-01-31,Chocolate,Alimentos,76.42,9,Patricia Muñoz,Guadalajara,Sucursal Norte,Tarjeta de Crédito
1554,2024-09-12,Cargador,Electrónica,209.81,20,Manuel Bravo,Ciudad de México,Sucursal Norte,Tarjeta de Crédito
1555,2025-02-08,USB Flash Drive,Electrónica,144.55,9,Silvia Fuentes,Ciudad de México,Sucursal Centro,Transferencia
1556,2025-01-10,Café,Alimentos,90.27,4,Fernanda Luna,Tijuana,Sucursal Centro,Efectivo
1557,2024-01-26,Perfume,Belleza,447.6,19,Laura Hernández,Guadalajara,Sucursal Norte,Efectivo
1558,2025-08-08,Zapatos Deportivos,Deportes,2252.81,10,Sergio Gutiérrez,Tijuana,Sucursal Norte,Tarjeta de Débito
1559,2024-08-08,Galletas,Alimentos,31.95,9,Patricia Muñoz,Tijuana,Sucursal Norte,Tarjeta de Débito
1560,2025-10-31,Auriculares,Electrónica,1173.73,19,Mariana Medina,León,Sucursal Centro,Tarjeta de Débito
1561,2025-02-24,Shampoo,Belleza,133.68,5,Felipe Núñez,Ciudad de México,Sucursal Centro,Efectivo
1562,2025-06-22,Bloques Didácticos,Juguetes,235.27,18,Silvia Fuentes,Monterrey,Sucursal Sur,Tarjeta de Débito
1563,2025-09-06,Carro de Juguete,Juguetes,301.51,17,Carlos López,Puebla,Sucursal Centro,Transferencia
1564,2024-07-11,Auriculares,Electrónica,1026.57,13,María Martínez,León,Sucursal Norte,Efectivo
1565,2024-09-16,Rompecabezas,Juguetes,395.24,7,Víctor Salinas,Tijuana,Sucursal Norte,Tarjeta de Débito
1566,2025-05-22,Zapatos Deportivos,Deportes,995.53,1,Gabriela Moreno,Tijuana,Sucursal Centro,Tarjeta de Crédito
1567,2024-04-04,Rompecabezas,Juguetes,256.19,15,Marco Sánchez,Mérida,Sucursal Centro,Tarjeta de Crédito
1568,2025-12-17,Calcetines,Ropa,63.63,1,Patricia Muñoz,Ciudad de México,Sucursal Centro,Tarjeta de Crédito
1569,2025-01-30,Tijeras,Papelería,51.16,15,Mariana Medina,Monterrey,Sucursal Centro,Tarjeta de Crédito
1570,2025-04-29,Almohada,Hogar,349.41,9,Juan Cervantes,Monterrey,Sucursal Norte,Tarjeta de Crédito
1571,2024-07-03,Pantalón,Ropa,602.46,19,Silvia Fuentes,Puebla,Sucursal Centro,Tarjeta de Débito
1572,2024-06-06,Bolígrafo,Papelería,42.89,20,Manuel Bravo,Ciudad de México,Sucursal Centro,Tarjeta de Débito
1573,2025-09-28,Cuaderno,Papelería,76.46,6,Fernanda Luna,Mérida,Sucursal Centro,Efectivo
1574,2025-04-02,Esmalte,Belleza,68.85,16,Natalia Ruiz,Tijuana,Sucursal Norte,Tarjeta de Débito
1575,2024-05-20,Jugo,Alimentos,43.84,2,Cecilia Trujillo,Mérida,Sucursal Centro,Tarjeta de Crédito
1576,2025-05-11,Pantalón,Ropa,370.94,9,José Rodríguez,Tijuana,Sucursal Norte,Tarjeta de Crédito
1577,2025-09-18,Galletas,Alimentos,75.68,9,Ricardo Castillo,Monterrey,Sucursal Centro,Transferencia
1578,2024-03-19,Gorra,Ropa,95.21,10,Patricia Muñoz,Mérida,Sucursal Norte,Tarjeta de Débito
1579,2025-09-18,Laptop,Electrónica,21974.49,10,Valentina Cruz,Tijuana,Sucursal Norte,Tarjeta de Crédito
1580,2024-09-11,USB Flash Drive,Electrónica,227.7,3,Alberto Varela,Puebla,Sucursal Norte,Tarjeta de Crédito
1581,2024-12-15,Pelota de Fútbol,Deportes,224.75,14,Verónica Aguilar,Mérida,Sucursal Norte,Efectivo
1582,2024-09-21,Carro de Juguete,Juguetes,297.81,10,Enrique Guerrero,Monterrey,Sucursal Norte,Efectivo
1583,2024-04-09,Marcadores,Papelería,142.01,14,Renata Suárez,Ciudad de México,Sucursal Sur,Efectivo
1584,2025-07-30,Carro de Juguete,Juguetes,225.78,12,Sofía Pérez,Mérida,Sucursal Centro,Efectivo
1585,2024-06-02,Rompecabezas,Juguetes,193.27,16,María Martínez,Monterrey,Sucursal Norte,Efectivo
1586,2024-08-08,Guantes de Box,Deportes,910.14,1,Cecilia Trujillo,Guadalajara,Sucursal Centro,Tarjeta de Débito
1587,2024-07-07,Detergente,Hogar,144.54,18,Ana García,Mérida,Sucursal Centro,Tarjeta de Débito
1588,2024-11-20,Gorra,Ropa,109.01,5,José Rodríguez,Puebla,Sucursal Centro,Efectivo
1589,2024-09-06,Carro de Juguete,Juguetes,296.92,19,Daniela Herrera,Guadalajara,Sucursal Norte,Transferencia
1590,2024-05-29,USB Flash Drive,Electrónica,145.1,17,Alberto Varela,Ciudad de México,Sucursal Sur,Efectivo
1591,2024-01-30,USB Flash Drive,Electrónica,116.5,14,Manuel Bravo,Guadalajara,Sucursal Sur,Tarjeta de Débito
1592,2025-08-22,Crema Facial,Belleza,205.79,18,Víctor Salinas,León,Sucursal Norte,Tarjeta de Débito
1593,2025-12-29,Colchoneta,Deportes,422.48,13,Natalia Ruiz,Puebla,Sucursal Centro,Transferencia
1594,2025-05-07,Sudadera,Ropa,509.02,18,Sergio Gutiérrez,Ciudad de México,Sucursal Centro,Tarjeta de Crédito
1595,2025-07-22,Shampoo,Belleza,88.69,8,María Martínez,Ciudad de México,Sucursal Norte,Transferencia
1596,2025-06-29,Sudadera,Ropa,292.06,18,Roberto Reyes,León,Sucursal Norte,Tarjeta de Crédito
1597,2025-05-24,Teclado,Electrónica,255.51,4,Natalia Ruiz,León,Sucursal Centro,Efectivo
1598,2025-02-14,Sudadera,Ropa,275.72,5,Héctor Soto,León,Sucursal Norte,Efectivo
1599,2024-07-10,Esmalte,Belleza,50.0,6,Marco Sánchez,Ciudad de México,Sucursal Sur,Efectivo
1600,2024-12-27,Colchoneta,Deportes,418.04,3,Fernanda Luna,León,Sucursal Norte,Efectivo
1601,2025-08-10,Tijeras,Papelería,55.57,10,Jorge Romero,Guadalajara,Sucursal Sur,Tarjeta de Crédito
1602,2024-12-30,Calcetines,Ropa,69.89,8,Roberto Reyes,Monterrey,Sucursal Centro,Transferencia
1603,2024-05-18,Shampoo,Belleza,140.21,10,Óscar Ríos,Mérida,Sucursal Centro,Transferencia
1604,2024-01-15,Gorra,Ropa,154.4,11,Diego Cabrera,Puebla,Sucursal Centro,Efectivo
1605,2024-06-30,Almohada,Hogar,243.37,19,Laura Hernández,Monterrey,Sucursal Centro,Tarjeta de Débito
1606,2024-02-03,Chocolate,Alimentos,42.56,4,Silvia Fuentes,Ciudad de México,Sucursal Norte,Tarjeta de Débito
1607,2025-01-27,Café,Alimentos,129.41,19,Mónica Ibáñez,Monterrey,Sucursal Norte,Efectivo
1608,2024-05-21,Muñeca,Juguetes,587.4,4,Adriana Molina,Guadalajara,Sucursal Sur,Transferencia
1609,2024-08-01,Cuaderno,Papelería,88.41,12,David Torres,Guadalajara,Sucursal Norte,Efectivo
1610,2025-12-30,Bloques Didácticos,Juguetes,242.34,20,Ximena Paredes,Ciudad de México,Sucursal Norte,Tarjeta de Débito
1611,2024-11-21,Bloques Didácticos,Juguetes,243.56,18,Julio Cortez,Tijuana,Sucursal Norte,Efectivo
1612,2025-04-19,Café,Alimentos,128.23,2,Julio Cortez,Monterrey,Sucursal Centro,Transferencia
1613,2024-01-20,Bloques Didácticos,Juguetes,276.64,3,Ricardo Castillo,Ciudad de México,Sucursal Norte,Transferencia
1614,2024-02-21,Marcadores,Papelería,76.39,20,Luis Espinoza,Guadalajara,Sucursal Centro,Tarjeta de Débito
1615,2025-10-23,Esmalte,Belleza,72.89,12,Alejandra Morales,Monterrey,Sucursal Sur,Tarjeta de Débito
1616,2025-01-07,Rompecabezas,Juguetes,220.42,14,José Rodríguez,Tijuana,Sucursal Norte,Transferencia
1617,2025-02-15,Grapadora,Papelería,150.84,12,Luis Espinoza,Ciudad de México,Sucursal Centro,Tarjeta de Débito
1618,2025-05-15,Pelota de Fútbol,Deportes,484.96,8,Fernando Flores,Mérida,Sucursal Norte,Tarjeta de Débito
1619,2025-09-25,Shampoo,Belleza,164.9,11,Pablo Álvarez,León,Sucursal Norte,Tarjeta de Débito
1620,2024-03-15,Chocolate,Alimentos,77.51,4,Mónica Ibáñez,León,Sucursal Centro,Tarjeta de Crédito
1621,2025-06-28,Pantalón,Ropa,496.06,3,Felipe Núñez,Mérida,Sucursal Centro,Efectivo
1622,2025-07-31,Cuaderno,Papelería,53.18,3,Cecilia Trujillo,Guadalajara,Sucursal Sur,Transferencia
1623,2024-08-11,Cuaderno,Papelería,32.13,17,Jorge Romero,León,Sucursal Norte,Efectivo
1624,2025-06-29,Bloques Didácticos,Juguetes,201.76,4,Alejandra Morales,León,Sucursal Centro,Tarjeta de Débito
1625,2024-01-23,Muñeca,Juguetes,301.2,17,Laura Hernández,Guadalajara,Sucursal Norte,Tarjeta de Crédito
1626,2024-08-07,Chocolate,Alimentos,34.45,14,Enrique Guerrero,Mérida,Sucursal Centro,Efectivo
1627,2024-08-13,Sudadera,Ropa,370.54,13,Marco Sánchez,Guadalajara,Sucursal Centro,Tarjeta de Crédito
1628,2025-11-13,Bolígrafo,Papelería,11.77,8,Adriana Molina,Guadalajara,Sucursal Sur,Transferencia
1629,2024-12-10,Bloques Didácticos,Juguetes,341.11,12,Rebeca Campos,Tijuana,Sucursal Norte,Tarjeta de Débito
1630,2024-04-03,Colchoneta,Deportes,740.51,20,Tomás Vega,Tijuana,Sucursal Norte,Tarjeta de Crédito
1631,2025-12-05,Perfume,Belleza,1217.45,13,Silvia Fuentes,Puebla,Sucursal Norte,Tarjeta de Débito
1632,2025-01-28,Esmalte,Belleza,78.88,14,Miguel González,Monterrey,Sucursal Sur,Tarjeta de Crédito
1633,2024-04-09,Chocolate,Alimentos,70.64,10,Ximena Paredes,Guadalajara,Sucursal Sur,Efectivo
1634,2025-03-19,Esmalte,Belleza,33.95,16,María Martínez,Ciudad de México,Sucursal Sur,Efectivo
1635,2024-10-18,Carro de Juguete,Juguetes,400.68,1,Alejandra Morales,Monterrey,Sucursal Sur,Efectivo
1636,2025-10-22,Sudadera,Ropa,483.28,1,Isabel Ramírez,Ciudad de México,Sucursal Centro,Transferencia
1637,2024-02-01,Shampoo,Belleza,84.5,18,Silvia Fuentes,Ciudad de México,Sucursal Sur,Transferencia
1638,2024-03-31,Carro de Juguete,Juguetes,375.73,5,Natalia Ruiz,Ciudad de México,Sucursal Sur,Efectivo
1639,2024-12-01,Esmalte,Belleza,98.69,5,Paola Mendoza,Ciudad de México,Sucursal Norte,Transferencia
1640,2025-11-26,Labial,Belleza,131.04,14,Pablo Álvarez,Guadalajara,Sucursal Centro,Tarjeta de Crédito
1641,2024-08-21,Toalla,Hogar,187.54,18,Luis Espinoza,Mérida,Sucursal Norte,Tarjeta de Débito
1642,2024-02-12,Toalla,Hogar,203.63,12,Fernando Flores,Mérida,Sucursal Norte,Tarjeta de Crédito
1643,2024-06-20,USB Flash Drive,Electrónica,218.29,18,Ignacio Miranda,Puebla,Sucursal Centro,Tarjeta de Débito
1644,2025-06-13,Almohada,Hogar,356.43,10,Paola Mendoza,Ciudad de México,Sucursal Norte,Tarjeta de Débito
1645,2024-05-02,Marcadores,Papelería,128.11,14,Andrés Vargas,Puebla,Sucursal Norte,Tarjeta de Crédito
1646,2025-03-24,Café,Alimentos,141.55,2,Fernando Flores,León,Sucursal Norte,Tarjeta de Débito
1647,2025-05-17,Teclado,Electrónica,699.19,1,Manuel Bravo,Mérida,Sucursal Centro,Efectivo
1648,2025-04-04,Pantalón,Ropa,557.13,15,Ana García,Tijuana,Sucursal Centro,Tarjeta de Débito
1649,2025-08-26,Toalla,Hogar,117.67,9,Julio Cortez,León,Sucursal Centro,Transferencia
1650,2025-06-06,Cargador,Electrónica,135.03,6,Alejandra Morales,Monterrey,Sucursal Centro,Tarjeta de Crédito
1651,2025-07-03,Monitor,Electrónica,7551.3,1,Cecilia Trujillo,Guadalajara,Sucursal Norte,Tarjeta de Débito
1652,2024-03-31,Calcetines,Ropa,77.39,20,Roberto Reyes,Mérida,Sucursal Centro,Tarjeta de Crédito
1653,2025-06-21,Bloques Didácticos,Juguetes,145.52,3,Rosa Ávila,Tijuana,Sucursal Norte,Efectivo
1654,2024-04-14,Detergente,Hogar,113.68,20,Cecilia Trujillo,Monterrey,Sucursal Norte,Transferencia
1655,2024-05-17,Pantalón,Ropa,519.62,5,Natalia Ruiz,Ciudad de México,Sucursal Norte,Tarjeta de Crédito
1656,2024-01-19,Zapatos Deportivos,Deportes,2146.86,4,Guillermo León,León,Sucursal Centro,Transferencia
1657,2024-02-26,Esmalte,Belleza,59.02,10,Pablo Álvarez,Guadalajara,Sucursal Centro,Tarjeta de Débito
1658,2025-09-23,Pelota de Fútbol,Deportes,414.49,9,María Martínez,Guadalajara,Sucursal Sur,Transferencia
1659,2025-01-25,Lámpara,Hogar,616.21,16,Sandra Peña,Tijuana,Sucursal Centro,Tarjeta de Crédito
1660,2024-12-16,Zapatos Deportivos,Deportes,1931.95,7,David Torres,Ciudad de México,Sucursal Centro,Tarjeta de Débito
1661,2025-01-27,Teclado,Electrónica,337.24,4,Héctor Soto,Puebla,Sucursal Norte,Tarjeta de Crédito
1662,2025-02-20,Sudadera,Ropa,489.1,9,Natalia Ruiz,Tijuana,Sucursal Centro,Tarjeta de Crédito
1663,2024-10-27,Mouse,Electrónica,268.17,13,Paola Mendoza,Puebla,Sucursal Centro,Efectivo
1664,2025-05-06,Galletas,Alimentos,70.51,16,Rosa Ávila,Guadalajara,Sucursal Centro,Efectivo
1665,2024-11-12,Carro de Juguete,Juguetes,375.62,1,Patricia Muñoz,León,Sucursal Centro,Tarjeta de Débito
1666,2024-10-21,Lámpara,Hogar,618.3,12,Juan Cervantes,Ciudad de México,Sucursal Sur,Efectivo
1667,2025-09-15,USB Flash Drive,Electrónica,91.39,17,David Torres,Ciudad de México,Sucursal Sur,Tarjeta de Crédito
1668,2024-04-01,Galletas,Alimentos,33.84,4,Enrique Guerrero,Monterrey,Sucursal Sur,Tarjeta de Crédito
1669,2025-01-12,Teclado,Electrónica,450.51,14,Isabel Ramírez,León,Sucursal Centro,Tarjeta de Crédito
1670,2025-04-23,Guantes de Box,Deportes,978.35,3,Mónica Ibáñez,León,Sucursal Centro,Efectivo
1671,2025-06-02,Shampoo,Belleza,150.71,6,Beatriz Rojas,Tijuana,Sucursal Centro,Transferencia
1672,2024-09-19,Cargador,Electrónica,234.25,14,Carolina Castro,Puebla,Sucursal Centro,Efectivo
1673,2025-05-25,Toalla,Hogar,206.3,18,Andrés Vargas,Mérida,Sucursal Centro,Tarjeta de Débito
1674,2024-12-01,Guantes de Box,Deportes,565.26,5,Guillermo León,Mérida,Sucursal Centro,Transferencia
1675,2024-07-21,Detergente,Hogar,119.32,15,Pablo Álvarez,Guadalajara,Sucursal Centro,Tarjeta de Débito
1676,2025-04-12,Camiseta,Ropa,319.16,3,Luis Espinoza,León,Sucursal Norte,Tarjeta de Crédito
1677,2024-07-12,Teclado,Electrónica,308.65,15,Paola Mendoza,Guadalajara,Sucursal Centro,Tarjeta de Débito
1678,2024-07-06,Tijeras,Papelería,73.82,12,Víctor Salinas,Puebla,Sucursal Norte,Transferencia
1679,2024-04-15,Shampoo,Belleza,102.62,19,Paola Mendoza,Tijuana,Sucursal Centro,Tarjeta de Débito
1680,2025-10-17,Agua,Alimentos,17.08,5,Arturo Navarro,Tijuana,Sucursal Centro,Transferencia
1681,2025-10-06,Pelota de Fútbol,Deportes,513.38,9,Rosa Ávila,Guadalajara,Sucursal Centro,Tarjeta de Crédito
1682,2025-12-23,Galletas,Alimentos,78.3,11,Eduardo Jiménez,Mérida,Sucursal Centro,Efectivo
1683,2025-11-21,Muñeca,Juguetes,415.99,5,María Martínez,Guadalajara,Sucursal Sur,Efectivo
1684,2024-10-29,Pantalón,Ropa,477.07,5,Carlos López,Mérida,Sucursal Norte,Transferencia
1685,2025-06-19,Bolígrafo,Papelería,28.57,7,Adriana Molina,Ciudad de México,Sucursal Centro,Efectivo
1686,2025-10-12,Bloques Didácticos,Juguetes,193.89,6,Laura Hernández,Ciudad de México,Sucursal Centro,Tarjeta de Débito
1687,2025-10-10,Auriculares,Electrónica,1775.88,14,Natalia Ruiz,Guadalajara,Sucursal Sur,Tarjeta de Débito
1688,2024-01-02,Folder,Papelería,37.18,1,Cecilia Trujillo,Monterrey,Sucursal Norte,Tarjeta de Débito
1689,2024-07-16,Cuaderno,Papelería,40.8,10,Sebastián Fuentes,Mérida,Sucursal Centro,Efectivo
1690,2024-04-02,Perfume,Belleza,1487.21,14,Ignacio Miranda,León,Sucursal Norte,Tarjeta de Crédito
1691,2024-09-27,Almohada,Hogar,218.27,16,Elena Delgado,Mérida,Sucursal Norte,Tarjeta de Débito
1692,2025-04-10,Muñeca,Juguetes,295.95,11,Sergio Gutiérrez,Ciudad de México,Sucursal Sur,Efectivo
1693,2025-02-13,Perfume,Belleza,409.83,20,Alicia Ponce,Ciudad de México,Sucursal Centro,Tarjeta de Crédito
1694,2024-04-10,Esmalte,Belleza,113.04,1,Manuel Bravo,Ciudad de México,Sucursal Norte,Efectivo
1695,2025-01-23,Galletas,Alimentos,65.04,3,Gabriela Moreno,Ciudad de México,Sucursal Centro,Transferencia
1696,2025-04-14,Grapadora,Papelería,96.16,13,Eduardo Jiménez,Guadalajara,Sucursal Sur,Tarjeta de Débito
1697,2025-04-27,Bloques Didácticos,Juguetes,227.71,16,Valentina Cruz,Puebla,Sucursal Centro,Transferencia
1698,2024-08-21,Labial,Belleza,147.78,3,Héctor Soto,Monterrey,Sucursal Centro,Efectivo
1699,2024-12-03,Toalla,Hogar,172.72,12,Pablo Álvarez,Guadalajara,Sucursal Norte,Transferencia
1700,2024-03-10,Café,Alimentos,118.52,9,Juan Cervantes,Mérida,Sucursal Norte,Transferencia
1701,2025-01-24,Almohada,Hogar,317.04,2,Julio Cortez,Monterrey,Sucursal Centro,Tarjeta de Crédito
1702,2024-04-13,Crema Facial,Belleza,494.42,5,Luis Espinoza,Guadalajara,Sucursal Norte,Tarjeta de Débito
1703,2025-01-29,Carro de Juguete,Juguetes,476.43,1,Manuel Bravo,León,Sucursal Norte,Transferencia
1704,2025-07-29,Lámpara,Hogar,730.59,9,Adriana Molina,Monterrey,Sucursal Centro,Transferencia
1705,2025-08-07,Zapatos Deportivos,Deportes,1439.66,4,Diego Cabrera,Monterrey,Sucursal Centro,Tarjeta de Crédito
1706,2025-01-28,Almohada,Hogar,172.51,20,Sandra Peña,Guadalajara,Sucursal Centro,Tarjeta de Crédito
1707,2025-03-03,USB Flash Drive,Electrónica,213.75,7,Enrique Guerrero,Monterrey,Sucursal Centro,Tarjeta de Crédito
1708,2024-06-11,Mouse,Electrónica,466.59,2,Enrique Guerrero,Ciudad de México,Sucursal Norte,Tarjeta de Crédito
1709,2025-09-06,Pelota de Fútbol,Deportes,253.73,14,Beatriz Rojas,Monterrey,Sucursal Centro,Efectivo
1710,2024-08-16,Perfume,Belleza,490.73,12,Fernanda Luna,Tijuana,Sucursal Norte,Tarjeta de Débito
1711,2024-11-25,Labial,Belleza,103.59,13,Juan Cervantes,Mérida,Sucursal Centro,Efectivo
1712,2024-12-15,Carro de Juguete,Juguetes,490.14,10,Ximena Paredes,Monterrey,Sucursal Sur,Transferencia
1713,2025-12-14,Bolígrafo,Papelería,11.31,8,Alejandra Morales,Puebla,Sucursal Norte,Transferencia
1714,2025-01-10,Bloques Didácticos,Juguetes,167.88,11,Rosa Ávila,Ciudad de México,Sucursal Sur,Efectivo
1715,2025-01-30,Camiseta,Ropa,182.34,6,Paola Mendoza,Monterrey,Sucursal Norte,Tarjeta de Crédito
1716,2024-06-11,Perfume,Belleza,737.22,4,Alicia Ponce,Guadalajara,Sucursal Centro,Transferencia
1717,2024-02-18,Zapatos Deportivos,Deportes,2364.45,5,Ignacio Miranda,Guadalajara,Sucursal Centro,Tarjeta de Débito
1718,2024-05-04,Guantes de Box,Deportes,787.7,12,Guillermo León,Puebla,Sucursal Norte,Efectivo
1719,2024-10-17,Pelota de Fútbol,Deportes,297.11,7,Fernando Flores,Mérida,Sucursal Centro,Tarjeta de Débito
1720,2025-04-26,Labial,Belleza,81.22,13,Enrique Guerrero,Mérida,Sucursal Norte,Transferencia
1721,2025-05-17,Teclado,Electrónica,676.51,15,Ramón Ortega,Puebla,Sucursal Norte,Efectivo
1722,2025-03-22,Detergente,Hogar,90.54,4,Beatriz Rojas,Monterrey,Sucursal Centro,Tarjeta de Débito
1723,2024-09-01,Jugo,Alimentos,20.44,12,Rebeca Campos,Tijuana,Sucursal Norte,Tarjeta de Débito
1724,2024-02-23,Calcetines,Ropa,80.87,16,Arturo Navarro,Mérida,Sucursal Centro,Tarjeta de Débito
1725,2024-06-08,Lámpara,Hogar,557.62,10,Fernando Flores,Tijuana,Sucursal Norte,Tarjeta de Débito
1726,2024-12-21,Almohada,Hogar,359.18,13,Elena Delgado,Mérida,Sucursal Norte,Efectivo
1727,2025-12-04,Shampoo,Belleza,148.18,8,Beatriz Rojas,Guadalajara,Sucursal Centro,Transferencia
1728,2025-06-10,Detergente,Hogar,73.9,12,Mariana Medina,Puebla,Sucursal Centro,Transferencia
1729,2025-08-14,Lámpara,Hogar,779.94,8,Miguel González,Monterrey,Sucursal Sur,Tarjeta de Crédito
1730,2024-06-02,Esmalte,Belleza,90.22,14,Marco Sánchez,Ciudad de México,Sucursal Centro,Efectivo
1731,2024-05-02,Teclado,Electrónica,324.54,15,Cecilia Trujillo,Mérida,Sucursal Norte,Tarjeta de Crédito
1732,2025-12-31,Carro de Juguete,Juguetes,356.1,6,Marco Sánchez,Guadalajara,Sucursal Sur,Efectivo
1733,2024-09-11,Lámpara,Hogar,562.43,13,Laura Hernández,Monterrey,Sucursal Norte,Efectivo
1734,2025-10-25,Carro de Juguete,Juguetes,482.62,12,Elena Delgado,Puebla,Sucursal Norte,Tarjeta de Crédito
1735,2025-01-16,Zapatos Deportivos,Deportes,2304.32,20,Miguel González,Mérida,Sucursal Centro,Tarjeta de Débito
1736,2025-02-17,Mouse,Electrónica,189.33,8,Silvia Fuentes,Mérida,Sucursal Centro,Efectivo
1737,2025-09-22,Tijeras,Papelería,42.36,15,Mónica Ibáñez,Puebla,Sucursal Norte,Tarjeta de Crédito
1738,2024-01-13,Perfume,Belleza,666.47,12,Daniela Herrera,Monterrey,Sucursal Norte,Efectivo
1739,2025-05-18,Carro de Juguete,Juguetes,187.76,20,Andrés Vargas,Puebla,Sucursal Norte,Tarjeta de Crédito
1740,2025-06-08,Sudadera,Ropa,394.87,11,Elena Delgado,Ciudad de México,Sucursal Norte,Transferencia
1741,2025-07-20,Zapatos Deportivos,Deportes,863.26,4,Alberto Varela,Guadalajara,Sucursal Sur,Tarjeta de Crédito
1742,2024-01-16,Café,Alimentos,190.13,15,Gabriela Moreno,Monterrey,Sucursal Centro,Tarjeta de Débito
1743,2025-11-11,Folder,Papelería,54.94,13,Enrique Guerrero,Puebla,Sucursal Centro,Efectivo
1744,2025-12-05,Pantalón,Ropa,693.96,10,Eduardo Jiménez,Guadalajara,Sucursal Centro,Tarjeta de Débito
1745,2024-01-09,Guantes de Box,Deportes,951.43,6,Natalia Ruiz,León,Sucursal Norte,Tarjeta de Débito
1746,2024-10-23,Almohada,Hogar,393.91,16,Adriana Molina,Tijuana,Sucursal Norte,Efectivo
1747,2025-03-14,Cargador,Electrónica,214.34,15,Manuel Bravo,Guadalajara,Sucursal Norte,Tarjeta de Débito
1748,2024-08-21,Carro de Juguete,Juguetes,378.33,10,Rebeca Campos,Ciudad de México,Sucursal Norte,Transferencia
1749,2024-04-23,Café,Alimentos,233.03,13,Enrique Guerrero,Tijuana,Sucursal Norte,Tarjeta de Débito
1750,2025-03-05,Jugo,Alimentos,52.88,4,Fernanda Luna,Puebla,Sucursal Norte,Transferencia
1751,2024-10-23,Monitor,Electrónica,3344.16,4,Alejandra Morales,Guadalajara,Sucursal Norte,Tarjeta de Débito
1752,2025-03-20,Laptop,Electrónica,23635.73,15,Juan Cervantes,Mérida,Sucursal Centro,Transferencia
1753,2025-06-17,Shampoo,Belleza,151.2,1,Verónica Aguilar,Tijuana,Sucursal Centro,Transferencia
1754,2025-09-05,Muñeca,Juguetes,366.05,18,Paola Mendoza,Ciudad de México,Sucursal Norte,Tarjeta de Crédito
1755,2025-01-31,Laptop,Electrónica,21668.99,14,Héctor Soto,Guadalajara,Sucursal Norte,Tarjeta de Débito
1756,2024-09-25,Jugo,Alimentos,41.63,4,Fernanda Luna,Puebla,Sucursal Centro,Tarjeta de Débito
1757,2024-05-24,Monitor,Electrónica,3074.73,6,Enrique Guerrero,Mérida,Sucursal Centro,Transferencia
1758,2024-09-06,Monitor,Electrónica,5263.64,19,Alejandra Morales,Mérida,Sucursal Centro,Transferencia
1759,2025-02-23,Guantes de Box,Deportes,843.12,20,Gabriela Moreno,Ciudad de México,Sucursal Norte,Tarjeta de Crédito
1760,2025-09-19,Muñeca,Juguetes,382.54,13,Felipe Núñez,Tijuana,Sucursal Centro,Tarjeta de Débito
1761,2024-12-15,Carro de Juguete,Juguetes,244.68,16,Julio Cortez,León,Sucursal Norte,Transferencia
1762,2025-03-04,Laptop,Electrónica,18220.53,14,Juan Cervantes,Mérida,Sucursal Centro,Efectivo
1763,2025-02-25,Perfume,Belleza,926.22,13,Luis Espinoza,Tijuana,Sucursal Norte,Efectivo
1764,2025-04-30,Calcetines,Ropa,95.86,9,Sandra Peña,León,Sucursal Norte,Tarjeta de Crédito
1765,2024-11-03,Calcetines,Ropa,38.87,18,Fernanda Luna,Ciudad de México,Sucursal Centro,Efectivo
1766,2025-10-11,Jugo,Alimentos,57.9,17,Sergio Gutiérrez,Ciudad de México,Sucursal Norte,Efectivo
1767,2024-05-13,Folder,Papelería,35.35,18,Natalia Ruiz,Puebla,Sucursal Centro,Efectivo
1768,2025-09-13,Cuaderno,Papelería,36.5,4,Carlos López,Puebla,Sucursal Centro,Efectivo
1769,2024-09-20,Chocolate,Alimentos,42.21,10,Julio Cortez,Puebla,Sucursal Centro,Tarjeta de Débito
1770,2025-09-27,Tijeras,Papelería,67.58,17,Andrés Vargas,Puebla,Sucursal Norte,Transferencia
1771,2025-12-15,Pelota de Fútbol,Deportes,370.66,14,Carolina Castro,Tijuana,Sucursal Centro,Efectivo
1772,2025-10-10,Carro de Juguete,Juguetes,414.53,9,Sergio Gutiérrez,Mérida,Sucursal Centro,Efectivo
1773,2024-02-04,Café,Alimentos,80.49,12,Beatriz Rojas,Mérida,Sucursal Centro,Tarjeta de Débito
1774,2024-02-19,Calcetines,Ropa,30.64,19,Óscar Ríos,Puebla,Sucursal Centro,Tarjeta de Crédito
1775,2024-01-19,Galletas,Alimentos,53.56,9,Gabriela Moreno,Guadalajara,Sucursal Sur,Efectivo
1776,2024-11-08,Gorra,Ropa,138.68,4,Fernanda Luna,Guadalajara,Sucursal Norte,Tarjeta de Débito
1777,2024-08-07,Shampoo,Belleza,148.53,18,Renata Suárez,Guadalajara,Sucursal Centro,Tarjeta de Crédito
1778,2024-01-02,Laptop,Electrónica,18794.19,2,Beatriz Rojas,Guadalajara,Sucursal Sur,Efectivo
1779,2025-08-10,Camiseta,Ropa,265.67,5,Víctor Salinas,Ciudad de México,Sucursal Norte,Efectivo
1780,2024-04-04,Agua,Alimentos,19.32,8,Sandra Peña,Guadalajara,Sucursal Centro,Efectivo
1781,2025-08-06,Shampoo,Belleza,182.64,5,Adriana Molina,León,Sucursal Norte,Transferencia
1782,2024-06-07,Almohada,Hogar,393.72,4,Carolina Castro,Puebla,Sucursal Centro,Tarjeta de Crédito
1783,2024-03-05,USB Flash Drive,Electrónica,135.79,10,Mariana Medina,Puebla,Sucursal Centro,Tarjeta de Crédito
1784,2025-07-02,Carro de Juguete,Juguetes,423.03,16,Eduardo Jiménez,Mérida,Sucursal Centro,Tarjeta de Crédito
1785,2025-01-28,Lámpara,Hogar,208.92,12,Ramón Ortega,Guadalajara,Sucursal Centro,Transferencia
1786,2024-12-13,Pelota de Fútbol,Deportes,462.42,9,Jorge Romero,León,Sucursal Norte,Tarjeta de Débito
1787,2025-03-03,Agua,Alimentos,24.98,2,Alejandra Morales,Puebla,Sucursal Centro,Tarjeta de Crédito
1788,2024-06-08,Crema Facial,Belleza,495.92,2,Adriana Molina,Puebla,Sucursal Norte,Transferencia
1789,2025-03-07,Chocolate,Alimentos,79.13,9,Miguel González,Guadalajara,Sucursal Sur,Efectivo
1790,2025-08-26,Rompecabezas,Juguetes,253.0,2,Alberto Varela,León,Sucursal Centro,Transferencia
1791,2025-11-12,Muñeca,Juguetes,489.71,4,Rosa Ávila,León,Sucursal Norte,Tarjeta de Débito
1792,2025-10-05,Detergente,Hogar,148.33,4,Eduardo Jiménez,Monterrey,Sucursal Norte,Tarjeta de Crédito
1793,2025-01-14,Cargador,Electrónica,131.02,13,Sebastián Fuentes,Monterrey,Sucursal Centro,Efectivo
1794,2024-06-24,Pantalón,Ropa,519.18,4,Cecilia Trujillo,Mérida,Sucursal Norte,Transferencia
1795,2025-05-26,Grapadora,Papelería,170.3,19,María Martínez,León,Sucursal Centro,Efectivo
1796,2025-01-19,Zapatos Deportivos,Deportes,1050.88,12,Fernanda Luna,Tijuana,Sucursal Centro,Tarjeta de Crédito
1797,2024-06-24,Guantes de Box,Deportes,1028.7,8,Rebeca Campos,Guadalajara,Sucursal Sur,Tarjeta de Crédito
1798,2025-04-19,Laptop,Electrónica,8321.18,17,Miguel González,Mérida,Sucursal Norte,Tarjeta de Crédito
1799,2024-12-13,Cargador,Electrónica,178.01,9,Luis Espinoza,Tijuana,Sucursal Norte,Tarjeta de Crédito
1800,2024-10-14,USB Flash Drive,Electrónica,203.36,4,Gabriela Moreno,León,Sucursal Centro,Transferencia
1801,2025-08-03,Jugo,Alimentos,50.48,5,Rebeca Campos,Guadalajara,Sucursal Sur,Tarjeta de Crédito
1802,2024-10-25,Esmalte,Belleza,33.94,5,Ana García,Puebla,Sucursal Norte,Tarjeta de Crédito
1803,2024-01-18,Monitor,Electrónica,2913.94,18,Arturo Navarro,Mérida,Sucursal Centro,Transferencia
1804,2025-08-27,Marcadores,Papelería,141.14,15,Pablo Álvarez,Guadalajara,Sucursal Norte,Efectivo
1805,2024-09-29,Esmalte,Belleza,103.2,14,Paola Mendoza,Guadalajara,Sucursal Centro,Tarjeta de Crédito
1806,2024-07-25,Toalla,Hogar,86.69,14,Carolina Castro,León,Sucursal Centro,Tarjeta de Crédito
1807,2024-09-11,Pantalón,Ropa,743.76,18,Víctor Salinas,Puebla,Sucursal Centro,Tarjeta de Débito
1808,2024-08-15,Chocolate,Alimentos,49.13,6,Pablo Álvarez,Ciudad de México,Sucursal Norte,Transferencia
1809,2024-03-16,Auriculares,Electrónica,872.5,5,Mariana Medina,Tijuana,Sucursal Norte,Tarjeta de Débito
1810,2025-10-04,Auriculares,Electrónica,1070.6,12,Víctor Salinas,Mérida,Sucursal Norte,Tarjeta de Crédito
1811,2025-03-04,Colchoneta,Deportes,618.82,12,Diego Cabrera,Guadalajara,Sucursal Norte,Tarjeta de Débito
1812,2024-02-29,Lámpara,Hogar,349.39,8,Ignacio Miranda,León,Sucursal Norte,Tarjeta de Débito
1813,2024-06-12,Chocolate,Alimentos,78.3,4,Marco Sánchez,Tijuana,Sucursal Norte,Tarjeta de Débito
1814,2025-05-03,Cargador,Electrónica,213.58,17,Elena Delgado,Puebla,Sucursal Norte,Efectivo
1815,2024-08-31,Teclado,Electrónica,608.1,1,Gabriela Moreno,Monterrey,Sucursal Centro,Transferencia
1816,2025-02-17,Guantes de Box,Deportes,678.05,2,Sergio Gutiérrez,Puebla,Sucursal Centro,Efectivo
1817,2024-07-03,Perfume,Belleza,341.97,9,Ximena Paredes,Monterrey,Sucursal Centro,Efectivo
1818,2025-08-05,Crema Facial,Belleza,165.32,14,Jorge Romero,Ciudad de México,Sucursal Norte,Tarjeta de Crédito
1819,2024-12-25,Laptop,Electrónica,21094.63,1,Diego Cabrera,Tijuana,Sucursal Centro,Transferencia
1820,2025-08-23,Jugo,Alimentos,37.24,2,Ricardo Castillo,Mérida,Sucursal Centro,Transferencia
1821,2025-06-24,Bolígrafo,Papelería,41.15,9,Manuel Bravo,Puebla,Sucursal Centro,Tarjeta de Débito
1822,2024-06-18,Guantes de Box,Deportes,549.27,10,José Rodríguez,Guadalajara,Sucursal Centro,Tarjeta de Débito
1823,2024-01-21,Grapadora,Papelería,87.49,2,Manuel Bravo,León,Sucursal Centro,Transferencia
1824,2025-12-13,Monitor,Electrónica,4166.32,6,Fernando Flores,Ciudad de México,Sucursal Sur,Tarjeta de Débito
1825,2024-03-29,Guantes de Box,Deportes,874.5,4,María Martínez,Monterrey,Sucursal Sur,Tarjeta de Crédito
1826,2025-03-02,Agua,Alimentos,15.52,19,Ricardo Castillo,León,Sucursal Norte,Efectivo
1827,2025-02-16,Gorra,Ropa,242.99,14,Julio Cortez,Tijuana,Sucursal Centro,Tarjeta de Crédito
1828,2025-03-27,Tijeras,Papelería,72.99,9,Elena Delgado,Ciudad de México,Sucursal Centro,Transferencia
1829,2025-09-08,Perfume,Belleza,1046.77,14,Isabel Ramírez,Puebla,Sucursal Centro,Tarjeta de Débito
1830,2024-09-13,Jugo,Alimentos,33.16,18,Rosa Ávila,Tijuana,Sucursal Norte,Transferencia
1831,2024-04-24,Cargador,Electrónica,326.78,11,Paola Mendoza,Monterrey,Sucursal Norte,Tarjeta de Crédito
1832,2025-10-12,Rompecabezas,Juguetes,256.36,19,Sandra Peña,Guadalajara,Sucursal Centro,Tarjeta de Crédito
1833,2024-12-14,Crema Facial,Belleza,364.91,18,Julio Cortez,Tijuana,Sucursal Norte,Transferencia
1834,2025-09-20,Perfume,Belleza,1347.39,3,Valentina Cruz,Monterrey,Sucursal Norte,Efectivo
1835,2024-01-25,Monitor,Electrónica,6575.41,5,José Rodríguez,Guadalajara,Sucursal Sur,Tarjeta de Crédito
1836,2024-05-11,Muñeca,Juguetes,302.69,10,Héctor Soto,Mérida,Sucursal Norte,Tarjeta de Crédito
1837,2025-08-09,Almohada,Hogar,252.99,8,Adriana Molina,Puebla,Sucursal Centro,Tarjeta de Débito
1838,2025-09-02,Laptop,Electrónica,10298.67,3,Mariana Medina,Tijuana,Sucursal Centro,Transferencia
1839,2025-06-17,Auriculares,Electrónica,681.98,8,Ximena Paredes,Mérida,Sucursal Centro,Efectivo
1840,2025-10-10,Almohada,Hogar,309.56,13,Carlos López,Puebla,Sucursal Norte,Tarjeta de Débito
1841,2024-10-22,Carro de Juguete,Juguetes,261.41,12,Andrés Vargas,Tijuana,Sucursal Norte,Tarjeta de Crédito
1842,2024-10-25,Camiseta,Ropa,267.62,6,Gabriela Moreno,Mérida,Sucursal Centro,Tarjeta de Crédito
1843,2024-09-22,Pantalón,Ropa,733.85,2,Rosa Ávila,Mérida,Sucursal Norte,Tarjeta de Crédito
1844,2025-07-16,Rompecabezas,Juguetes,387.31,3,Beatriz Rojas,Monterrey,Sucursal Sur,Transferencia
1845,2025-07-02,Labial,Belleza,123.82,10,Ana García,Guadalajara,Sucursal Centro,Efectivo
1846,2024-08-25,Perfume,Belleza,830.19,20,Jorge Romero,León,Sucursal Norte,Efectivo
1847,2025-10-20,Zapatos Deportivos,Deportes,1838.05,1,Héctor Soto,Puebla,Sucursal Norte,Transferencia
1848,2024-11-12,Camiseta,Ropa,344.56,19,Sergio Gutiérrez,Ciudad de México,Sucursal Centro,Transferencia
1849,2024-04-07,Zapatos Deportivos,Deportes,1093.13,14,Mónica Ibáñez,Tijuana,Sucursal Centro,Efectivo
1850,2025-02-22,USB Flash Drive,Electrónica,151.6,12,Felipe Núñez,Tijuana,Sucursal Norte,Tarjeta de Débito
1851,2025-02-16,Lámpara,Hogar,638.13,13,Sandra Peña,Ciudad de México,Sucursal Norte,Tarjeta de Crédito
1852,2025-04-19,Café,Alimentos,86.14,10,Roberto Reyes,Guadalajara,Sucursal Centro,Tarjeta de Débito
1853,2025-05-24,Muñeca,Juguetes,347.65,12,Patricia Muñoz,Mérida,Sucursal Centro,Tarjeta de Débito
1854,2024-02-24,Pelota de Fútbol,Deportes,296.99,16,Paola Mendoza,Guadalajara,Sucursal Centro,Tarjeta de Débito
1855,2025-12-16,Gorra,Ropa,244.35,6,Luis Espinoza,Mérida,Sucursal Centro,Tarjeta de Crédito
1856,2024-06-04,Bolígrafo,Papelería,48.92,11,Fernando Flores,Puebla,Sucursal Centro,Transferencia
1857,2025-10-05,Shampoo,Belleza,142.68,18,Roberto Reyes,Tijuana,Sucursal Norte,Tarjeta de Débito
1858,2024-01-25,Mouse,Electrónica,482.77,8,Guillermo León,Mérida,Sucursal Norte,Efectivo
1859,2024-07-20,USB Flash Drive,Electrónica,195.82,6,Carlos López,Guadalajara,Sucursal Sur,Tarjeta de Crédito
1860,2025-02-26,Camiseta,Ropa,347.9,13,Verónica Aguilar,Guadalajara,Sucursal Sur,Transferencia
1861,2025-01-21,Mouse,Electrónica,205.93,1,Verónica Aguilar,Mérida,Sucursal Norte,Efectivo
1862,2025-12-17,Zapatos Deportivos,Deportes,2376.26,19,Héctor Soto,Tijuana,Sucursal Centro,Transferencia
1863,2024-02-25,Café,Alimentos,233.11,5,Adriana Molina,León,Sucursal Norte,Tarjeta de Débito
1864,2024-02-29,Carro de Juguete,Juguetes,201.22,8,Felipe Núñez,Tijuana,Sucursal Centro,Efectivo
1865,2025-04-10,Cargador,Electrónica,241.25,20,Carlos López,Monterrey,Sucursal Sur,Tarjeta de Débito
1866,2025-07-10,Almohada,Hogar,299.85,6,Natalia Ruiz,Guadalajara,Sucursal Sur,Transferencia
1867,2024-02-29,Auriculares,Electrónica,1983.94,17,Alicia Ponce,León,Sucursal Norte,Tarjeta de Débito
1868,2025-06-04,Muñeca,Juguetes,259.27,19,Guillermo León,Ciudad de México,Sucursal Centro,Tarjeta de Débito
1869,2025-12-26,Camiseta,Ropa,230.62,20,Sofía Pérez,Ciudad de México,Sucursal Centro,Transferencia
1870,2025-09-15,Muñeca,Juguetes,240.26,20,Arturo Navarro,Puebla,Sucursal Centro,Tarjeta de Crédito
1871,2025-10-31,USB Flash Drive,Electrónica,132.43,16,Arturo Navarro,Ciudad de México,Sucursal Norte,Transferencia
1872,2025-08-10,Colchoneta,Deportes,728.81,2,Jorge Romero,Ciudad de México,Sucursal Norte,Tarjeta de Débito
1873,2024-03-10,Almohada,Hogar,174.32,5,Adriana Molina,Guadalajara,Sucursal Sur,Tarjeta de Crédito
1874,2025-04-24,USB Flash Drive,Electrónica,172.56,11,Laura Hernández,León,Sucursal Norte,Tarjeta de Crédito
1875,2024-10-10,Cargador,Electrónica,204.77,13,Miguel González,Mérida,Sucursal Norte,Transferencia
1876,2025-04-18,Carro de Juguete,Juguetes,369.46,18,David Torres,Mérida,Sucursal Centro,Efectivo
1877,2024-04-06,Folder,Papelería,39.59,4,Cecilia Trujillo,Guadalajara,Sucursal Sur,Transferencia
1878,2024-02-26,Auriculares,Electrónica,1392.37,19,Beatriz Rojas,Monterrey,Sucursal Centro,Tarjeta de Crédito
1879,2024-07-19,Toalla,Hogar,131.63,20,Verónica Aguilar,Ciudad de México,Sucursal Norte,Tarjeta de Crédito
1880,2025-03-13,Lámpara,Hogar,404.99,18,Renata Suárez,Mérida,Sucursal Centro,Transferencia
1881,2025-06-21,Galletas,Alimentos,78.88,19,Ricardo Castillo,Monterrey,Sucursal Norte,Tarjeta de Crédito
1882,2024-12-27,Crema Facial,Belleza,323.13,8,Manuel Bravo,Ciudad de México,Sucursal Sur,Transferencia
1883,2025-08-12,Almohada,Hogar,307.45,16,Ricardo Castillo,Mérida,Sucursal Centro,Transferencia
1884,2025-02-25,Shampoo,Belleza,84.52,6,Ramón Ortega,Guadalajara,Sucursal Sur,Transferencia
1885,2025-12-23,Jugo,Alimentos,27.78,18,María Martínez,León,Sucursal Centro,Transferencia
1886,2025-02-19,Mouse,Electrónica,172.7,13,Carolina Castro,León,Sucursal Centro,Tarjeta de Crédito
1887,2025-11-23,Zapatos Deportivos,Deportes,2266.2,12,Camila Díaz,Ciudad de México,Sucursal Centro,Tarjeta de Crédito
1888,2025-08-15,Galletas,Alimentos,67.2,1,Mónica Ibáñez,Ciudad de México,Sucursal Sur,Tarjeta de Crédito
1889,2024-12-11,Grapadora,Papelería,88.04,8,Rosa Ávila,Guadalajara,Sucursal Centro,Tarjeta de Crédito
1890,2024-08-25,Almohada,Hogar,250.06,11,Guillermo León,Guadalajara,Sucursal Sur,Efectivo
1891,2025-07-05,Carro de Juguete,Juguetes,394.64,11,Julio Cortez,Mérida,Sucursal Centro,Efectivo
1892,2024-10-01,Toalla,Hogar,242.82,17,Héctor Soto,León,Sucursal Norte,Tarjeta de Débito
1893,2025-04-01,Guantes de Box,Deportes,595.71,14,Julio Cortez,Guadalajara,Sucursal Sur,Efectivo
1894,2025-04-26,Muñeca,Juguetes,387.33,13,Ramón Ortega,Guadalajara,Sucursal Norte,Efectivo
1895,2025-10-18,Guantes de Box,Deportes,1186.7,9,Jorge Romero,Guadalajara,Sucursal Centro,Tarjeta de Débito
1896,2024-12-20,Crema Facial,Belleza,256.82,10,Paola Mendoza,Tijuana,Sucursal Norte,Transferencia
1897,2025-11-12,Lámpara,Hogar,293.27,11,Guillermo León,León,Sucursal Norte,Efectivo
1898,2025-03-17,USB Flash Drive,Electrónica,171.28,13,Verónica Aguilar,Monterrey,Sucursal Sur,Tarjeta de Débito
1899,2024-01-11,Shampoo,Belleza,95.26,14,Óscar Ríos,Ciudad de México,Sucursal Sur,Tarjeta de Crédito
1900,2024-02-06,Gorra,Ropa,180.9,6,Lucía Ramos,Monterrey,Sucursal Sur,Tarjeta de Débito
1901,2025-09-28,Monitor,Electrónica,4165.75,13,Sandra Peña,Mérida,Sucursal Centro,Tarjeta de Débito
1902,2024-10-15,Agua,Alimentos,38.39,11,Fernanda Luna,Tijuana,Sucursal Centro,Tarjeta de Débito
1903,2024-07-05,Guantes de Box,Deportes,1119.8,4,Rosa Ávila,Tijuana,Sucursal Norte,Tarjeta de Crédito
1904,2024-11-29,Cargador,Electrónica,262.59,19,Carlos López,Tijuana,Sucursal Centro,Efectivo
1905,2025-07-29,Café,Alimentos,133.67,15,Carolina Castro,Guadalajara,Sucursal Sur,Tarjeta de Crédito
1906,2025-03-28,Gorra,Ropa,154.28,5,Cecilia Trujillo,Puebla,Sucursal Norte,Tarjeta de Crédito
1907,2024-11-29,Perfume,Belleza,1277.37,11,Verónica Aguilar,Ciudad de México,Sucursal Norte,Transferencia
1908,2024-09-03,Grapadora,Papelería,184.49,8,Ignacio Miranda,León,Sucursal Centro,Transferencia
1909,2025-09-12,Lámpara,Hogar,612.55,4,Ignacio Miranda,Puebla,Sucursal Centro,Tarjeta de Crédito
1910,2025-08-23,Jugo,Alimentos,45.06,1,Adriana Molina,Mérida,Sucursal Norte,Tarjeta de Débito
1911,2025-10-11,Café,Alimentos,175.89,13,Ignacio Miranda,Monterrey,Sucursal Sur,Transferencia
1912,2025-12-23,Folder,Papelería,50.78,9,Pablo Álvarez,León,Sucursal Norte,Tarjeta de Débito
1913,2025-06-19,Chocolate,Alimentos,97.77,20,Miguel González,Monterrey,Sucursal Sur,Tarjeta de Débito
1914,2025-01-19,Shampoo,Belleza,88.9,18,Natalia Ruiz,Guadalajara,Sucursal Sur,Tarjeta de Débito
1915,2024-07-27,Bloques Didácticos,Juguetes,215.47,18,Ana García,Puebla,Sucursal Norte,Tarjeta de Crédito
1916,2024-12-04,Jugo,Alimentos,28.51,10,Rebeca Campos,Guadalajara,Sucursal Norte,Tarjeta de Crédito
1917,2024-04-07,Gorra,Ropa,104.59,5,Renata Suárez,Monterrey,Sucursal Centro,Tarjeta de Débito
1918,2024-09-21,Mouse,Electrónica,161.98,11,Alicia Ponce,León,Sucursal Centro,Tarjeta de Crédito
1919,2024-10-19,Galletas,Alimentos,25.87,3,José Rodríguez,León,Sucursal Centro,Tarjeta de Débito
1920,2024-01-27,Folder,Papelería,54.59,13,José Rodríguez,Mérida,Sucursal Norte,Efectivo
1921,2025-07-25,Crema Facial,Belleza,208.08,20,Daniela Herrera,Tijuana,Sucursal Centro,Tarjeta de Débito
1922,2025-03-02,Colchoneta,Deportes,783.24,2,Alicia Ponce,León,Sucursal Norte,Tarjeta de Débito
1923,2025-04-02,Pantalón,Ropa,524.84,17,Daniela Herrera,Puebla,Sucursal Centro,Tarjeta de Crédito
1924,2024-12-01,Toalla,Hogar,154.98,15,Eduardo Jiménez,Guadalajara,Sucursal Norte,Tarjeta de Crédito
1925,2025-11-23,Toalla,Hogar,217.36,1,Julio Cortez,León,Sucursal Centro,Transferencia
1926,2024-12-07,Pelota de Fútbol,Deportes,261.52,9,Sergio Gutiérrez,Guadalajara,Sucursal Sur,Tarjeta de Crédito
1927,2024-01-12,Lámpara,Hogar,696.06,9,Valentina Cruz,Monterrey,Sucursal Sur,Transferencia
1928,2025-05-09,Gorra,Ropa,181.68,14,Alicia Ponce,Guadalajara,Sucursal Norte,Efectivo
1929,2024-05-17,Grapadora,Papelería,88.63,16,Tomás Vega,Tijuana,Sucursal Norte,Efectivo
1930,2025-12-17,Perfume,Belleza,847.43,9,David Torres,Ciudad de México,Sucursal Norte,Tarjeta de Débito
1931,2024-07-27,Galletas,Alimentos,45.08,2,Gabriela Moreno,Mérida,Sucursal Centro,Tarjeta de Débito
1932,2025-05-29,Almohada,Hogar,295.46,1,Mariana Medina,Puebla,Sucursal Centro,Transferencia
1933,2025-08-15,Sudadera,Ropa,561.57,3,Ximena Paredes,León,Sucursal Norte,Transferencia
1934,2024-01-05,Guantes de Box,Deportes,945.2,6,Andrés Vargas,Tijuana,Sucursal Centro,Efectivo
1935,2025-05-17,Esmalte,Belleza,77.96,10,Pablo Álvarez,Monterrey,Sucursal Centro,Tarjeta de Crédito
1936,2024-04-27,Zapatos Deportivos,Deportes,2129.82,2,Tomás Vega,Puebla,Sucursal Centro,Tarjeta de Crédito
1937,2025-10-19,Almohada,Hogar,305.82,3,Carolina Castro,Puebla,Sucursal Centro,Efectivo
1938,2024-03-17,Cargador,Electrónica,199.54,20,Elena Delgado,Monterrey,Sucursal Centro,Transferencia
1939,2024-10-01,Lámpara,Hogar,287.86,4,Beatriz Rojas,Tijuana,Sucursal Centro,Tarjeta de Débito
1940,2024-08-18,Calcetines,Ropa,71.45,3,Pablo Álvarez,Ciudad de México,Sucursal Sur,Efectivo
1941,2024-07-31,Jugo,Alimentos,59.14,11,Jorge Romero,Puebla,Sucursal Centro,Transferencia
1942,2025-01-11,Crema Facial,Belleza,438.75,13,Patricia Muñoz,Ciudad de México,Sucursal Norte,Efectivo
1943,2025-11-11,Pelota de Fútbol,Deportes,324.72,16,Gabriela Moreno,Tijuana,Sucursal Norte,Tarjeta de Crédito
1944,2024-07-08,Lámpara,Hogar,352.49,19,Ramón Ortega,Puebla,Sucursal Centro,Tarjeta de Crédito
1945,2025-08-21,Zapatos Deportivos,Deportes,836.54,18,Luis Espinoza,Monterrey,Sucursal Centro,Tarjeta de Crédito
1946,2024-08-23,Esmalte,Belleza,118.59,11,Miguel González,Tijuana,Sucursal Centro,Tarjeta de Crédito
1947,2025-04-15,Tijeras,Papelería,69.66,5,Isabel Ramírez,Guadalajara,Sucursal Norte,Transferencia
1948,2024-12-17,Chocolate,Alimentos,48.54,14,Elena Delgado,Monterrey,Sucursal Centro,Tarjeta de Crédito
1949,2024-11-21,Almohada,Hogar,286.87,17,Lucía Ramos,Ciudad de México,Sucursal Norte,Transferencia
1950,2025-02-01,Tijeras,Papelería,69.49,18,Mariana Medina,León,Sucursal Norte,Efectivo
1951,2025-04-08,USB Flash Drive,Electrónica,169.48,12,Renata Suárez,Puebla,Sucursal Norte,Tarjeta de Crédito
1952,2025-01-04,Grapadora,Papelería,94.0,12,Natalia Ruiz,Puebla,Sucursal Norte,Efectivo
1953,2025-09-06,Chocolate,Alimentos,79.98,5,Jorge Romero,León,Sucursal Norte,Tarjeta de Débito
1954,2025-07-25,Detergente,Hogar,138.95,13,Patricia Muñoz,Ciudad de México,Sucursal Centro,Transferencia
1955,2024-04-12,Sudadera,Ropa,448.44,8,Julio Cortez,Tijuana,Sucursal Centro,Efectivo
1956,2024-04-09,Café,Alimentos,166.86,7,Valentina Cruz,Tijuana,Sucursal Norte,Efectivo
1957,2025-10-05,Tijeras,Papelería,68.83,4,Mónica Ibáñez,Mérida,Sucursal Centro,Tarjeta de Crédito
1958,2024-03-09,Sudadera,Ropa,504.66,16,Camila Díaz,Ciudad de México,Sucursal Centro,Transferencia
1959,2024-07-27,Almohada,Hogar,215.27,8,Jorge Romero,Tijuana,Sucursal Norte,Tarjeta de Crédito
1960,2025-07-03,Grapadora,Papelería,140.48,9,Renata Suárez,León,Sucursal Centro,Efectivo
1961,2025-06-09,Calcetines,Ropa,46.52,15,David Torres,León,Sucursal Centro,Efectivo
1962,2024-09-08,Zapatos Deportivos,Deportes,1393.53,15,Lucía Ramos,Ciudad de México,Sucursal Norte,Efectivo
1963,2024-02-10,Camiseta,Ropa,351.72,10,Valentina Cruz,Guadalajara,Sucursal Centro,Tarjeta de Débito
1964,2025-12-20,Camiseta,Ropa,360.57,14,Adriana Molina,Guadalajara,Sucursal Norte,Transferencia
1965,2024-04-16,Jugo,Alimentos,57.52,1,Mariana Medina,Monterrey,Sucursal Norte,Transferencia
1966,2025-07-04,Pantalón,Ropa,402.2,14,Beatriz Rojas,Mérida,Sucursal Centro,Efectivo
1967,2024-07-10,Teclado,Electrónica,690.24,4,Carlos López,Monterrey,Sucursal Norte,Tarjeta de Crédito
1968,2024-03-14,Toalla,Hogar,186.18,3,Carolina Castro,Tijuana,Sucursal Norte,Efectivo
1969,2025-11-28,Lámpara,Hogar,387.04,19,Alicia Ponce,Tijuana,Sucursal Norte,Tarjeta de Débito
1970,2024-11-15,Labial,Belleza,177.28,3,Natalia Ruiz,Monterrey,Sucursal Norte,Efectivo
1971,2024-06-26,Auriculares,Electrónica,1407.51,5,Rosa Ávila,Mérida,Sucursal Centro,Tarjeta de Crédito
1972,2024-10-14,Muñeca,Juguetes,384.02,9,Ramón Ortega,Mérida,Sucursal Centro,Efectivo
1973,2025-12-09,Pantalón,Ropa,658.52,2,Camila Díaz,Monterrey,Sucursal Sur,Tarjeta de Crédito
1974,2024-09-25,Crema Facial,Belleza,480.26,5,Roberto Reyes,Ciudad de México,Sucursal Centro,Tarjeta de Crédito
1975,2024-09-18,Sudadera,Ropa,357.21,20,Silvia Fuentes,Ciudad de México,Sucursal Centro,Efectivo
1976,2025-12-19,Zapatos Deportivos,Deportes,1947.24,13,Patricia Muñoz,Tijuana,Sucursal Norte,Tarjeta de Crédito
1977,2025-09-15,Labial,Belleza,125.89,19,Silvia Fuentes,Ciudad de México,Sucursal Norte,Transferencia
1978,2024-04-21,Chocolate,Alimentos,47.99,19,Julio Cortez,Puebla,Sucursal Centro,Tarjeta de Débito
1979,2024-03-10,Perfume,Belleza,1379.96,4,Mariana Medina,León,Sucursal Centro,Tarjeta de Crédito
1980,2025-01-07,Colchoneta,Deportes,794.5,7,Alicia Ponce,Mérida,Sucursal Centro,Tarjeta de Crédito
1981,2025-11-11,Camiseta,Ropa,378.86,1,Ricardo Castillo,Ciudad de México,Sucursal Sur,Transferencia
1982,2024-03-14,Crema Facial,Belleza,357.18,14,Paola Mendoza,Monterrey,Sucursal Norte,Tarjeta de Débito
1983,2025-06-17,Café,Alimentos,153.1,13,Rebeca Campos,Puebla,Sucursal Centro,Tarjeta de Débito
1984,2025-01-26,Bloques Didácticos,Juguetes,161.92,18,Carlos López,Puebla,Sucursal Norte,Efectivo
1985,2025-05-18,Galletas,Alimentos,59.28,2,Pablo Álvarez,Puebla,Sucursal Norte,Efectivo
1986,2025-02-07,Bolígrafo,Papelería,28.96,10,Sebastián Fuentes,Guadalajara,Sucursal Norte,Efectivo
1987,2024-07-05,Chocolate,Alimentos,34.83,2,Mónica Ibáñez,Monterrey,Sucursal Sur,Transferencia
1988,2024-07-17,Café,Alimentos,97.82,17,Adriana Molina,Tijuana,Sucursal Centro,Tarjeta de Crédito
1989,2025-09-17,Café,Alimentos,206.36,14,Guillermo León,León,Sucursal Centro,Tarjeta de Débito
1990,2024-07-06,Jugo,Alimentos,53.56,11,Fernanda Luna,Guadalajara,Sucursal Centro,Tarjeta de Débito
1991,2025-10-26,Laptop,Electrónica,9245.2,13,Eduardo Jiménez,León,Sucursal Norte,Transferencia
1992,2025-09-04,Guantes de Box,Deportes,1028.02,9,Tomás Vega,Monterrey,Sucursal Norte,Tarjeta de Crédito
1993,2025-08-24,Perfume,Belleza,741.79,20,Isabel Ramírez,León,Sucursal Centro,Transferencia
1994,2025-03-22,Toalla,Hogar,112.09,6,Juan Cervantes,Tijuana,Sucursal Norte,Tarjeta de Crédito
1995,2024-04-20,Laptop,Electrónica,14981.21,1,Valentina Cruz,Mérida,Sucursal Centro,Efectivo
1996,2024-03-18,Guantes de Box,Deportes,559.73,17,Andrés Vargas,Mérida,Sucursal Centro,Transferencia
1997,2025-06-08,Gorra,Ropa,192.83,1,Marco Sánchez,Guadalajara,Sucursal Sur,Tarjeta de Débito
1998,2025-02-19,Rompecabezas,Juguetes,266.97,13,Laura Hernández,León,Sucursal Centro,Tarjeta de Crédito
1999,2024-04-19,Esmalte,Belleza,64.7,3,Paola Mendoza,Ciudad de México,Sucursal Sur,Tarjeta de Crédito
2000,2025-08-17,Marcadores,Papelería,96.26,9,Roberto Reyes,Tijuana,Sucursal Norte,Efectivo
2001,2024-12-05,Bloques Didácticos,Juguetes,228.6,7,Sergio Gutiérrez,Tijuana,Sucursal Centro,Transferencia
2002,2024-01-25,Zapatos Deportivos,Deportes,1772.71,19,Ignacio Miranda,Ciudad de México,Sucursal Norte,Tarjeta de Crédito
2003,2025-03-27,Toalla,Hogar,144.81,8,Patricia Muñoz,León,Sucursal Norte,Transferencia
2004,2025-07-23,Shampoo,Belleza,175.39,13,Gabriela Moreno,Tijuana,Sucursal Norte,Transferencia
2005,2025-07-25,Guantes de Box,Deportes,660.88,10,Jorge Romero,Tijuana,Sucursal Centro,Tarjeta de Crédito
2006,2024-06-16,Perfume,Belleza,1339.93,20,Carolina Castro,Mérida,Sucursal Centro,Tarjeta de Crédito
2007,2025-08-22,Café,Alimentos,102.97,9,Carolina Castro,Monterrey,Sucursal Centro,Tarjeta de Crédito
2008,2024-12-28,Pantalón,Ropa,510.6,10,Ramón Ortega,Tijuana,Sucursal Norte,Transferencia
2009,2024-11-13,Bolígrafo,Papelería,12.72,1,Renata Suárez,Ciudad de México,Sucursal Centro,Tarjeta de Débito
2010,2024-07-22,Cuaderno,Papelería,87.03,8,Víctor Salinas,Mérida,Sucursal Centro,Tarjeta de Crédito
2011,2024-11-07,Gorra,Ropa,176.25,9,Alberto Varela,Guadalajara,Sucursal Sur,Transferencia
2012,2024-05-07,Colchoneta,Deportes,735.86,11,Laura Hernández,Guadalajara,Sucursal Sur,Transferencia
2013,2024-05-02,Monitor,Electrónica,4876.04,2,Alberto Varela,Tijuana,Sucursal Centro,Transferencia
2014,2025-06-04,USB Flash Drive,Electrónica,115.97,20,Alicia Ponce,León,Sucursal Centro,Transferencia
2015,2025-02-08,Rompecabezas,Juguetes,356.07,6,Rebeca Campos,Puebla,Sucursal Centro,Tarjeta de Crédito
2016,2025-11-15,Grapadora,Papelería,172.42,5,Alejandra Morales,Monterrey,Sucursal Norte,Efectivo
2017,2024-01-04,Rompecabezas,Juguetes,368.74,20,Carolina Castro,Guadalajara,Sucursal Centro,Tarjeta de Débito
2018,2025-12-05,Muñeca,Juguetes,529.55,9,Carlos López,Puebla,Sucursal Norte,Efectivo
2019,2024-09-21,Carro de Juguete,Juguetes,337.49,15,Mónica Ibáñez,Mérida,Sucursal Norte,Tarjeta de Crédito
2020,2024-08-18,Tijeras,Papelería,49.47,7,Camila Díaz,León,Sucursal Norte,Tarjeta de Crédito
2021,2025-01-21,Monitor,Electrónica,6350.46,9,Guillermo León,Puebla,Sucursal Centro,Tarjeta de Crédito
2022,2024-04-24,Gorra,Ropa,112.46,10,Eduardo Jiménez,Ciudad de México,Sucursal Centro,Efectivo
2023,2024-07-21,Muñeca,Juguetes,396.69,11,Alberto Varela,Puebla,Sucursal Centro,Tarjeta de Crédito
2024,2025-09-10,Grapadora,Papelería,130.37,3,Verónica Aguilar,León,Sucursal Centro,Transferencia
2025,2024-09-04,Carro de Juguete,Juguetes,219.17,19,Silvia Fuentes,Mérida,Sucursal Centro,Efectivo
2026,2025-12-13,Toalla,Hogar,126.56,19,Roberto Reyes,Monterrey,Sucursal Norte,Efectivo
2027,2025-07-22,Café,Alimentos,137.87,3,Óscar Ríos,León,Sucursal Centro,Efectivo
2028,2024-06-11,Zapatos Deportivos,Deportes,2094.9,17,Roberto Reyes,Monterrey,Sucursal Sur,Tarjeta de Débito
2029,2024-03-10,Almohada,Hogar,380.48,12,Camila Díaz,Tijuana,Sucursal Centro,Transferencia
2030,2024-12-06,Muñeca,Juguetes,517.0,4,Ricardo Castillo,Monterrey,Sucursal Centro,Tarjeta de Débito
2031,2024-04-11,Guantes de Box,Deportes,874.62,8,Natalia Ruiz,Monterrey,Sucursal Sur,Tarjeta de Crédito
2032,2025-02-27,Grapadora,Papelería,139.41,13,Ignacio Miranda,Ciudad de México,Sucursal Norte,Tarjeta de Crédito
2033,2024-09-17,Camiseta,Ropa,393.54,17,Diego Cabrera,Monterrey,Sucursal Norte,Transferencia
2034,2024-05-30,Muñeca,Juguetes,535.17,14,Pablo Álvarez,Monterrey,Sucursal Centro,Tarjeta de Débito
2035,2024-02-29,Bolígrafo,Papelería,33.82,12,Natalia Ruiz,Monterrey,Sucursal Sur,Tarjeta de Crédito
2036,2024-02-02,Detergente,Hogar,96.19,9,Ignacio Miranda,León,Sucursal Norte,Transferencia
2037,2025-01-28,Lámpara,Hogar,561.72,3,Luis Espinoza,Ciudad de México,Sucursal Centro,Transferencia
2038,2024-07-26,Laptop,Electrónica,9473.95,14,Andrés Vargas,Tijuana,Sucursal Norte,Transferencia
2039,2025-04-08,Chocolate,Alimentos,41.67,5,Rosa Ávila,León,Sucursal Centro,Efectivo
2040,2025-11-09,Labial,Belleza,192.49,13,Elena Delgado,Mérida,Sucursal Centro,Tarjeta de Débito
2041,2024-05-02,Chocolate,Alimentos,47.69,4,Andrés Vargas,León,Sucursal Norte,Efectivo
2042,2024-02-09,Mouse,Electrónica,264.74,16,Carolina Castro,Tijuana,Sucursal Norte,Efectivo
2043,2025-01-23,Almohada,Hogar,325.89,2,Fernanda Luna,León,Sucursal Norte,Efectivo
2044,2025-11-04,Perfume,Belleza,1063.67,16,Manuel Bravo,Tijuana,Sucursal Centro,Efectivo
2045,2024-05-17,Pantalón,Ropa,409.96,4,Carlos López,Puebla,Sucursal Centro,Transferencia
2046,2025-01-11,Lámpara,Hogar,721.77,19,Ricardo Castillo,Guadalajara,Sucursal Centro,Tarjeta de Débito
2047,2025-02-18,Tijeras,Papelería,64.18,4,Ramón Ortega,Mérida,Sucursal Centro,Tarjeta de Crédito
2048,2025-07-26,USB Flash Drive,Electrónica,138.93,19,Felipe Núñez,Tijuana,Sucursal Centro,Tarjeta de Débito
2049,2025-01-03,Café,Alimentos,217.11,16,Felipe Núñez,Guadalajara,Sucursal Sur,Transferencia
2050,2025-09-11,Auriculares,Electrónica,1200.15,14,Tomás Vega,Tijuana,Sucursal Norte,Tarjeta de Crédito
2051,2024-09-12,Crema Facial,Belleza,370.19,1,Fernando Flores,León,Sucursal Centro,Efectivo
2052,2025-11-05,Detergente,Hogar,56.52,10,Óscar Ríos,Ciudad de México,Sucursal Sur,Tarjeta de Crédito
2053,2024-10-24,Pantalón,Ropa,493.04,14,Tomás Vega,León,Sucursal Centro,Tarjeta de Crédito
2054,2025-09-19,Rompecabezas,Juguetes,233.04,19,José Rodríguez,Monterrey,Sucursal Sur,Tarjeta de Débito
2055,2025-04-17,Pantalón,Ropa,766.34,13,Jorge Romero,Guadalajara,Sucursal Norte,Efectivo
2056,2024-02-29,Detergente,Hogar,103.49,20,Ana García,León,Sucursal Centro,Tarjeta de Crédito
2057,2024-11-21,Grapadora,Papelería,161.87,19,Manuel Bravo,Ciudad de México,Sucursal Sur,Efectivo
2058,2024-05-27,Esmalte,Belleza,63.34,11,Óscar Ríos,Ciudad de México,Sucursal Sur,Efectivo
2059,2025-05-24,Tijeras,Papelería,75.86,2,Verónica Aguilar,Guadalajara,Sucursal Norte,Tarjeta de Débito
2060,2024-09-28,Zapatos Deportivos,Deportes,1348.23,4,María Martínez,Tijuana,Sucursal Centro,Transferencia
2061,2025-06-26,Crema Facial,Belleza,270.37,16,Silvia Fuentes,Mérida,Sucursal Norte,Efectivo
2062,2024-09-17,Monitor,Electrónica,6480.83,7,Ramón Ortega,Tijuana,Sucursal Norte,Efectivo
2063,2024-02-23,Pantalón,Ropa,563.84,18,Ricardo Castillo,Ciudad de México,Sucursal Centro,Tarjeta de Débito
2064,2024-02-08,Muñeca,Juguetes,356.65,16,Roberto Reyes,Guadalajara,Sucursal Sur,Efectivo
2065,2025-12-25,Carro de Juguete,Juguetes,335.31,3,Mónica Ibáñez,Puebla,Sucursal Norte,Transferencia
2066,2024-10-10,Camiseta,Ropa,358.07,8,Sofía Pérez,Monterrey,Sucursal Centro,Tarjeta de Crédito
2067,2024-07-17,Jugo,Alimentos,25.26,1,Alicia Ponce,Guadalajara,Sucursal Centro,Tarjeta de Crédito
2068,2025-03-22,Perfume,Belleza,1458.45,11,Cecilia Trujillo,Tijuana,Sucursal Norte,Efectivo
2069,2025-01-06,Calcetines,Ropa,83.88,14,Tomás Vega,Monterrey,Sucursal Centro,Transferencia
2070,2025-02-19,Detergente,Hogar,113.12,4,Elena Delgado,Monterrey,Sucursal Sur,Transferencia
2071,2024-08-29,Labial,Belleza,85.53,14,Ana García,Ciudad de México,Sucursal Norte,Tarjeta de Débito
2072,2025-08-02,Toalla,Hogar,93.4,19,Manuel Bravo,Monterrey,Sucursal Sur,Transferencia
2073,2024-01-11,Mouse,Electrónica,418.32,10,Sergio Gutiérrez,León,Sucursal Norte,Efectivo
2074,2024-12-28,Sudadera,Ropa,544.55,3,Manuel Bravo,Monterrey,Sucursal Sur,Efectivo
2075,2024-05-09,Teclado,Electrónica,695.92,8,Manuel Bravo,Tijuana,Sucursal Centro,Tarjeta de Crédito
2076,2025-02-20,Bloques Didácticos,Juguetes,289.77,5,Fernando Flores,Guadalajara,Sucursal Sur,Efectivo
2077,2025-08-17,Jugo,Alimentos,37.48,4,Beatriz Rojas,Puebla,Sucursal Norte,Transferencia
2078,2025-02-11,Rompecabezas,Juguetes,198.82,16,Julio Cortez,Tijuana,Sucursal Norte,Tarjeta de Débito
2079,2025-07-04,Carro de Juguete,Juguetes,186.88,16,Julio Cortez,Mérida,Sucursal Centro,Tarjeta de Débito
2080,2024-01-23,Pelota de Fútbol,Deportes,259.1,13,Andrés Vargas,Monterrey,Sucursal Sur,Efectivo
2081,2025-04-19,Detergente,Hogar,51.93,12,Héctor Soto,León,Sucursal Norte,Efectivo
2082,2024-02-21,USB Flash Drive,Electrónica,117.5,20,Roberto Reyes,Mérida,Sucursal Centro,Tarjeta de Crédito
2083,2024-08-26,Toalla,Hogar,244.67,8,Patricia Muñoz,Monterrey,Sucursal Sur,Tarjeta de Crédito
2084,2024-10-21,Gorra,Ropa,212.9,9,Miguel González,Monterrey,Sucursal Centro,Tarjeta de Crédito
2085,2025-04-11,Zapatos Deportivos,Deportes,2063.35,2,Ramón Ortega,Mérida,Sucursal Norte,Tarjeta de Crédito
2086,2024-10-18,Teclado,Electrónica,671.0,2,Alicia Ponce,Tijuana,Sucursal Norte,Tarjeta de Débito
2087,2024-05-10,Muñeca,Juguetes,469.38,12,Verónica Aguilar,Guadalajara,Sucursal Centro,Tarjeta de Crédito
2088,2024-11-21,Pelota de Fútbol,Deportes,430.82,18,Roberto Reyes,Puebla,Sucursal Centro,Transferencia
2089,2024-08-09,Pelota de Fútbol,Deportes,551.89,14,Fernanda Luna,Puebla,Sucursal Centro,Tarjeta de Crédito
2090,2024-10-27,Tijeras,Papelería,32.27,9,Daniela Herrera,Tijuana,Sucursal Norte,Tarjeta de Débito
2091,2025-01-24,Colchoneta,Deportes,412.67,2,Camila Díaz,Mérida,Sucursal Norte,Transferencia
2092,2024-09-07,Auriculares,Electrónica,638.57,15,Lucía Ramos,Mérida,Sucursal Centro,Tarjeta de Crédito
2093,2025-09-09,Gorra,Ropa,124.95,11,Héctor Soto,Guadalajara,Sucursal Norte,Transferencia
2094,2024-07-02,Gorra,Ropa,180.23,5,Miguel González,Mérida,Sucursal Norte,Efectivo
2095,2024-06-20,Gorra,Ropa,104.58,1,Mariana Medina,León,Sucursal Centro,Transferencia
2096,2025-11-13,Gorra,Ropa,234.09,10,Carolina Castro,Monterrey,Sucursal Centro,Efectivo
2097,2024-02-24,Folder,Papelería,57.41,1,Beatriz Rojas,Ciudad de México,Sucursal Sur,Efectivo
2098,2024-01-19,Guantes de Box,Deportes,671.97,8,Renata Suárez,Tijuana,Sucursal Centro,Tarjeta de Débito
2099,2025-03-02,Almohada,Hogar,282.47,2,Alicia Ponce,Puebla,Sucursal Centro,Efectivo
2100,2025-08-19,Calcetines,Ropa,84.78,7,Rosa Ávila,León,Sucursal Norte,Tarjeta de Débito
2101,2024-05-25,Lámpara,Hogar,627.39,4,Gabriela Moreno,Mérida,Sucursal Centro,Tarjeta de Crédito
2102,2024-08-13,Carro de Juguete,Juguetes,270.12,20,Ximena Paredes,Ciudad de México,Sucursal Sur,Tarjeta de Crédito
2103,2025-07-29,Colchoneta,Deportes,360.09,15,Carlos López,Guadalajara,Sucursal Centro,Tarjeta de Crédito
2104,2025-03-15,Almohada,Hogar,167.11,15,Camila Díaz,León,Sucursal Norte,Tarjeta de Crédito
2105,2025-07-17,Carro de Juguete,Juguetes,499.32,4,Carlos López,Ciudad de México,Sucursal Norte,Tarjeta de Débito
2106,2025-04-30,Colchoneta,Deportes,333.44,17,Lucía Ramos,Puebla,Sucursal Norte,Transferencia
2107,2024-01-13,Galletas,Alimentos,72.33,3,Diego Cabrera,Guadalajara,Sucursal Centro,Tarjeta de Crédito
2108,2024-04-13,Toalla,Hogar,128.52,2,Isabel Ramírez,Tijuana,Sucursal Norte,Efectivo
2109,2024-02-07,Shampoo,Belleza,172.5,6,Alicia Ponce,Tijuana,Sucursal Norte,Tarjeta de Crédito
2110,2024-12-22,Calcetines,Ropa,53.57,15,Manuel Bravo,Ciudad de México,Sucursal Sur,Efectivo
2111,2024-01-27,Calcetines,Ropa,83.74,12,Roberto Reyes,Puebla,Sucursal Centro,Tarjeta de Débito
2112,2025-11-16,Camiseta,Ropa,238.49,8,Patricia Muñoz,León,Sucursal Centro,Tarjeta de Débito
2113,2024-11-16,Guantes de Box,Deportes,1029.69,4,Ximena Paredes,Mérida,Sucursal Centro,Efectivo
2114,2024-10-01,Muñeca,Juguetes,468.23,19,Sergio Gutiérrez,León,Sucursal Centro,Efectivo
2115,2024-03-29,Galletas,Alimentos,37.44,3,Guillermo León,Puebla,Sucursal Centro,Efectivo
2116,2024-08-11,Crema Facial,Belleza,367.3,16,Julio Cortez,Mérida,Sucursal Centro,Transferencia
2117,2024-10-24,Bloques Didácticos,Juguetes,210.52,14,Julio Cortez,León,Sucursal Norte,Tarjeta de Débito
2118,2024-04-21,Pelota de Fútbol,Deportes,518.05,11,Fernanda Luna,Tijuana,Sucursal Norte,Tarjeta de Débito
2119,2024-12-17,Marcadores,Papelería,130.36,17,Roberto Reyes,Guadalajara,Sucursal Norte,Efectivo
2120,2024-08-10,Grapadora,Papelería,158.91,13,Sofía Pérez,Puebla,Sucursal Centro,Tarjeta de Crédito
2121,2024-08-14,Almohada,Hogar,290.51,6,Fernando Flores,Monterrey,Sucursal Centro,Tarjeta de Crédito
2122,2025-01-09,Cargador,Electrónica,123.52,13,Enrique Guerrero,Monterrey,Sucursal Sur,Efectivo
2123,2025-07-23,Labial,Belleza,108.69,16,Patricia Muñoz,Tijuana,Sucursal Centro,Tarjeta de Débito
2124,2025-06-25,Gorra,Ropa,112.35,11,David Torres,Tijuana,Sucursal Centro,Tarjeta de Débito
2125,2024-12-19,Gorra,Ropa,145.94,11,Valentina Cruz,Ciudad de México,Sucursal Norte,Tarjeta de Crédito
2126,2024-01-04,Mouse,Electrónica,404.29,15,Laura Hernández,Puebla,Sucursal Centro,Transferencia
2127,2025-07-30,Toalla,Hogar,169.74,17,Gabriela Moreno,Puebla,Sucursal Centro,Tarjeta de Débito
2128,2024-10-25,Chocolate,Alimentos,62.28,6,Paola Mendoza,Monterrey,Sucursal Sur,Transferencia
2129,2025-07-13,Teclado,Electrónica,315.82,12,Ricardo Castillo,Ciudad de México,Sucursal Centro,Transferencia
2130,2025-05-22,Zapatos Deportivos,Deportes,1125.35,17,Beatriz Rojas,Puebla,Sucursal Centro,Tarjeta de Débito
2131,2025-10-27,Muñeca,Juguetes,498.7,14,Héctor Soto,Monterrey,Sucursal Centro,Tarjeta de Débito
2132,2024-11-10,Perfume,Belleza,1333.06,6,Luis Espinoza,Tijuana,Sucursal Centro,Tarjeta de Débito
2133,2025-02-16,Jugo,Alimentos,34.29,3,Patricia Muñoz,Monterrey,Sucursal Centro,Transferencia
2134,2024-03-21,Folder,Papelería,35.4,7,Gabriela Moreno,Tijuana,Sucursal Norte,Tarjeta de Débito
2135,2024-11-08,Folder,Papelería,48.92,2,Isabel Ramírez,Mérida,Sucursal Norte,Transferencia
2136,2024-09-02,Lámpara,Hogar,450.16,5,Pablo Álvarez,Ciudad de México,Sucursal Norte,Tarjeta de Débito
2137,2024-02-05,Cargador,Electrónica,361.75,17,Carolina Castro,Puebla,Sucursal Norte,Transferencia
2138,2025-12-22,Labial,Belleza,106.54,19,Juan Cervantes,Ciudad de México,Sucursal Sur,Tarjeta de Crédito
2139,2025-12-29,Camiseta,Ropa,240.17,11,Andrés Vargas,Tijuana,Sucursal Centro,Efectivo
2140,2025-03-10,Teclado,Electrónica,207.81,3,Enrique Guerrero,Mérida,Sucursal Centro,Tarjeta de Crédito
2141,2025-07-13,Grapadora,Papelería,121.71,12,Marco Sánchez,Tijuana,Sucursal Norte,Tarjeta de Crédito
2142,2025-07-29,Agua,Alimentos,15.35,7,Laura Hernández,Monterrey,Sucursal Sur,Transferencia
2143,2024-08-31,Pelota de Fútbol,Deportes,466.98,3,Paola Mendoza,León,Sucursal Centro,Transferencia
2144,2024-09-02,Pelota de Fútbol,Deportes,496.51,2,Natalia Ruiz,León,Sucursal Centro,Tarjeta de Crédito
2145,2025-03-13,Café,Alimentos,217.0,2,Diego Cabrera,León,Sucursal Centro,Tarjeta de Débito
2146,2025-09-07,USB Flash Drive,Electrónica,132.06,13,Sebastián Fuentes,Monterrey,Sucursal Sur,Efectivo
2147,2024-02-27,Perfume,Belleza,1283.53,2,Rebeca Campos,Guadalajara,Sucursal Norte,Tarjeta de Débito
2148,2024-04-03,Pelota de Fútbol,Deportes,313.85,8,Elena Delgado,Monterrey,Sucursal Centro,Transferencia
2149,2025-04-16,Bolígrafo,Papelería,28.43,9,Ana García,Guadalajara,Sucursal Norte,Transferencia
2150,2025-07-20,Gorra,Ropa,97.86,8,Renata Suárez,Tijuana,Sucursal Centro,Tarjeta de Crédito
2151,2024-11-19,Perfume,Belleza,515.99,8,Carlos López,León,Sucursal Norte,Tarjeta de Débito
2152,2024-11-29,Guantes de Box,Deportes,968.56,16,David Torres,Ciudad de México,Sucursal Norte,Tarjeta de Crédito
2153,2025-07-26,Monitor,Electrónica,3627.17,4,Felipe Núñez,Tijuana,Sucursal Centro,Tarjeta de Débito
2154,2025-07-20,Bloques Didácticos,Juguetes,238.65,9,Julio Cortez,León,Sucursal Centro,Tarjeta de Crédito
2155,2025-01-31,Shampoo,Belleza,179.0,9,Mónica Ibáñez,Puebla,Sucursal Norte,Tarjeta de Débito
2156,2025-02-06,Esmalte,Belleza,101.49,17,Adriana Molina,Mérida,Sucursal Centro,Efectivo
2157,2025-03-19,Grapadora,Papelería,81.09,9,Beatriz Rojas,Ciudad de México,Sucursal Centro,Tarjeta de Crédito
2158,2025-07-05,Perfume,Belleza,455.4,10,David Torres,Puebla,Sucursal Centro,Transferencia
2159,2025-06-11,Guantes de Box,Deportes,684.34,13,Sebastián Fuentes,Monterrey,Sucursal Centro,Transferencia
2160,2024-04-25,Esmalte,Belleza,86.29,18,Natalia Ruiz,Guadalajara,Sucursal Sur,Tarjeta de Débito
2161,2024-10-14,Calcetines,Ropa,44.48,10,David Torres,Monterrey,Sucursal Centro,Tarjeta de Crédito
2162,2024-04-14,Galletas,Alimentos,41.82,16,Carlos López,Guadalajara,Sucursal Sur,Tarjeta de Débito
2163,2024-08-23,Jugo,Alimentos,40.22,3,Ximena Paredes,Monterrey,Sucursal Sur,Transferencia
2164,2025-08-11,Gorra,Ropa,106.71,18,Elena Delgado,Monterrey,Sucursal Centro,Tarjeta de Crédito
2165,2025-06-30,Carro de Juguete,Juguetes,188.56,4,Carlos López,Mérida,Sucursal Norte,Tarjeta de Débito
2166,2024-09-08,Pelota de Fútbol,Deportes,544.83,2,Adriana Molina,Ciudad de México,Sucursal Sur,Tarjeta de Débito
2167,2025-08-21,Almohada,Hogar,168.01,8,Camila Díaz,Tijuana,Sucursal Centro,Transferencia
2168,2024-12-22,Lámpara,Hogar,767.34,5,Paola Mendoza,Guadalajara,Sucursal Sur,Tarjeta de Crédito
2169,2024-07-27,Gorra,Ropa,143.01,14,Ricardo Castillo,Mérida,Sucursal Centro,Transferencia
2170,2025-02-22,Teclado,Electrónica,593.66,5,Cecilia Trujillo,Puebla,Sucursal Norte,Tarjeta de Crédito
2171,2025-04-18,Galletas,Alimentos,57.01,6,Sofía Pérez,Guadalajara,Sucursal Sur,Efectivo
2172,2025-12-05,Camiseta,Ropa,300.31,20,Natalia Ruiz,Puebla,Sucursal Centro,Transferencia
2173,2024-05-19,Perfume,Belleza,1084.41,2,Mariana Medina,Puebla,Sucursal Centro,Transferencia
2174,2024-11-28,Cuaderno,Papelería,79.76,16,Roberto Reyes,Puebla,Sucursal Norte,Tarjeta de Crédito
2175,2025-10-24,Toalla,Hogar,161.23,14,Pablo Álvarez,Mérida,Sucursal Centro,Transferencia
2176,2025-11-16,Labial,Belleza,76.56,20,Juan Cervantes,Guadalajara,Sucursal Centro,Tarjeta de Débito
2177,2024-01-30,Rompecabezas,Juguetes,210.3,12,Tomás Vega,Tijuana,Sucursal Centro,Efectivo
2178,2025-06-01,Toalla,Hogar,185.3,20,Héctor Soto,Guadalajara,Sucursal Centro,Efectivo
2179,2025-06-14,Bolígrafo,Papelería,26.54,10,Alicia Ponce,Mérida,Sucursal Centro,Efectivo
2180,2025-08-02,Gorra,Ropa,162.54,9,Ana García,Monterrey,Sucursal Centro,Tarjeta de Crédito
2181,2024-01-17,Bloques Didácticos,Juguetes,345.1,18,Fernando Flores,Monterrey,Sucursal Norte,Tarjeta de Débito
2182,2024-12-25,Almohada,Hogar,224.88,12,María Martínez,Mérida,Sucursal Centro,Tarjeta de Débito
2183,2025-03-25,Detergente,Hogar,121.91,9,Luis Espinoza,Tijuana,Sucursal Norte,Efectivo
2184,2025-07-27,Galletas,Alimentos,47.78,14,Mónica Ibáñez,Guadalajara,Sucursal Centro,Efectivo
2185,2025-05-23,Pelota de Fútbol,Deportes,444.29,13,Renata Suárez,Mérida,Sucursal Norte,Transferencia
2186,2025-08-28,Colchoneta,Deportes,423.74,1,David Torres,Monterrey,Sucursal Centro,Tarjeta de Débito
2187,2024-08-02,Bloques Didácticos,Juguetes,175.67,20,Alberto Varela,Tijuana,Sucursal Norte,Transferencia
2188,2025-01-25,Auriculares,Electrónica,1162.66,8,Sandra Peña,Monterrey,Sucursal Centro,Transferencia
2189,2024-01-30,Esmalte,Belleza,85.64,16,Laura Hernández,Guadalajara,Sucursal Centro,Transferencia
2190,2025-01-15,Toalla,Hogar,227.43,16,Fernando Flores,Tijuana,Sucursal Norte,Transferencia
2191,2024-11-05,Perfume,Belleza,529.45,10,Tomás Vega,Mérida,Sucursal Norte,Tarjeta de Crédito
2192,2025-02-09,Rompecabezas,Juguetes,193.22,12,Elena Delgado,Ciudad de México,Sucursal Norte,Tarjeta de Débito
2193,2024-05-05,Bloques Didácticos,Juguetes,335.91,6,Miguel González,Tijuana,Sucursal Norte,Tarjeta de Crédito
2194,2024-09-12,Calcetines,Ropa,60.09,12,Rosa Ávila,Ciudad de México,Sucursal Norte,Efectivo
2195,2025-07-13,Cuaderno,Papelería,105.74,20,Manuel Bravo,Guadalajara,Sucursal Sur,Tarjeta de Débito
2196,2024-12-07,Esmalte,Belleza,73.32,4,Eduardo Jiménez,Monterrey,Sucursal Norte,Tarjeta de Débito
2197,2025-12-21,Cuaderno,Papelería,53.46,6,Óscar Ríos,Tijuana,Sucursal Centro,Tarjeta de Débito
2198,2025-11-18,Rompecabezas,Juguetes,185.57,17,Luis Espinoza,Guadalajara,Sucursal Centro,Tarjeta de Débito
2199,2025-07-13,Marcadores,Papelería,80.99,1,María Martínez,Tijuana,Sucursal Centro,Efectivo
2200,2024-05-03,Esmalte,Belleza,65.6,18,Felipe Núñez,Monterrey,Sucursal Centro,Tarjeta de Débito
2201,2024-02-06,Detergente,Hogar,120.67,17,Silvia Fuentes,Guadalajara,Sucursal Sur,Tarjeta de Crédito
2202,2024-01-14,Bolígrafo,Papelería,30.32,20,Renata Suárez,Mérida,Sucursal Norte,Efectivo
2203,2025-12-21,Auriculares,Electrónica,916.7,12,Julio Cortez,Ciudad de México,Sucursal Sur,Tarjeta de Débito
2204,2025-01-01,Detergente,Hogar,120.72,7,Sergio Gutiérrez,Monterrey,Sucursal Norte,Transferencia
2205,2025-09-24,Detergente,Hogar,120.66,5,Natalia Ruiz,León,Sucursal Centro,Transferencia
2206,2024-12-15,Bolígrafo,Papelería,13.85,11,José Rodríguez,Ciudad de México,Sucursal Sur,Tarjeta de Débito
2207,2025-09-25,Gorra,Ropa,180.2,5,Sofía Pérez,Ciudad de México,Sucursal Norte,Tarjeta de Crédito
2208,2025-06-16,Crema Facial,Belleza,189.24,9,Roberto Reyes,Guadalajara,Sucursal Norte,Tarjeta de Débito
2209,2025-12-05,Auriculares,Electrónica,1420.15,1,Ximena Paredes,Monterrey,Sucursal Sur,Tarjeta de Crédito
2210,2024-08-08,Almohada,Hogar,290.06,19,Sandra Peña,Tijuana,Sucursal Norte,Tarjeta de Crédito
2211,2024-09-19,Almohada,Hogar,273.3,17,Alicia Ponce,Ciudad de México,Sucursal Sur,Tarjeta de Débito
2212,2024-09-27,Pantalón,Ropa,371.82,20,Enrique Guerrero,Monterrey,Sucursal Centro,Tarjeta de Crédito
2213,2025-03-16,Toalla,Hogar,187.86,3,Arturo Navarro,Puebla,Sucursal Norte,Efectivo
2214,2024-03-22,Carro de Juguete,Juguetes,287.59,19,Elena Delgado,Ciudad de México,Sucursal Norte,Tarjeta de Débito
2215,2024-10-08,Zapatos Deportivos,Deportes,1870.14,14,David Torres,Puebla,Sucursal Norte,Tarjeta de Crédito
2216,2024-09-24,Cargador,Electrónica,307.63,15,María Martínez,Tijuana,Sucursal Centro,Transferencia
2217,2024-04-24,Camiseta,Ropa,167.59,2,Alejandra Morales,Puebla,Sucursal Centro,Efectivo
2218,2024-01-07,Pantalón,Ropa,420.94,20,Pablo Álvarez,Monterrey,Sucursal Centro,Efectivo
2219,2024-02-13,Sudadera,Ropa,590.36,5,Ana García,Mérida,Sucursal Centro,Tarjeta de Crédito
2220,2024-01-08,Calcetines,Ropa,59.82,18,Cecilia Trujillo,Monterrey,Sucursal Sur,Transferencia
2221,2025-12-26,Toalla,Hogar,243.36,5,María Martínez,Monterrey,Sucursal Centro,Tarjeta de Crédito
2222,2025-11-18,Carro de Juguete,Juguetes,277.76,7,Miguel González,Tijuana,Sucursal Norte,Efectivo
2223,2025-04-28,Detergente,Hogar,103.91,6,Laura Hernández,Tijuana,Sucursal Norte,Tarjeta de Crédito
2224,2025-11-01,Jugo,Alimentos,31.79,3,Eduardo Jiménez,Monterrey,Sucursal Centro,Tarjeta de Débito
2225,2024-07-22,USB Flash Drive,Electrónica,176.76,12,Jorge Romero,Mérida,Sucursal Norte,Transferencia
2226,2024-07-22,Esmalte,Belleza,97.23,12,Alberto Varela,Ciudad de México,Sucursal Centro,Efectivo
2227,2025-07-19,Monitor,Electrónica,5433.7,6,Alejandra Morales,Monterrey,Sucursal Norte,Tarjeta de Crédito
2228,2024-01-15,Guantes de Box,Deportes,858.26,4,Rosa Ávila,Mérida,Sucursal Norte,Transferencia
2229,2024-11-25,Cargador,Electrónica,144.24,19,Arturo Navarro,León,Sucursal Norte,Efectivo
2230,2025-06-06,Muñeca,Juguetes,553.7,13,Eduardo Jiménez,Tijuana,Sucursal Centro,Transferencia
2231,2025-01-24,Auriculares,Electrónica,691.0,5,Juan Cervantes,Mérida,Sucursal Centro,Tarjeta de Crédito
2232,2024-03-21,Shampoo,Belleza,148.83,2,Miguel González,Mérida,Sucursal Norte,Tarjeta de Crédito
2233,2025-02-24,Sudadera,Ropa,583.03,19,Julio Cortez,Tijuana,Sucursal Centro,Tarjeta de Débito
2234,2024-02-07,Agua,Alimentos,26.05,4,Cecilia Trujillo,Monterrey,Sucursal Sur,Transferencia
2235,2024-08-17,Esmalte,Belleza,47.86,5,Mariana Medina,Monterrey,Sucursal Norte,Tarjeta de Crédito
2236,2025-01-06,Bloques Didácticos,Juguetes,157.73,10,Cecilia Trujillo,Puebla,Sucursal Norte,Tarjeta de Crédito
2237,2025-05-15,Chocolate,Alimentos,68.49,19,Alejandra Morales,Mérida,Sucursal Centro,Transferencia
2238,2024-11-26,Café,Alimentos,229.1,16,Patricia Muñoz,Guadalajara,Sucursal Norte,Tarjeta de Débito
2239,2025-07-18,Agua,Alimentos,35.32,1,Sandra Peña,León,Sucursal Norte,Tarjeta de Crédito
2240,2024-06-04,Guantes de Box,Deportes,1087.61,6,Manuel Bravo,Monterrey,Sucursal Sur,Tarjeta de Débito
2241,2025-06-01,Zapatos Deportivos,Deportes,2121.44,6,Carlos López,Monterrey,Sucursal Norte,Tarjeta de Crédito
2242,2025-05-03,Labial,Belleza,92.9,2,Rebeca Campos,León,Sucursal Norte,Efectivo
2243,2024-05-08,Toalla,Hogar,88.98,10,Cecilia Trujillo,Mérida,Sucursal Centro,Tarjeta de Débito
2244,2025-11-03,Shampoo,Belleza,119.97,17,Fernanda Luna,Tijuana,Sucursal Norte,Efectivo
2245,2025-04-24,Tijeras,Papelería,76.24,20,Pablo Álvarez,León,Sucursal Centro,Tarjeta de Crédito
2246,2024-10-02,Pelota de Fútbol,Deportes,578.89,14,Alberto Varela,Guadalajara,Sucursal Centro,Tarjeta de Crédito
2247,2025-02-11,Grapadora,Papelería,100.33,18,José Rodríguez,León,Sucursal Norte,Tarjeta de Crédito
2248,2024-02-03,Gorra,Ropa,161.0,4,Valentina Cruz,Tijuana,Sucursal Norte,Efectivo
2249,2025-05-20,Galletas,Alimentos,51.69,20,Guillermo León,Mérida,Sucursal Norte,Efectivo
2250,2025-11-24,Bloques Didácticos,Juguetes,173.74,1,Miguel González,Guadalajara,Sucursal Centro,Tarjeta de Débito
2251,2025-06-26,Crema Facial,Belleza,180.11,1,Alberto Varela,Monterrey,Sucursal Norte,Transferencia
2252,2024-04-14,Bolígrafo,Papelería,29.29,6,Felipe Núñez,Monterrey,Sucursal Centro,Tarjeta de Débito
2253,2025-12-13,Cuaderno,Papelería,98.57,3,Mariana Medina,Tijuana,Sucursal Norte,Transferencia
2254,2024-02-03,Folder,Papelería,48.6,2,Diego Cabrera,León,Sucursal Norte,Tarjeta de Débito
2255,2024-01-21,Bloques Didácticos,Juguetes,202.04,10,Ana García,Ciudad de México,Sucursal Centro,Tarjeta de Débito
2256,2024-07-21,Labial,Belleza,141.36,14,David Torres,Puebla,Sucursal Norte,Tarjeta de Crédito
2257,2024-05-11,Rompecabezas,Juguetes,268.91,11,Elena Delgado,León,Sucursal Centro,Tarjeta de Débito
2258,2025-03-23,Shampoo,Belleza,191.56,4,Carlos López,Puebla,Sucursal Norte,Tarjeta de Crédito
2259,2024-01-15,Laptop,Electrónica,11474.68,14,Ignacio Miranda,Monterrey,Sucursal Norte,Transferencia
2260,2025-07-01,Cargador,Electrónica,255.98,18,Sandra Peña,Puebla,Sucursal Norte,Transferencia
2261,2024-09-18,Sudadera,Ropa,543.32,4,Felipe Núñez,Monterrey,Sucursal Centro,Tarjeta de Crédito
2262,2024-03-05,USB Flash Drive,Electrónica,231.58,11,Luis Espinoza,Ciudad de México,Sucursal Sur,Tarjeta de Débito
2263,2024-02-01,Agua,Alimentos,25.51,19,Ana García,Guadalajara,Sucursal Norte,Tarjeta de Crédito
2264,2025-10-19,Crema Facial,Belleza,456.06,8,José Rodríguez,Guadalajara,Sucursal Norte,Tarjeta de Crédito
2265,2024-11-28,Pantalón,Ropa,685.3,20,Isabel Ramírez,Ciudad de México,Sucursal Norte,Transferencia
2266,2025-04-25,Zapatos Deportivos,Deportes,2463.95,1,Jorge Romero,Puebla,Sucursal Centro,Tarjeta de Crédito
2267,2025-12-31,Monitor,Electrónica,6681.84,7,Óscar Ríos,Puebla,Sucursal Norte,Tarjeta de Crédito
2268,2025-01-21,Rompecabezas,Juguetes,175.23,13,David Torres,León,Sucursal Norte,Tarjeta de Crédito
2269,2025-10-15,Grapadora,Papelería,164.09,17,Andrés Vargas,Monterrey,Sucursal Centro,Tarjeta de Débito
2270,2025-07-04,Pelota de Fútbol,Deportes,506.4,9,María Martínez,Guadalajara,Sucursal Centro,Tarjeta de Débito
2271,2025-08-30,Esmalte,Belleza,94.81,10,Ramón Ortega,Ciudad de México,Sucursal Norte,Tarjeta de Crédito
2272,2025-01-25,Almohada,Hogar,204.66,6,Tomás Vega,Guadalajara,Sucursal Norte,Transferencia
2273,2025-09-03,Sudadera,Ropa,363.4,10,Ignacio Miranda,Guadalajara,Sucursal Norte,Efectivo
2274,2024-02-01,Crema Facial,Belleza,439.81,6,Alicia Ponce,Mérida,Sucursal Centro,Transferencia
2275,2024-03-28,Agua,Alimentos,33.34,20,Enrique Guerrero,Guadalajara,Sucursal Norte,Tarjeta de Débito
2276,2025-03-01,Auriculares,Electrónica,1216.5,8,Mariana Medina,Tijuana,Sucursal Centro,Transferencia
2277,2024-05-23,Tijeras,Papelería,56.13,6,Sebastián Fuentes,Tijuana,Sucursal Norte,Tarjeta de Crédito
2278,2025-12-14,Café,Alimentos,192.04,17,Carolina Castro,Guadalajara,Sucursal Centro,Tarjeta de Débito
2279,2025-08-09,Toalla,Hogar,217.81,2,Eduardo Jiménez,Puebla,Sucursal Centro,Efectivo
2280,2025-11-17,Rompecabezas,Juguetes,272.56,14,Andrés Vargas,Puebla,Sucursal Centro,Transferencia
2281,2025-12-17,Carro de Juguete,Juguetes,400.5,2,Silvia Fuentes,Guadalajara,Sucursal Centro,Tarjeta de Débito
2282,2024-05-07,Mouse,Electrónica,260.11,1,Laura Hernández,Monterrey,Sucursal Norte,Tarjeta de Crédito
2283,2025-11-24,Marcadores,Papelería,69.59,20,Felipe Núñez,León,Sucursal Norte,Efectivo
2284,2025-06-03,Agua,Alimentos,29.6,8,Rosa Ávila,Tijuana,Sucursal Norte,Tarjeta de Débito
2285,2024-06-06,Detergente,Hogar,101.83,2,Fernanda Luna,Guadalajara,Sucursal Centro,Efectivo
2286,2024-11-19,Café,Alimentos,219.9,6,Andrés Vargas,Tijuana,Sucursal Centro,Tarjeta de Crédito
2287,2025-07-03,Guantes de Box,Deportes,425.6,5,Lucía Ramos,Mérida,Sucursal Centro,Transferencia
2288,2025-07-16,Zapatos Deportivos,Deportes,1139.62,20,Ricardo Castillo,Mérida,Sucursal Norte,Transferencia
2289,2025-12-24,Toalla,Hogar,180.83,12,Miguel González,Mérida,Sucursal Centro,Efectivo
2290,2024-10-15,Labial,Belleza,106.38,4,Cecilia Trujillo,León,Sucursal Norte,Tarjeta de Crédito
2291,2025-11-28,Tijeras,Papelería,30.53,13,Mariana Medina,León,Sucursal Centro,Tarjeta de Crédito
2292,2025-10-10,Crema Facial,Belleza,416.59,1,Mariana Medina,Monterrey,Sucursal Sur,Transferencia
2293,2024-01-20,Marcadores,Papelería,133.24,16,Camila Díaz,Ciudad de México,Sucursal Sur,Tarjeta de Crédito
2294,2024-03-21,Sudadera,Ropa,560.72,1,Rosa Ávila,León,Sucursal Centro,Efectivo
2295,2024-04-13,Muñeca,Juguetes,463.08,2,Isabel Ramírez,Puebla,Sucursal Norte,Transferencia
2296,2024-08-03,Chocolate,Alimentos,82.83,1,Ana García,Mérida,Sucursal Norte,Tarjeta de Crédito
2297,2025-10-30,Calcetines,Ropa,46.89,9,Diego Cabrera,León,Sucursal Norte,Efectivo
2298,2025-03-10,Chocolate,Alimentos,58.36,8,Daniela Herrera,Monterrey,Sucursal Centro,Tarjeta de Débito
2299,2025-06-17,Lámpara,Hogar,383.91,20,David Torres,Tijuana,Sucursal Centro,Efectivo
2300,2025-05-10,Labial,Belleza,141.15,13,Arturo Navarro,Puebla,Sucursal Centro,Efectivo
2301,2024-05-27,Muñeca,Juguetes,318.04,1,Tomás Vega,Tijuana,Sucursal Norte,Efectivo
2302,2025-06-08,Folder,Papelería,56.52,14,Fernanda Luna,Mérida,Sucursal Centro,Transferencia
2303,2024-06-10,Colchoneta,Deportes,573.2,8,Patricia Muñoz,Puebla,Sucursal Norte,Efectivo
2304,2025-11-25,Crema Facial,Belleza,332.89,4,Miguel González,Mérida,Sucursal Centro,Efectivo
2305,2025-08-11,Esmalte,Belleza,87.45,15,Óscar Ríos,Monterrey,Sucursal Norte,Tarjeta de Débito
2306,2025-05-29,Zapatos Deportivos,Deportes,853.27,1,Rebeca Campos,Guadalajara,Sucursal Sur,Tarjeta de Crédito
2307,2025-11-16,Crema Facial,Belleza,325.83,7,Beatriz Rojas,León,Sucursal Centro,Transferencia
2308,2024-03-17,Muñeca,Juguetes,473.92,10,Patricia Muñoz,Tijuana,Sucursal Norte,Transferencia
2309,2024-08-06,Tijeras,Papelería,32.32,16,Adriana Molina,Tijuana,Sucursal Centro,Tarjeta de Crédito
2310,2024-12-01,Zapatos Deportivos,Deportes,1373.29,11,Carolina Castro,Ciudad de México,Sucursal Sur,Transferencia
2311,2025-03-18,Colchoneta,Deportes,776.45,4,Pablo Álvarez,Tijuana,Sucursal Norte,Tarjeta de Crédito
2312,2024-04-01,Carro de Juguete,Juguetes,273.87,16,Roberto Reyes,Monterrey,Sucursal Norte,Tarjeta de Crédito
2313,2024-06-02,Detergente,Hogar,102.58,7,María Martínez,Tijuana,Sucursal Norte,Tarjeta de Crédito
2314,2025-09-30,Jugo,Alimentos,50.39,6,Isabel Ramírez,Mérida,Sucursal Centro,Efectivo
2315,2025-04-14,Rompecabezas,Juguetes,240.84,6,Pablo Álvarez,Puebla,Sucursal Norte,Tarjeta de Crédito
2316,2025-04-24,Crema Facial,Belleza,375.99,10,Eduardo Jiménez,Mérida,Sucursal Centro,Transferencia
2317,2025-04-20,Carro de Juguete,Juguetes,451.68,8,Jorge Romero,Monterrey,Sucursal Centro,Tarjeta de Débito
2318,2025-07-16,Crema Facial,Belleza,248.16,2,Arturo Navarro,Guadalajara,Sucursal Norte,Tarjeta de Débito
2319,2024-08-17,Pelota de Fútbol,Deportes,514.98,5,Eduardo Jiménez,Puebla,Sucursal Norte,Transferencia
2320,2024-05-17,Chocolate,Alimentos,57.62,15,Miguel González,Ciudad de México,Sucursal Norte,Tarjeta de Crédito
2321,2024-04-18,Cuaderno,Papelería,57.42,16,Lucía Ramos,Monterrey,Sucursal Sur,Efectivo
2322,2024-07-09,Rompecabezas,Juguetes,305.16,14,Óscar Ríos,Mérida,Sucursal Norte,Tarjeta de Débito
2323,2025-05-17,Rompecabezas,Juguetes,395.59,11,Julio Cortez,Ciudad de México,Sucursal Norte,Transferencia
2324,2024-01-05,Cargador,Electrónica,286.28,2,Ramón Ortega,Monterrey,Sucursal Norte,Transferencia
2325,2024-03-16,Calcetines,Ropa,71.59,3,Óscar Ríos,Mérida,Sucursal Centro,Transferencia
2326,2024-03-25,Carro de Juguete,Juguetes,317.4,15,Mónica Ibáñez,Tijuana,Sucursal Centro,Tarjeta de Débito
2327,2024-08-07,Camiseta,Ropa,157.82,16,Camila Díaz,Puebla,Sucursal Centro,Tarjeta de Crédito
2328,2024-05-29,Galletas,Alimentos,46.14,17,Arturo Navarro,Monterrey,Sucursal Centro,Efectivo
2329,2024-03-08,Calcetines,Ropa,81.87,10,Miguel González,Monterrey,Sucursal Sur,Transferencia
2330,2025-08-04,Marcadores,Papelería,80.62,17,Carlos López,Ciudad de México,Sucursal Centro,Transferencia
2331,2025-10-19,Folder,Papelería,48.66,12,Valentina Cruz,Tijuana,Sucursal Norte,Tarjeta de Crédito
2332,2024-12-27,Esmalte,Belleza,59.88,17,María Martínez,Puebla,Sucursal Norte,Transferencia
2333,2024-01-12,Galletas,Alimentos,51.13,13,Julio Cortez,Tijuana,Sucursal Norte,Efectivo
2334,2024-12-22,Rompecabezas,Juguetes,279.45,17,David Torres,Puebla,Sucursal Norte,Transferencia
2335,2025-02-19,Guantes de Box,Deportes,976.07,18,Manuel Bravo,León,Sucursal Centro,Transferencia
2336,2025-12-09,Esmalte,Belleza,44.23,16,Juan Cervantes,Tijuana,Sucursal Centro,Efectivo
2337,2025-04-15,Labial,Belleza,195.9,19,Manuel Bravo,Tijuana,Sucursal Centro,Tarjeta de Crédito
2338,2024-09-04,Lámpara,Hogar,435.52,5,Luis Espinoza,Puebla,Sucursal Centro,Tarjeta de Crédito
2339,2025-05-03,Monitor,Electrónica,7513.55,15,Ricardo Castillo,León,Sucursal Centro,Tarjeta de Débito
2340,2024-01-04,Detergente,Hogar,94.54,11,Gabriela Moreno,León,Sucursal Centro,Tarjeta de Débito
2341,2024-02-25,Marcadores,Papelería,98.45,20,Rosa Ávila,León,Sucursal Centro,Tarjeta de Crédito
2342,2025-02-10,Shampoo,Belleza,175.7,18,Víctor Salinas,Tijuana,Sucursal Centro,Transferencia
2343,2025-12-29,Rompecabezas,Juguetes,266.41,9,Manuel Bravo,Puebla,Sucursal Centro,Tarjeta de Débito
2344,2024-09-06,Toalla,Hogar,247.23,5,Daniela Herrera,Monterrey,Sucursal Centro,Tarjeta de Débito
2345,2024-10-20,Toalla,Hogar,221.76,12,Renata Suárez,Mérida,Sucursal Norte,Transferencia
2346,2025-06-14,Auriculares,Electrónica,866.9,5,Daniela Herrera,Monterrey,Sucursal Centro,Efectivo
2347,2024-07-08,Carro de Juguete,Juguetes,230.65,12,Andrés Vargas,Guadalajara,Sucursal Sur,Tarjeta de Crédito
2348,2025-07-29,Gorra,Ropa,213.92,19,Renata Suárez,Guadalajara,Sucursal Norte,Tarjeta de Débito
2349,2024-09-17,Labial,Belleza,190.45,17,Sofía Pérez,Puebla,Sucursal Centro,Transferencia
2350,2025-06-22,Muñeca,Juguetes,221.38,20,Mariana Medina,León,Sucursal Centro,Transferencia
2351,2025-05-27,Pantalón,Ropa,704.46,12,Carlos López,Ciudad de México,Sucursal Sur,Tarjeta de Crédito
2352,2025-12-24,Esmalte,Belleza,82.85,16,Julio Cortez,León,Sucursal Centro,Efectivo
2353,2024-08-03,Toalla,Hogar,158.05,13,Lucía Ramos,León,Sucursal Centro,Transferencia
2354,2025-09-12,Pantalón,Ropa,369.16,20,Enrique Guerrero,Mérida,Sucursal Centro,Tarjeta de Crédito
2355,2024-07-27,Bloques Didácticos,Juguetes,297.02,13,Manuel Bravo,Mérida,Sucursal Norte,Tarjeta de Débito
2356,2025-09-17,Crema Facial,Belleza,335.1,9,Alberto Varela,Monterrey,Sucursal Norte,Tarjeta de Crédito
2357,2025-03-25,Toalla,Hogar,133.05,7,Ximena Paredes,Mérida,Sucursal Norte,Tarjeta de Crédito
2358,2024-10-19,Labial,Belleza,184.12,9,Felipe Núñez,Tijuana,Sucursal Centro,Transferencia
2359,2024-05-17,Toalla,Hogar,228.27,9,Tomás Vega,León,Sucursal Centro,Tarjeta de Débito
2360,2024-06-11,Monitor,Electrónica,4696.85,2,Daniela Herrera,Monterrey,Sucursal Centro,Tarjeta de Crédito
2361,2024-11-21,Colchoneta,Deportes,430.19,14,Silvia Fuentes,Tijuana,Sucursal Norte,Efectivo
2362,2024-06-20,Folder,Papelería,47.37,14,Lucía Ramos,Monterrey,Sucursal Norte,Tarjeta de Crédito
2363,2024-05-17,Calcetines,Ropa,63.28,20,Fernando Flores,Puebla,Sucursal Norte,Tarjeta de Crédito
2364,2024-10-15,Cuaderno,Papelería,33.28,8,Laura Hernández,Tijuana,Sucursal Norte,Tarjeta de Crédito
2365,2024-09-09,Pelota de Fútbol,Deportes,257.62,9,Andrés Vargas,León,Sucursal Norte,Tarjeta de Crédito
2366,2025-09-07,Lámpara,Hogar,518.32,10,Eduardo Jiménez,Mérida,Sucursal Norte,Tarjeta de Débito
2367,2024-02-12,Muñeca,Juguetes,222.05,18,Isabel Ramírez,Puebla,Sucursal Centro,Tarjeta de Crédito
2368,2025-10-30,Guantes de Box,Deportes,1132.32,13,Rosa Ávila,Monterrey,Sucursal Centro,Transferencia
2369,2024-10-24,Sudadera,Ropa,317.19,11,Juan Cervantes,Ciudad de México,Sucursal Norte,Transferencia
2370,2024-07-22,Laptop,Electrónica,14427.72,4,Sergio Gutiérrez,Guadalajara,Sucursal Norte,Tarjeta de Crédito
2371,2024-06-19,Mouse,Electrónica,356.97,12,Lucía Ramos,Monterrey,Sucursal Sur,Tarjeta de Crédito
2372,2025-05-12,Cargador,Electrónica,311.88,4,Juan Cervantes,Tijuana,Sucursal Norte,Transferencia
2373,2025-09-20,Agua,Alimentos,25.26,9,José Rodríguez,Puebla,Sucursal Centro,Tarjeta de Crédito
2374,2025-11-24,Camiseta,Ropa,250.12,19,Diego Cabrera,Tijuana,Sucursal Centro,Efectivo
2375,2024-12-12,Bolígrafo,Papelería,23.66,17,Beatriz Rojas,Guadalajara,Sucursal Norte,Transferencia
2376,2025-08-10,Galletas,Alimentos,72.83,2,Carlos López,Ciudad de México,Sucursal Centro,Efectivo
2377,2025-06-10,Mouse,Electrónica,176.54,15,Miguel González,Ciudad de México,Sucursal Centro,Efectivo
2378,2025-03-07,Crema Facial,Belleza,439.58,3,Enrique Guerrero,Tijuana,Sucursal Norte,Transferencia
2379,2025-12-01,Jugo,Alimentos,33.05,13,Óscar Ríos,Mérida,Sucursal Norte,Efectivo
2380,2024-06-14,Rompecabezas,Juguetes,288.66,4,Alberto Varela,Monterrey,Sucursal Centro,Tarjeta de Débito
2381,2025-04-01,Zapatos Deportivos,Deportes,1639.23,17,Víctor Salinas,Tijuana,Sucursal Centro,Tarjeta de Débito
2382,2025-03-08,Muñeca,Juguetes,451.94,18,Rosa Ávila,Mérida,Sucursal Norte,Tarjeta de Débito
2383,2024-11-18,Lámpara,Hogar,557.07,17,Eduardo Jiménez,Ciudad de México,Sucursal Norte,Tarjeta de Débito
2384,2025-11-29,Perfume,Belleza,428.23,13,Daniela Herrera,Guadalajara,Sucursal Centro,Tarjeta de Débito
2385,2024-12-31,Calcetines,Ropa,77.22,19,Alicia Ponce,Tijuana,Sucursal Norte,Tarjeta de Débito
2386,2025-07-17,Carro de Juguete,Juguetes,406.03,4,Juan Cervantes,Mérida,Sucursal Centro,Tarjeta de Débito
2387,2024-03-24,Laptop,Electrónica,13335.71,10,Ana García,Puebla,Sucursal Centro,Tarjeta de Crédito
2388,2024-05-15,Bloques Didácticos,Juguetes,187.2,4,Marco Sánchez,Mérida,Sucursal Norte,Tarjeta de Crédito
2389,2025-05-24,Monitor,Electrónica,5573.45,5,David Torres,Guadalajara,Sucursal Sur,Tarjeta de Crédito
2390,2024-12-18,Pelota de Fútbol,Deportes,533.78,18,David Torres,Mérida,Sucursal Centro,Transferencia
2391,2025-08-05,Folder,Papelería,35.14,10,Guillermo León,Tijuana,Sucursal Norte,Efectivo
2392,2025-12-29,Cuaderno,Papelería,107.34,7,Rebeca Campos,Mérida,Sucursal Norte,Transferencia
2393,2025-10-08,Shampoo,Belleza,91.24,4,Mariana Medina,Monterrey,Sucursal Norte,Tarjeta de Crédito
2394,2025-05-14,Colchoneta,Deportes,418.36,9,Enrique Guerrero,Ciudad de México,Sucursal Sur,Efectivo
2395,2024-08-19,Teclado,Electrónica,462.39,10,Andrés Vargas,Monterrey,Sucursal Sur,Efectivo
2396,2024-12-03,Crema Facial,Belleza,426.81,20,Fernanda Luna,Puebla,Sucursal Norte,Transferencia
2397,2024-03-25,Labial,Belleza,179.69,9,Luis Espinoza,Guadalajara,Sucursal Norte,Tarjeta de Débito
2398,2024-02-14,Agua,Alimentos,32.19,20,Alicia Ponce,Ciudad de México,Sucursal Centro,Transferencia
2399,2025-04-03,Shampoo,Belleza,186.17,19,Sebastián Fuentes,Puebla,Sucursal Norte,Tarjeta de Débito
2400,2024-11-15,Camiseta,Ropa,318.98,2,David Torres,León,Sucursal Centro,Tarjeta de Débito
2401,2024-12-08,Gorra,Ropa,132.01,19,Patricia Muñoz,Puebla,Sucursal Centro,Tarjeta de Crédito
2402,2025-01-28,Esmalte,Belleza,56.58,11,Héctor Soto,Puebla,Sucursal Norte,Tarjeta de Débito
2403,2025-05-12,Bloques Didácticos,Juguetes,220.02,12,Alicia Ponce,Puebla,Sucursal Norte,Tarjeta de Débito
2404,2025-10-07,Jugo,Alimentos,40.88,1,Alberto Varela,Ciudad de México,Sucursal Norte,Tarjeta de Débito
2405,2024-10-26,Agua,Alimentos,25.58,7,Ricardo Castillo,Puebla,Sucursal Centro,Tarjeta de Débito
2406,2025-06-14,Esmalte,Belleza,108.22,11,Isabel Ramírez,Puebla,Sucursal Norte,Efectivo
2407,2025-07-21,Carro de Juguete,Juguetes,211.95,20,Mónica Ibáñez,Puebla,Sucursal Centro,Efectivo
2408,2025-05-31,Bloques Didácticos,Juguetes,191.05,5,Juan Cervantes,Guadalajara,Sucursal Norte,Tarjeta de Crédito
2409,2024-10-21,Zapatos Deportivos,Deportes,2316.92,7,Alejandra Morales,Mérida,Sucursal Centro,Tarjeta de Crédito
2410,2024-12-31,Labial,Belleza,144.1,20,Silvia Fuentes,Mérida,Sucursal Centro,Transferencia
2411,2024-08-27,Almohada,Hogar,396.52,11,Sandra Peña,Guadalajara,Sucursal Centro,Tarjeta de Débito
2412,2024-12-15,Café,Alimentos,89.99,16,Arturo Navarro,Guadalajara,Sucursal Centro,Efectivo
2413,2025-07-22,Sudadera,Ropa,497.62,7,Sofía Pérez,Tijuana,Sucursal Norte,Transferencia
2414,2024-07-29,Muñeca,Juguetes,411.57,2,Cecilia Trujillo,Puebla,Sucursal Centro,Transferencia
2415,2024-11-18,Grapadora,Papelería,126.28,16,Manuel Bravo,Puebla,Sucursal Centro,Efectivo
2416,2025-08-05,Chocolate,Alimentos,67.82,17,Óscar Ríos,Puebla,Sucursal Norte,Tarjeta de Crédito
2417,2025-12-04,Colchoneta,Deportes,333.18,17,Gabriela Moreno,León,Sucursal Norte,Tarjeta de Débito
2418,2024-10-14,Camiseta,Ropa,344.7,9,Ramón Ortega,Mérida,Sucursal Norte,Tarjeta de Crédito
2419,2024-05-08,USB Flash Drive,Electrónica,109.94,5,Víctor Salinas,Tijuana,Sucursal Centro,Efectivo
2420,2025-10-10,Bolígrafo,Papelería,33.24,3,Tomás Vega,Tijuana,Sucursal Norte,Efectivo
2421,2025-06-17,Folder,Papelería,32.67,16,Renata Suárez,Ciudad de México,Sucursal Sur,Tarjeta de Crédito
2422,2025-06-27,Tijeras,Papelería,68.11,2,Julio Cortez,Guadalajara,Sucursal Sur,Efectivo
2423,2025-03-10,Grapadora,Papelería,139.33,9,Sandra Peña,León,Sucursal Norte,Tarjeta de Crédito
2424,2024-10-30,Jugo,Alimentos,26.56,6,Patricia Muñoz,Mérida,Sucursal Norte,Efectivo
2425,2025-09-13,Marcadores,Papelería,122.57,7,Rosa Ávila,Monterrey,Sucursal Sur,Efectivo
2426,2024-05-14,Grapadora,Papelería,193.13,5,Héctor Soto,Mérida,Sucursal Norte,Tarjeta de Débito
2427,2025-01-14,Chocolate,Alimentos,83.96,7,Camila Díaz,Tijuana,Sucursal Centro,Transferencia
2428,2024-08-10,Pelota de Fútbol,Deportes,546.76,20,Andrés Vargas,Guadalajara,Sucursal Norte,Efectivo
2429,2025-11-15,Agua,Alimentos,33.6,3,Ignacio Miranda,Guadalajara,Sucursal Centro,Transferencia
2430,2025-01-22,Jugo,Alimentos,40.05,19,María Martínez,Mérida,Sucursal Centro,Tarjeta de Débito
2431,2024-03-05,Lámpara,Hogar,483.13,17,Eduardo Jiménez,Tijuana,Sucursal Centro,Tarjeta de Débito
2432,2025-09-17,Carro de Juguete,Juguetes,458.74,14,Miguel González,Puebla,Sucursal Centro,Efectivo
2433,2025-04-21,Jugo,Alimentos,22.94,4,Rosa Ávila,Ciudad de México,Sucursal Centro,Efectivo
2434,2024-05-04,Pantalón,Ropa,502.76,5,Beatriz Rojas,Puebla,Sucursal Norte,Transferencia
2435,2025-12-16,Guantes de Box,Deportes,774.11,19,María Martínez,Tijuana,Sucursal Centro,Efectivo
2436,2025-10-26,Pelota de Fútbol,Deportes,583.32,18,Valentina Cruz,Ciudad de México,Sucursal Centro,Tarjeta de Crédito
2437,2025-08-11,Café,Alimentos,157.65,18,Natalia Ruiz,Puebla,Sucursal Centro,Tarjeta de Crédito
2438,2024-01-25,Sudadera,Ropa,426.28,1,David Torres,Monterrey,Sucursal Sur,Tarjeta de Débito
2439,2024-07-18,Gorra,Ropa,186.68,16,Natalia Ruiz,Guadalajara,Sucursal Norte,Tarjeta de Débito
2440,2024-05-11,Crema Facial,Belleza,350.59,14,Tomás Vega,Puebla,Sucursal Norte,Tarjeta de Crédito
2441,2025-08-26,Guantes de Box,Deportes,1059.76,3,Lucía Ramos,Tijuana,Sucursal Centro,Tarjeta de Débito
2442,2024-07-27,Pelota de Fútbol,Deportes,585.29,8,Felipe Núñez,Guadalajara,Sucursal Norte,Transferencia
2443,2024-10-22,Carro de Juguete,Juguetes,464.94,2,Jorge Romero,Mérida,Sucursal Norte,Tarjeta de Crédito
2444,2025-07-11,Jugo,Alimentos,51.12,4,Isabel Ramírez,Tijuana,Sucursal Centro,Tarjeta de Débito
2445,2024-12-27,Toalla,Hogar,144.64,10,Mónica Ibáñez,León,Sucursal Norte,Tarjeta de Crédito
2446,2024-04-08,Cargador,Electrónica,169.57,6,Sebastián Fuentes,Monterrey,Sucursal Centro,Efectivo
2447,2024-07-22,Toalla,Hogar,221.48,8,Marco Sánchez,Monterrey,Sucursal Centro,Tarjeta de Crédito
2448,2025-05-10,Bolígrafo,Papelería,18.77,18,Patricia Muñoz,Mérida,Sucursal Norte,Transferencia
2449,2024-02-01,Folder,Papelería,50.75,8,Andrés Vargas,Monterrey,Sucursal Norte,Tarjeta de Crédito
2450,2025-05-23,Cargador,Electrónica,375.59,12,Alicia Ponce,León,Sucursal Centro,Tarjeta de Débito
2451,2025-08-17,Gorra,Ropa,187.79,2,Silvia Fuentes,Mérida,Sucursal Norte,Tarjeta de Débito
2452,2025-09-18,Detergente,Hogar,133.31,6,Jorge Romero,Mérida,Sucursal Centro,Tarjeta de Débito
2453,2024-12-29,Monitor,Electrónica,7402.74,14,Paola Mendoza,Tijuana,Sucursal Centro,Efectivo
2454,2024-12-12,Zapatos Deportivos,Deportes,2015.62,16,Ramón Ortega,Puebla,Sucursal Centro,Efectivo
2455,2024-12-21,Jugo,Alimentos,42.97,6,Pablo Álvarez,Tijuana,Sucursal Norte,Tarjeta de Débito
2456,2024-06-03,Jugo,Alimentos,58.57,12,Renata Suárez,Mérida,Sucursal Centro,Efectivo
2457,2025-11-29,Sudadera,Ropa,504.02,16,María Martínez,Mérida,Sucursal Norte,Tarjeta de Débito
2458,2024-08-28,Carro de Juguete,Juguetes,469.48,5,Jorge Romero,Guadalajara,Sucursal Centro,Transferencia
2459,2024-08-13,Tijeras,Papelería,79.86,16,José Rodríguez,Monterrey,Sucursal Norte,Transferencia
2460,2024-05-15,Labial,Belleza,130.01,5,Miguel González,León,Sucursal Centro,Efectivo
2461,2024-03-04,Grapadora,Papelería,159.66,16,Patricia Muñoz,Mérida,Sucursal Norte,Efectivo
2462,2025-07-31,Muñeca,Juguetes,449.51,14,Héctor Soto,Mérida,Sucursal Centro,Efectivo
2463,2024-07-26,Shampoo,Belleza,101.33,16,David Torres,Mérida,Sucursal Centro,Tarjeta de Débito
2464,2024-08-29,Guantes de Box,Deportes,541.94,5,Felipe Núñez,León,Sucursal Norte,Transferencia
2465,2025-03-27,Shampoo,Belleza,147.27,16,Isabel Ramírez,Monterrey,Sucursal Centro,Efectivo
2466,2024-01-06,USB Flash Drive,Electrónica,139.19,5,Diego Cabrera,Mérida,Sucursal Norte,Transferencia
2467,2024-03-11,Bolígrafo,Papelería,31.58,9,Pablo Álvarez,Ciudad de México,Sucursal Sur,Transferencia
2468,2024-03-31,Bloques Didácticos,Juguetes,307.37,16,Fernanda Luna,Ciudad de México,Sucursal Norte,Transferencia
2469,2025-05-15,Folder,Papelería,39.44,9,Daniela Herrera,Monterrey,Sucursal Centro,Transferencia
2470,2024-10-03,Detergente,Hogar,146.73,9,Paola Mendoza,León,Sucursal Norte,Efectivo
2471,2024-08-29,Calcetines,Ropa,79.94,11,Camila Díaz,León,Sucursal Norte,Tarjeta de Débito
2472,2025-01-11,Gorra,Ropa,89.47,14,Ricardo Castillo,Mérida,Sucursal Centro,Transferencia
2473,2025-05-19,Muñeca,Juguetes,410.75,3,Daniela Herrera,Guadalajara,Sucursal Sur,Transferencia
2474,2025-05-25,Muñeca,Juguetes,379.84,16,Laura Hernández,Puebla,Sucursal Centro,Tarjeta de Débito
2475,2025-02-03,Laptop,Electrónica,22820.38,12,Mariana Medina,Monterrey,Sucursal Norte,Tarjeta de Crédito
2476,2024-01-31,Guantes de Box,Deportes,419.86,19,Eduardo Jiménez,Puebla,Sucursal Norte,Tarjeta de Débito
2477,2024-12-04,Camiseta,Ropa,368.46,12,Eduardo Jiménez,Monterrey,Sucursal Norte,Tarjeta de Crédito
2478,2025-02-06,Camiseta,Ropa,314.07,13,Ramón Ortega,Monterrey,Sucursal Norte,Tarjeta de Débito
2479,2025-08-21,Guantes de Box,Deportes,464.7,12,Sofía Pérez,Tijuana,Sucursal Centro,Tarjeta de Crédito
2480,2025-08-16,Calcetines,Ropa,74.53,10,Elena Delgado,Ciudad de México,Sucursal Centro,Efectivo
2481,2024-07-12,Auriculares,Electrónica,1036.92,7,Natalia Ruiz,Puebla,Sucursal Norte,Tarjeta de Crédito
2482,2025-05-08,Auriculares,Electrónica,1733.84,15,Eduardo Jiménez,Ciudad de México,Sucursal Norte,Efectivo
2483,2024-06-22,Mouse,Electrónica,268.03,1,Alicia Ponce,Puebla,Sucursal Norte,Transferencia
2484,2025-08-27,Rompecabezas,Juguetes,272.94,11,Mónica Ibáñez,Puebla,Sucursal Centro,Tarjeta de Débito
2485,2024-06-07,Rompecabezas,Juguetes,216.7,20,Lucía Ramos,Mérida,Sucursal Centro,Tarjeta de Débito
2486,2024-01-24,Galletas,Alimentos,53.55,1,Felipe Núñez,Puebla,Sucursal Centro,Tarjeta de Débito
2487,2025-11-01,Chocolate,Alimentos,41.29,1,Ricardo Castillo,Tijuana,Sucursal Norte,Tarjeta de Crédito
2488,2025-07-19,Muñeca,Juguetes,481.68,5,Silvia Fuentes,León,Sucursal Centro,Tarjeta de Crédito
2489,2024-07-15,Rompecabezas,Juguetes,302.61,9,Roberto Reyes,León,Sucursal Norte,Tarjeta de Débito
2490,2024-10-25,Pantalón,Ropa,383.13,11,José Rodríguez,Mérida,Sucursal Centro,Tarjeta de Crédito
2491,2024-08-31,Tijeras,Papelería,37.08,20,Sandra Peña,Monterrey,Sucursal Norte,Tarjeta de Débito
2492,2024-09-04,Toalla,Hogar,208.79,11,Eduardo Jiménez,León,Sucursal Centro,Tarjeta de Crédito
2493,2024-06-18,Mouse,Electrónica,202.08,7,Rebeca Campos,Mérida,Sucursal Centro,Tarjeta de Crédito
2494,2024-02-01,Auriculares,Electrónica,1478.8,13,Ignacio Miranda,Puebla,Sucursal Centro,Efectivo
2495,2024-03-23,Perfume,Belleza,1380.79,7,Víctor Salinas,Ciudad de México,Sucursal Centro,Tarjeta de Crédito
2496,2025-06-05,Jugo,Alimentos,54.43,1,Ximena Paredes,Guadalajara,Sucursal Sur,Transferencia
2497,2024-08-22,Guantes de Box,Deportes,612.0,14,Ana García,Tijuana,Sucursal Norte,Transferencia
2498,2025-04-04,Toalla,Hogar,116.32,8,Sofía Pérez,León,Sucursal Norte,Tarjeta de Crédito
2499,2024-08-16,Carro de Juguete,Juguetes,287.69,14,Renata Suárez,Guadalajara,Sucursal Centro,Tarjeta de Débito
2500,2025-02-18,Toalla,Hogar,123.06,4,David Torres,León,Sucursal Centro,Tarjeta de Crédito
2501,2025-05-25,Auriculares,Electrónica,960.0,4,Marco Sánchez,Mérida,Sucursal Centro,Transferencia
2502,2025-01-15,Guantes de Box,Deportes,461.54,8,Adriana Molina,Mérida,Sucursal Norte,Tarjeta de Crédito
2503,2025-09-18,Crema Facial,Belleza,238.51,18,Miguel González,Puebla,Sucursal Norte,Tarjeta de Crédito
2504,2024-12-06,Guantes de Box,Deportes,776.77,12,Paola Mendoza,Mérida,Sucursal Norte,Tarjeta de Débito
2505,2024-04-28,Tijeras,Papelería,29.17,8,Alejandra Morales,Mérida,Sucursal Centro,Transferencia
2506,2025-06-24,USB Flash Drive,Electrónica,204.83,14,Laura Hernández,Puebla,Sucursal Norte,Tarjeta de Crédito
2507,2024-09-02,Bolígrafo,Papelería,36.81,7,Natalia Ruiz,Tijuana,Sucursal Centro,Tarjeta de Débito
2508,2025-10-13,Crema Facial,Belleza,422.23,6,Enrique Guerrero,Monterrey,Sucursal Sur,Efectivo
2509,2025-04-13,Teclado,Electrónica,792.98,15,Juan Cervantes,Guadalajara,Sucursal Centro,Transferencia
2510,2025-09-05,Almohada,Hogar,377.46,6,Andrés Vargas,Tijuana,Sucursal Centro,Efectivo
2511,2025-01-30,Toalla,Hogar,165.56,11,María Martínez,Puebla,Sucursal Norte,Tarjeta de Crédito
2512,2024-10-25,Bloques Didácticos,Juguetes,150.74,14,Tomás Vega,Guadalajara,Sucursal Centro,Tarjeta de Débito
2513,2025-01-22,Chocolate,Alimentos,93.27,5,Andrés Vargas,Guadalajara,Sucursal Norte,Efectivo
2514,2024-07-10,Tijeras,Papelería,67.42,9,Silvia Fuentes,Ciudad de México,Sucursal Centro,Transferencia
2515,2025-05-10,Calcetines,Ropa,92.54,7,David Torres,Ciudad de México,Sucursal Centro,Tarjeta de Débito
2516,2025-07-22,Bolígrafo,Papelería,40.43,9,Daniela Herrera,Guadalajara,Sucursal Centro,Tarjeta de Crédito
2517,2024-02-27,Sudadera,Ropa,377.19,20,Valentina Cruz,Monterrey,Sucursal Centro,Transferencia
2518,2024-07-20,Cargador,Electrónica,200.85,7,Carlos López,Monterrey,Sucursal Centro,Efectivo
2519,2025-10-23,Auriculares,Electrónica,1282.76,3,Víctor Salinas,Tijuana,Sucursal Centro,Efectivo
2520,2025-04-10,Gorra,Ropa,236.58,1,Verónica Aguilar,Monterrey,Sucursal Norte,Tarjeta de Débito
2521,2024-11-18,Mouse,Electrónica,419.34,10,Ricardo Castillo,Guadalajara,Sucursal Centro,Tarjeta de Débito
2522,2025-09-25,Zapatos Deportivos,Deportes,1833.44,2,Eduardo Jiménez,Guadalajara,Sucursal Norte,Efectivo
2523,2024-04-07,Detergente,Hogar,91.64,4,Roberto Reyes,Puebla,Sucursal Norte,Efectivo
2524,2024-04-05,Shampoo,Belleza,103.61,11,Daniela Herrera,Ciudad de México,Sucursal Centro,Tarjeta de Débito
2525,2025-05-03,Labial,Belleza,78.63,13,Ignacio Miranda,Ciudad de México,Sucursal Centro,Tarjeta de Crédito
2526,2025-10-31,Lámpara,Hogar,419.21,1,Guillermo León,Monterrey,Sucursal Sur,Tarjeta de Débito
2527,2025-07-24,Zapatos Deportivos,Deportes,890.83,16,Jorge Romero,Guadalajara,Sucursal Sur,Tarjeta de Débito
2528,2025-07-16,Tijeras,Papelería,65.84,2,Ana García,Ciudad de México,Sucursal Norte,Efectivo
2529,2024-12-17,Auriculares,Electrónica,1143.07,7,Marco Sánchez,Puebla,Sucursal Norte,Tarjeta de Débito
2530,2025-05-29,Labial,Belleza,89.91,11,Adriana Molina,Guadalajara,Sucursal Sur,Tarjeta de Crédito
2531,2025-06-01,Jugo,Alimentos,31.28,8,Julio Cortez,Puebla,Sucursal Norte,Efectivo
2532,2025-06-16,USB Flash Drive,Electrónica,143.04,4,Patricia Muñoz,Tijuana,Sucursal Norte,Transferencia
2533,2025-09-02,Muñeca,Juguetes,397.29,20,Pablo Álvarez,León,Sucursal Norte,Transferencia
2534,2025-07-12,Shampoo,Belleza,158.71,12,Héctor Soto,Monterrey,Sucursal Centro,Transferencia
2535,2025-03-16,Carro de Juguete,Juguetes,195.57,17,Miguel González,Mérida,Sucursal Centro,Tarjeta de Crédito
2536,2025-04-10,Auriculares,Electrónica,1705.26,5,David Torres,Mérida,Sucursal Norte,Tarjeta de Crédito
2537,2025-03-15,Bloques Didácticos,Juguetes,270.25,20,David Torres,Puebla,Sucursal Centro,Efectivo
2538,2025-09-17,Zapatos Deportivos,Deportes,1723.74,17,Camila Díaz,Monterrey,Sucursal Sur,Tarjeta de Crédito
2539,2024-05-10,Folder,Papelería,58.25,1,Sandra Peña,Mérida,Sucursal Norte,Tarjeta de Débito
2540,2025-08-10,Cuaderno,Papelería,77.22,4,Óscar Ríos,Puebla,Sucursal Norte,Efectivo
2541,2025-02-05,Gorra,Ropa,228.82,2,Rosa Ávila,Ciudad de México,Sucursal Norte,Tarjeta de Débito
2542,2024-03-04,Esmalte,Belleza,42.54,11,Arturo Navarro,Tijuana,Sucursal Centro,Efectivo
2543,2024-12-19,Labial,Belleza,124.82,13,Gabriela Moreno,Guadalajara,Sucursal Centro,Tarjeta de Débito
2544,2024-08-11,Grapadora,Papelería,155.25,4,Ramón Ortega,Monterrey,Sucursal Sur,Efectivo
2545,2024-11-21,Crema Facial,Belleza,392.05,9,Jorge Romero,León,Sucursal Centro,Tarjeta de Débito
2546,2024-01-21,Folder,Papelería,48.46,19,Carolina Castro,Monterrey,Sucursal Norte,Tarjeta de Débito
2547,2025-08-23,Pantalón,Ropa,332.8,1,Alberto Varela,Puebla,Sucursal Norte,Tarjeta de Débito
2548,2024-07-26,Carro de Juguete,Juguetes,331.72,15,Mariana Medina,Tijuana,Sucursal Norte,Tarjeta de Crédito
2549,2025-03-09,Pelota de Fútbol,Deportes,287.14,14,Ignacio Miranda,Monterrey,Sucursal Norte,Tarjeta de Débito
2550,2024-10-04,Lámpara,Hogar,650.5,2,Fernando Flores,Guadalajara,Sucursal Centro,Transferencia
2551,2025-02-02,Monitor,Electrónica,4892.17,7,Mariana Medina,Ciudad de México,Sucursal Sur,Transferencia
2552,2025-06-21,Pelota de Fútbol,Deportes,414.02,19,Patricia Muñoz,Monterrey,Sucursal Centro,Transferencia
2553,2025-04-13,Zapatos Deportivos,Deportes,1284.35,7,Felipe Núñez,Ciudad de México,Sucursal Norte,Efectivo
2554,2025-05-11,Chocolate,Alimentos,97.76,18,Patricia Muñoz,León,Sucursal Norte,Tarjeta de Débito
2555,2024-04-28,Esmalte,Belleza,116.68,20,Óscar Ríos,León,Sucursal Centro,Tarjeta de Débito
2556,2025-01-12,Bolígrafo,Papelería,35.44,9,Óscar Ríos,Ciudad de México,Sucursal Centro,Tarjeta de Crédito
2557,2025-05-09,Colchoneta,Deportes,411.76,4,Valentina Cruz,Puebla,Sucursal Norte,Efectivo
2558,2025-05-10,Detergente,Hogar,86.68,18,Víctor Salinas,Ciudad de México,Sucursal Norte,Tarjeta de Débito
2559,2025-06-05,Galletas,Alimentos,63.21,14,María Martínez,León,Sucursal Centro,Transferencia
2560,2024-08-07,Agua,Alimentos,20.35,19,Felipe Núñez,Monterrey,Sucursal Norte,Tarjeta de Débito
2561,2025-07-07,Sudadera,Ropa,539.77,16,Julio Cortez,Monterrey,Sucursal Centro,Tarjeta de Débito
2562,2024-06-19,USB Flash Drive,Electrónica,205.54,8,Óscar Ríos,León,Sucursal Norte,Transferencia
2563,2024-12-23,Grapadora,Papelería,120.35,6,Manuel Bravo,Mérida,Sucursal Centro,Tarjeta de Débito
2564,2025-02-10,Agua,Alimentos,29.27,20,Paola Mendoza,Guadalajara,Sucursal Sur,Tarjeta de Crédito
2565,2024-02-15,Crema Facial,Belleza,285.77,7,Elena Delgado,Guadalajara,Sucursal Sur,Tarjeta de Crédito
2566,2024-07-27,Jugo,Alimentos,55.99,1,Luis Espinoza,Guadalajara,Sucursal Sur,Transferencia
2567,2025-11-15,Bolígrafo,Papelería,15.16,16,Roberto Reyes,Mérida,Sucursal Norte,Tarjeta de Débito
2568,2025-12-16,Pelota de Fútbol,Deportes,304.91,10,Isabel Ramírez,Tijuana,Sucursal Centro,Transferencia
2569,2025-01-18,Shampoo,Belleza,159.31,19,Mónica Ibáñez,Guadalajara,Sucursal Sur,Tarjeta de Crédito
2570,2024-11-28,Zapatos Deportivos,Deportes,2098.94,1,Mariana Medina,Mérida,Sucursal Norte,Efectivo
2571,2024-03-29,Mouse,Electrónica,218.47,13,Jorge Romero,Mérida,Sucursal Norte,Transferencia
2572,2025-12-31,Esmalte,Belleza,65.79,19,Alicia Ponce,Mérida,Sucursal Centro,Tarjeta de Débito
2573,2024-02-25,Galletas,Alimentos,47.62,1,Óscar Ríos,Monterrey,Sucursal Centro,Tarjeta de Débito
2574,2024-08-07,Mouse,Electrónica,153.82,14,José Rodríguez,Mérida,Sucursal Norte,Tarjeta de Débito
2575,2025-07-06,Zapatos Deportivos,Deportes,2289.51,2,Alicia Ponce,León,Sucursal Centro,Tarjeta de Débito
2576,2024-12-31,Pantalón,Ropa,541.64,1,Rebeca Campos,Guadalajara,Sucursal Norte,Transferencia
2577,2025-05-04,Teclado,Electrónica,651.0,3,Cecilia Trujillo,Puebla,Sucursal Norte,Tarjeta de Crédito
2578,2024-10-18,Shampoo,Belleza,182.18,18,Lucía Ramos,Monterrey,Sucursal Sur,Tarjeta de Crédito
2579,2025-02-08,Galletas,Alimentos,35.54,14,María Martínez,León,Sucursal Centro,Transferencia
2580,2024-06-14,Zapatos Deportivos,Deportes,1943.31,20,Manuel Bravo,Monterrey,Sucursal Centro,Transferencia
2581,2025-06-16,Rompecabezas,Juguetes,190.6,12,Pablo Álvarez,Tijuana,Sucursal Norte,Transferencia
2582,2025-10-09,Crema Facial,Belleza,339.91,17,Daniela Herrera,León,Sucursal Centro,Transferencia
2583,2025-01-29,Agua,Alimentos,22.31,9,Óscar Ríos,Mérida,Sucursal Norte,Efectivo
2584,2024-09-04,Guantes de Box,Deportes,789.57,4,Paola Mendoza,Guadalajara,Sucursal Centro,Transferencia
2585,2024-10-22,Detergente,Hogar,136.59,17,Fernando Flores,Guadalajara,Sucursal Norte,Efectivo
2586,2024-01-19,Galletas,Alimentos,73.06,7,Laura Hernández,Mérida,Sucursal Centro,Transferencia
2587,2024-10-11,Calcetines,Ropa,77.74,2,Carolina Castro,Monterrey,Sucursal Norte,Tarjeta de Débito
2588,2025-04-01,Esmalte,Belleza,96.39,15,Eduardo Jiménez,Monterrey,Sucursal Centro,Efectivo
2589,2025-06-19,Detergente,Hogar,112.08,10,Guillermo León,Ciudad de México,Sucursal Norte,Tarjeta de Débito
2590,2024-02-08,Pantalón,Ropa,409.34,4,Renata Suárez,Guadalajara,Sucursal Centro,Efectivo
2591,2024-11-09,Chocolate,Alimentos,50.03,3,Manuel Bravo,Guadalajara,Sucursal Centro,Tarjeta de Crédito
2592,2025-07-05,Detergente,Hogar,85.83,13,Isabel Ramírez,León,Sucursal Norte,Efectivo
2593,2025-12-29,Calcetines,Ropa,47.87,3,Rosa Ávila,León,Sucursal Norte,Efectivo
2594,2024-01-05,Bolígrafo,Papelería,23.38,16,Paola Mendoza,Guadalajara,Sucursal Norte,Tarjeta de Débito
2595,2025-09-14,Muñeca,Juguetes,338.03,1,Sebastián Fuentes,Puebla,Sucursal Norte,Tarjeta de Débito
2596,2024-07-16,Crema Facial,Belleza,317.47,3,Eduardo Jiménez,León,Sucursal Norte,Tarjeta de Crédito
2597,2024-12-31,Colchoneta,Deportes,684.63,14,Fernando Flores,Puebla,Sucursal Norte,Transferencia
2598,2024-03-09,Crema Facial,Belleza,173.24,1,Diego Cabrera,Puebla,Sucursal Centro,Efectivo
2599,2025-03-01,Lámpara,Hogar,704.65,3,Ximena Paredes,Ciudad de México,Sucursal Centro,Tarjeta de Débito
2600,2025-10-04,Carro de Juguete,Juguetes,214.31,17,Eduardo Jiménez,Tijuana,Sucursal Norte,Transferencia
2601,2024-10-14,Colchoneta,Deportes,660.08,17,Sergio Gutiérrez,Ciudad de México,Sucursal Norte,Tarjeta de Débito
2602,2024-12-02,Toalla,Hogar,244.49,4,Silvia Fuentes,Tijuana,Sucursal Norte,Tarjeta de Débito
2603,2024-06-14,Guantes de Box,Deportes,687.71,20,Natalia Ruiz,Tijuana,Sucursal Norte,Efectivo
2604,2025-07-12,Carro de Juguete,Juguetes,344.37,9,Andrés Vargas,Mérida,Sucursal Norte,Transferencia
2605,2024-03-28,Tijeras,Papelería,53.78,3,Rebeca Campos,Guadalajara,Sucursal Centro,Tarjeta de Crédito
2606,2025-06-29,Lámpara,Hogar,485.74,14,Ignacio Miranda,León,Sucursal Norte,Tarjeta de Débito
2607,2024-09-03,Toalla,Hogar,249.06,7,Guillermo León,Ciudad de México,Sucursal Norte,Tarjeta de Crédito
2608,2024-03-11,Monitor,Electrónica,5644.8,10,Laura Hernández,Tijuana,Sucursal Centro,Transferencia
2609,2024-09-13,Lámpara,Hogar,237.27,15,Ana García,León,Sucursal Norte,Transferencia
2610,2025-11-20,Calcetines,Ropa,58.97,5,Alberto Varela,León,Sucursal Centro,Transferencia
2611,2024-10-10,Almohada,Hogar,178.64,19,Diego Cabrera,Mérida,Sucursal Norte,Transferencia
2612,2025-08-16,Guantes de Box,Deportes,1028.8,4,Mariana Medina,León,Sucursal Centro,Efectivo
2613,2024-12-02,Lámpara,Hogar,543.72,18,Adriana Molina,León,Sucursal Norte,Transferencia
2614,2025-08-18,Agua,Alimentos,31.62,18,Laura Hernández,León,Sucursal Norte,Tarjeta de Débito
2615,2024-10-05,Bolígrafo,Papelería,38.77,2,José Rodríguez,Ciudad de México,Sucursal Norte,Tarjeta de Crédito
2616,2024-12-23,Tijeras,Papelería,37.4,12,Adriana Molina,Tijuana,Sucursal Norte,Transferencia
2617,2024-03-01,Sudadera,Ropa,380.84,1,Camila Díaz,Ciudad de México,Sucursal Centro,Efectivo
2618,2024-05-25,Pelota de Fútbol,Deportes,261.2,12,Silvia Fuentes,Ciudad de México,Sucursal Centro,Efectivo
2619,2024-03-26,Almohada,Hogar,245.9,10,María Martínez,Guadalajara,Sucursal Sur,Tarjeta de Crédito
2620,2025-01-11,Sudadera,Ropa,494.37,7,Verónica Aguilar,León,Sucursal Norte,Transferencia
2621,2024-07-06,Mouse,Electrónica,440.05,1,Carolina Castro,Mérida,Sucursal Centro,Tarjeta de Crédito
2622,2024-05-09,Chocolate,Alimentos,82.33,5,Lucía Ramos,Mérida,Sucursal Norte,Tarjeta de Débito
2623,2025-05-16,Calcetines,Ropa,64.78,11,Mariana Medina,Ciudad de México,Sucursal Sur,Tarjeta de Débito
2624,2025-04-05,Colchoneta,Deportes,782.83,1,Julio Cortez,Mérida,Sucursal Centro,Efectivo
2625,2025-12-20,USB Flash Drive,Electrónica,147.36,2,Ignacio Miranda,Ciudad de México,Sucursal Sur,Efectivo
2626,2025-12-16,Perfume,Belleza,1317.24,11,Fernando Flores,Guadalajara,Sucursal Sur,Efectivo
2627,2024-06-27,Perfume,Belleza,1107.79,16,Marco Sánchez,León,Sucursal Centro,Tarjeta de Débito
2628,2024-09-08,Colchoneta,Deportes,892.53,11,Alejandra Morales,Guadalajara,Sucursal Norte,Tarjeta de Crédito
2629,2024-09-30,Colchoneta,Deportes,768.68,10,Natalia Ruiz,Tijuana,Sucursal Norte,Tarjeta de Débito
2630,2024-08-11,Zapatos Deportivos,Deportes,1034.34,11,Ricardo Castillo,Puebla,Sucursal Norte,Tarjeta de Crédito
2631,2024-05-24,Esmalte,Belleza,84.42,1,Beatriz Rojas,Puebla,Sucursal Norte,Transferencia
2632,2024-04-04,Camiseta,Ropa,240.87,13,Pablo Álvarez,Ciudad de México,Sucursal Sur,Tarjeta de Débito
2633,2024-04-04,Cuaderno,Papelería,83.89,16,Enrique Guerrero,Tijuana,Sucursal Centro,Tarjeta de Débito
2634,2025-07-23,Esmalte,Belleza,100.01,10,Adriana Molina,León,Sucursal Norte,Transferencia
2635,2024-07-17,Marcadores,Papelería,130.67,12,Rebeca Campos,Tijuana,Sucursal Norte,Tarjeta de Débito
2636,2024-08-27,Pelota de Fútbol,Deportes,453.56,10,Renata Suárez,Monterrey,Sucursal Sur,Tarjeta de Crédito
2637,2024-10-24,Folder,Papelería,45.98,6,Natalia Ruiz,Tijuana,Sucursal Centro,Transferencia
2638,2025-08-12,Calcetines,Ropa,62.99,20,Rebeca Campos,Puebla,Sucursal Norte,Efectivo
2639,2025-08-11,Bolígrafo,Papelería,35.35,20,Sandra Peña,Mérida,Sucursal Norte,Transferencia
2640,2024-12-15,Jugo,Alimentos,54.68,4,Beatriz Rojas,Monterrey,Sucursal Centro,Tarjeta de Débito
2641,2024-03-03,Esmalte,Belleza,81.97,1,Víctor Salinas,Puebla,Sucursal Norte,Transferencia
2642,2025-09-15,Calcetines,Ropa,36.84,20,Miguel González,León,Sucursal Norte,Transferencia
2643,2025-02-03,Café,Alimentos,198.2,2,Adriana Molina,Tijuana,Sucursal Centro,Efectivo
2644,2025-11-27,Esmalte,Belleza,100.59,20,Paola Mendoza,Monterrey,Sucursal Norte,Tarjeta de Débito
2645,2024-07-31,Rompecabezas,Juguetes,174.76,16,Fernando Flores,Guadalajara,Sucursal Centro,Efectivo
2646,2024-02-10,Calcetines,Ropa,93.43,2,Sebastián Fuentes,Monterrey,Sucursal Sur,Tarjeta de Débito
2647,2024-09-17,Guantes de Box,Deportes,639.01,18,Fernando Flores,Guadalajara,Sucursal Norte,Transferencia
2648,2024-11-11,Perfume,Belleza,394.03,19,Rosa Ávila,Ciudad de México,Sucursal Centro,Transferencia
2649,2024-05-06,Bloques Didácticos,Juguetes,187.61,6,Paola Mendoza,Tijuana,Sucursal Centro,Tarjeta de Crédito
2650,2024-01-05,Almohada,Hogar,163.66,14,Luis Espinoza,Puebla,Sucursal Norte,Transferencia
2651,2025-09-04,Bloques Didácticos,Juguetes,126.91,13,Laura Hernández,Tijuana,Sucursal Norte,Transferencia
2652,2025-06-09,Detergente,Hogar,100.38,10,Enrique Guerrero,Puebla,Sucursal Centro,Tarjeta de Crédito
2653,2025-12-10,Lámpara,Hogar,644.66,8,Arturo Navarro,Tijuana,Sucursal Norte,Tarjeta de Débito
2654,2025-11-12,Esmalte,Belleza,93.87,1,Manuel Bravo,Ciudad de México,Sucursal Norte,Tarjeta de Crédito
2655,2025-05-02,Rompecabezas,Juguetes,216.78,8,Guillermo León,Tijuana,Sucursal Norte,Tarjeta de Crédito
2656,2025-08-02,Cuaderno,Papelería,45.04,11,Sebastián Fuentes,León,Sucursal Centro,Tarjeta de Débito
2657,2025-03-18,Marcadores,Papelería,120.72,2,Óscar Ríos,Mérida,Sucursal Norte,Tarjeta de Crédito
2658,2024-07-10,Galletas,Alimentos,49.46,13,Mariana Medina,Monterrey,Sucursal Sur,Efectivo
2659,2024-12-02,Folder,Papelería,49.82,13,Natalia Ruiz,Tijuana,Sucursal Norte,Transferencia
2660,2024-05-30,Gorra,Ropa,89.37,14,José Rodríguez,Monterrey,Sucursal Norte,Tarjeta de Débito
2661,2024-04-16,Mouse,Electrónica,433.44,12,Luis Espinoza,León,Sucursal Centro,Transferencia
2662,2025-10-04,Rompecabezas,Juguetes,267.82,6,Adriana Molina,Guadalajara,Sucursal Centro,Tarjeta de Débito
2663,2025-04-19,Carro de Juguete,Juguetes,336.48,7,Camila Díaz,Ciudad de México,Sucursal Centro,Efectivo
2664,2024-01-22,Mouse,Electrónica,161.56,7,Isabel Ramírez,Tijuana,Sucursal Centro,Tarjeta de Débito
2665,2025-04-18,Rompecabezas,Juguetes,253.41,12,Ramón Ortega,Monterrey,Sucursal Norte,Efectivo
2666,2025-07-28,Pelota de Fútbol,Deportes,259.65,7,Sergio Gutiérrez,Guadalajara,Sucursal Sur,Tarjeta de Débito
2667,2025-07-18,Grapadora,Papelería,148.2,7,Eduardo Jiménez,Tijuana,Sucursal Centro,Tarjeta de Crédito
2668,2024-05-23,Galletas,Alimentos,44.24,10,Pablo Álvarez,León,Sucursal Norte,Efectivo
2669,2025-05-24,Rompecabezas,Juguetes,151.21,2,Natalia Ruiz,Puebla,Sucursal Centro,Efectivo
2670,2025-07-19,Agua,Alimentos,27.14,15,Valentina Cruz,Tijuana,Sucursal Centro,Efectivo
2671,2025-09-13,Rompecabezas,Juguetes,299.12,12,Arturo Navarro,Ciudad de México,Sucursal Norte,Tarjeta de Débito
2672,2024-09-06,Café,Alimentos,242.69,2,Alejandra Morales,Ciudad de México,Sucursal Sur,Transferencia
2673,2024-01-20,Café,Alimentos,129.48,12,Ximena Paredes,León,Sucursal Norte,Tarjeta de Débito
2674,2025-08-28,Bloques Didácticos,Juguetes,191.86,1,Elena Delgado,Monterrey,Sucursal Sur,Efectivo
2675,2025-03-20,Camiseta,Ropa,287.31,14,Andrés Vargas,Monterrey,Sucursal Sur,Efectivo
2676,2025-10-20,Tijeras,Papelería,28.31,14,Rosa Ávila,León,Sucursal Norte,Transferencia
2677,2025-02-25,Auriculares,Electrónica,645.85,11,Juan Cervantes,León,Sucursal Norte,Tarjeta de Crédito
2678,2024-05-04,Carro de Juguete,Juguetes,323.46,18,Diego Cabrera,Puebla,Sucursal Centro,Tarjeta de Crédito
2679,2024-05-15,Monitor,Electrónica,7826.68,20,Luis Espinoza,Tijuana,Sucursal Centro,Transferencia
2680,2024-12-14,Detergente,Hogar,142.4,10,Roberto Reyes,Puebla,Sucursal Norte,Tarjeta de Crédito
2681,2025-08-21,Crema Facial,Belleza,305.75,16,Ignacio Miranda,Tijuana,Sucursal Centro,Transferencia
2682,2025-05-15,Muñeca,Juguetes,547.52,19,Julio Cortez,Tijuana,Sucursal Centro,Tarjeta de Débito
2683,2025-12-31,Carro de Juguete,Juguetes,197.75,20,Sandra Peña,Ciudad de México,Sucursal Sur,Tarjeta de Débito
2684,2024-04-26,Esmalte,Belleza,39.55,1,Paola Mendoza,Tijuana,Sucursal Norte,Transferencia
2685,2024-04-12,Rompecabezas,Juguetes,301.23,15,Marco Sánchez,Mérida,Sucursal Norte,Efectivo
2686,2025-08-29,Gorra,Ropa,225.95,15,Fernando Flores,Guadalajara,Sucursal Sur,Tarjeta de Débito
2687,2024-04-08,Camiseta,Ropa,362.13,10,Héctor Soto,Ciudad de México,Sucursal Centro,Tarjeta de Crédito
2688,2024-12-01,Rompecabezas,Juguetes,266.7,11,Adriana Molina,Guadalajara,Sucursal Centro,Tarjeta de Débito
2689,2024-01-14,Gorra,Ropa,149.73,18,Mariana Medina,Mérida,Sucursal Norte,Efectivo
2690,2025-04-24,Pelota de Fútbol,Deportes,262.71,6,Andrés Vargas,Monterrey,Sucursal Norte,Efectivo
2691,2024-12-31,Jugo,Alimentos,51.67,12,Jorge Romero,Mérida,Sucursal Norte,Efectivo
2692,2024-08-29,Camiseta,Ropa,183.65,9,Tomás Vega,Guadalajara,Sucursal Norte,Tarjeta de Crédito
2693,2024-04-13,Laptop,Electrónica,14991.05,7,Felipe Núñez,Ciudad de México,Sucursal Centro,Tarjeta de Débito
2694,2025-09-26,Rompecabezas,Juguetes,284.18,8,José Rodríguez,Mérida,Sucursal Norte,Tarjeta de Débito
2695,2024-11-13,Jugo,Alimentos,30.1,6,Víctor Salinas,Puebla,Sucursal Centro,Tarjeta de Débito
2696,2024-01-31,Camiseta,Ropa,230.94,7,Silvia Fuentes,Monterrey,Sucursal Sur,Tarjeta de Crédito
2697,2025-11-05,Guantes de Box,Deportes,1052.58,15,Ramón Ortega,Puebla,Sucursal Norte,Tarjeta de Débito
2698,2025-11-22,Detergente,Hogar,81.59,19,Adriana Molina,Mérida,Sucursal Centro,Tarjeta de Crédito
2699,2025-03-26,Bloques Didácticos,Juguetes,238.12,6,Sofía Pérez,Monterrey,Sucursal Centro,Tarjeta de Débito
2700,2025-12-02,Chocolate,Alimentos,58.27,11,Rosa Ávila,Ciudad de México,Sucursal Norte,Transferencia
2701,2024-10-06,Monitor,Electrónica,7916.83,2,Laura Hernández,Monterrey,Sucursal Norte,Tarjeta de Débito
2702,2025-10-15,Toalla,Hogar,114.59,15,Renata Suárez,Puebla,Sucursal Centro,Efectivo
2703,2024-09-07,Monitor,Electrónica,2974.33,10,Sandra Peña,Monterrey,Sucursal Norte,Tarjeta de Crédito
2704,2025-07-18,Colchoneta,Deportes,367.24,10,Valentina Cruz,Puebla,Sucursal Centro,Tarjeta de Débito
2705,2025-08-05,Marcadores,Papelería,57.82,5,Ramón Ortega,Mérida,Sucursal Centro,Tarjeta de Crédito
2706,2024-01-30,Colchoneta,Deportes,862.38,2,Renata Suárez,León,Sucursal Centro,Transferencia
2707,2025-01-24,Shampoo,Belleza,157.23,16,Fernanda Luna,Mérida,Sucursal Norte,Efectivo
2708,2025-12-31,Grapadora,Papelería,81.11,9,Beatriz Rojas,Tijuana,Sucursal Norte,Tarjeta de Crédito
2709,2025-05-23,Marcadores,Papelería,87.29,20,Sofía Pérez,Ciudad de México,Sucursal Norte,Tarjeta de Crédito
2710,2024-10-10,Folder,Papelería,30.21,11,Paola Mendoza,Mérida,Sucursal Centro,Efectivo
2711,2024-07-03,Folder,Papelería,30.35,1,Ricardo Castillo,Puebla,Sucursal Centro,Tarjeta de Débito
2712,2024-10-06,Teclado,Electrónica,280.49,20,Beatriz Rojas,León,Sucursal Norte,Transferencia
2713,2024-07-06,Cuaderno,Papelería,115.96,8,Ramón Ortega,Puebla,Sucursal Norte,Efectivo
2714,2024-05-16,Guantes de Box,Deportes,538.06,20,Rosa Ávila,Guadalajara,Sucursal Sur,Efectivo
2715,2025-04-10,Esmalte,Belleza,91.46,9,Rosa Ávila,Guadalajara,Sucursal Centro,Transferencia
2716,2024-09-21,Chocolate,Alimentos,73.55,1,Ramón Ortega,León,Sucursal Norte,Transferencia
2717,2025-11-18,Cuaderno,Papelería,67.17,11,Sofía Pérez,Guadalajara,Sucursal Centro,Efectivo
2718,2025-05-03,Crema Facial,Belleza,293.7,20,Marco Sánchez,León,Sucursal Centro,Tarjeta de Crédito
2719,2024-08-25,Pelota de Fútbol,Deportes,347.77,7,Marco Sánchez,Ciudad de México,Sucursal Sur,Tarjeta de Débito
2720,2025-09-07,Marcadores,Papelería,43.81,14,José Rodríguez,Guadalajara,Sucursal Centro,Tarjeta de Crédito
2721,2024-08-24,Muñeca,Juguetes,225.15,10,Mariana Medina,Ciudad de México,Sucursal Norte,Efectivo
2722,2025-11-07,Galletas,Alimentos,46.76,4,Ana García,Guadalajara,Sucursal Centro,Tarjeta de Débito
2723,2024-04-14,Sudadera,Ropa,346.06,7,Beatriz Rojas,Guadalajara,Sucursal Sur,Tarjeta de Débito
2724,2025-04-06,Agua,Alimentos,26.62,15,Tomás Vega,Puebla,Sucursal Norte,Tarjeta de Crédito
2725,2024-10-16,Auriculares,Electrónica,1317.29,16,Daniela Herrera,León,Sucursal Centro,Tarjeta de Crédito
2726,2025-08-06,Cuaderno,Papelería,63.69,17,Carlos López,Mérida,Sucursal Norte,Tarjeta de Crédito
2727,2024-12-08,Bloques Didácticos,Juguetes,130.82,12,Alicia Ponce,Monterrey,Sucursal Centro,Transferencia
2728,2025-07-10,Toalla,Hogar,213.97,18,Verónica Aguilar,León,Sucursal Norte,Transferencia
2729,2024-09-14,Rompecabezas,Juguetes,187.05,18,José Rodríguez,Ciudad de México,Sucursal Norte,Tarjeta de Crédito
2730,2024-01-19,Pantalón,Ropa,693.52,6,Patricia Muñoz,Tijuana,Sucursal Norte,Tarjeta de Débito
2731,2024-12-15,USB Flash Drive,Electrónica,148.52,3,Felipe Núñez,León,Sucursal Norte,Tarjeta de Crédito
2732,2024-03-01,Gorra,Ropa,121.21,16,Camila Díaz,Tijuana,Sucursal Norte,Tarjeta de Crédito
2733,2024-09-27,Shampoo,Belleza,176.85,12,Ana García,Mérida,Sucursal Norte,Transferencia
2734,2024-10-16,Lámpara,Hogar,412.78,6,Ricardo Castillo,Mérida,Sucursal Centro,Transferencia
2735,2025-04-30,Pelota de Fútbol,Deportes,283.62,15,Sofía Pérez,Mérida,Sucursal Norte,Efectivo
2736,2025-12-18,Toalla,Hogar,178.83,15,Sergio Gutiérrez,Guadalajara,Sucursal Sur,Efectivo
2737,2025-05-20,Toalla,Hogar,93.59,12,Andrés Vargas,Mérida,Sucursal Norte,Tarjeta de Débito
2738,2024-11-06,Pantalón,Ropa,606.47,17,Ignacio Miranda,Ciudad de México,Sucursal Norte,Efectivo
2739,2024-11-21,Guantes de Box,Deportes,960.77,5,Lucía Ramos,Monterrey,Sucursal Sur,Tarjeta de Crédito
2740,2024-01-20,Café,Alimentos,131.45,19,Juan Cervantes,Puebla,Sucursal Centro,Efectivo
2741,2025-01-11,Marcadores,Papelería,57.19,14,Rebeca Campos,Ciudad de México,Sucursal Sur,Transferencia
2742,2025-11-18,Shampoo,Belleza,193.51,13,Isabel Ramírez,Ciudad de México,Sucursal Norte,Tarjeta de Débito
2743,2025-03-07,Gorra,Ropa,86.31,18,Rebeca Campos,Tijuana,Sucursal Norte,Efectivo
2744,2024-08-23,Colchoneta,Deportes,530.38,19,Diego Cabrera,León,Sucursal Norte,Tarjeta de Crédito
2745,2025-08-05,Galletas,Alimentos,56.44,9,Ramón Ortega,León,Sucursal Centro,Efectivo
2746,2025-05-02,Pantalón,Ropa,639.55,9,Juan Cervantes,Monterrey,Sucursal Sur,Tarjeta de Crédito
2747,2024-12-01,Colchoneta,Deportes,400.97,20,Sebastián Fuentes,Guadalajara,Sucursal Sur,Tarjeta de Débito
2748,2025-08-14,Rompecabezas,Juguetes,302.44,16,Alejandra Morales,Puebla,Sucursal Norte,Tarjeta de Débito
2749,2024-02-09,Tijeras,Papelería,38.23,3,Beatriz Rojas,Tijuana,Sucursal Centro,Tarjeta de Crédito
2750,2024-01-08,Bolígrafo,Papelería,12.03,19,Carlos López,Mérida,Sucursal Centro,Efectivo
2751,2024-05-23,Pelota de Fútbol,Deportes,247.95,1,Eduardo Jiménez,Ciudad de México,Sucursal Norte,Efectivo
2752,2025-03-18,Chocolate,Alimentos,90.87,10,Héctor Soto,Ciudad de México,Sucursal Sur,Tarjeta de Crédito
2753,2025-12-08,Monitor,Electrónica,7043.77,19,Felipe Núñez,Tijuana,Sucursal Norte,Transferencia
2754,2024-10-17,Carro de Juguete,Juguetes,367.74,7,Mariana Medina,Puebla,Sucursal Centro,Tarjeta de Crédito
2755,2025-10-26,Grapadora,Papelería,93.18,19,Tomás Vega,Tijuana,Sucursal Centro,Efectivo
2756,2025-10-24,Camiseta,Ropa,376.36,2,Verónica Aguilar,León,Sucursal Norte,Transferencia
2757,2025-02-17,Auriculares,Electrónica,640.27,14,Sergio Gutiérrez,Guadalajara,Sucursal Centro,Efectivo
2758,2025-01-08,Crema Facial,Belleza,222.28,1,José Rodríguez,Puebla,Sucursal Norte,Efectivo
2759,2024-06-06,Calcetines,Ropa,71.42,19,Carlos López,Ciudad de México,Sucursal Centro,Tarjeta de Débito
2760,2024-10-30,Chocolate,Alimentos,68.77,18,Camila Díaz,Ciudad de México,Sucursal Centro,Tarjeta de Crédito
2761,2024-09-24,Bloques Didácticos,Juguetes,212.45,17,Sofía Pérez,Puebla,Sucursal Norte,Tarjeta de Crédito
2762,2025-08-26,Rompecabezas,Juguetes,249.47,8,Luis Espinoza,Monterrey,Sucursal Sur,Transferencia
2763,2024-05-01,Café,Alimentos,177.48,2,Patricia Muñoz,Ciudad de México,Sucursal Norte,Tarjeta de Débito
2764,2025-08-06,Cuaderno,Papelería,41.44,12,Paola Mendoza,Guadalajara,Sucursal Sur,Tarjeta de Crédito
2765,2024-05-19,Cuaderno,Papelería,98.45,20,Roberto Reyes,Tijuana,Sucursal Centro,Tarjeta de Débito
2766,2025-11-12,Mouse,Electrónica,362.01,1,Alejandra Morales,Ciudad de México,Sucursal Centro,Tarjeta de Crédito
2767,2025-03-13,Crema Facial,Belleza,285.52,1,Pablo Álvarez,Monterrey,Sucursal Norte,Tarjeta de Crédito
2768,2025-11-30,Bloques Didácticos,Juguetes,132.81,15,Julio Cortez,Mérida,Sucursal Norte,Efectivo
2769,2025-11-27,Cuaderno,Papelería,42.39,1,Ignacio Miranda,Monterrey,Sucursal Norte,Tarjeta de Débito
2770,2025-03-02,Pelota de Fútbol,Deportes,281.23,17,Felipe Núñez,Tijuana,Sucursal Centro,Tarjeta de Crédito
2771,2024-09-11,Camiseta,Ropa,153.35,9,Carlos López,Puebla,Sucursal Norte,Transferencia
2772,2025-03-26,Bloques Didácticos,Juguetes,287.69,4,Rebeca Campos,Puebla,Sucursal Norte,Tarjeta de Débito
2773,2025-09-25,USB Flash Drive,Electrónica,213.8,18,Héctor Soto,Mérida,Sucursal Norte,Tarjeta de Crédito
2774,2025-01-04,USB Flash Drive,Electrónica,147.91,2,Ramón Ortega,Tijuana,Sucursal Centro,Efectivo
2775,2024-04-07,Pelota de Fútbol,Deportes,329.77,17,Guillermo León,Puebla,Sucursal Norte,Transferencia
2776,2024-03-27,Labial,Belleza,125.11,3,Óscar Ríos,Tijuana,Sucursal Centro,Tarjeta de Débito
2777,2025-09-01,Mouse,Electrónica,195.89,8,Renata Suárez,León,Sucursal Centro,Tarjeta de Crédito
2778,2025-01-13,Guantes de Box,Deportes,556.09,9,María Martínez,Ciudad de México,Sucursal Sur,Tarjeta de Crédito
2779,2024-02-15,Labial,Belleza,92.14,1,Laura Hernández,Puebla,Sucursal Centro,Transferencia
2780,2024-01-15,Marcadores,Papelería,121.14,11,Eduardo Jiménez,Guadalajara,Sucursal Centro,Transferencia
2781,2025-06-03,Toalla,Hogar,155.93,5,Alicia Ponce,Tijuana,Sucursal Centro,Tarjeta de Crédito
2782,2025-05-12,Zapatos Deportivos,Deportes,2389.89,5,Roberto Reyes,Guadalajara,Sucursal Sur,Tarjeta de Crédito
2783,2025-07-07,USB Flash Drive,Electrónica,107.29,6,Verónica Aguilar,Tijuana,Sucursal Centro,Tarjeta de Débito
2784,2025-11-09,Marcadores,Papelería,114.77,17,Sandra Peña,Tijuana,Sucursal Norte,Tarjeta de Crédito
2785,2024-11-10,Almohada,Hogar,321.92,4,Sebastián Fuentes,León,Sucursal Centro,Efectivo
2786,2025-04-01,Grapadora,Papelería,165.52,12,Isabel Ramírez,Guadalajara,Sucursal Norte,Tarjeta de Débito
2787,2024-10-20,Café,Alimentos,103.38,17,Ricardo Castillo,Puebla,Sucursal Centro,Efectivo
2788,2025-05-14,Bloques Didácticos,Juguetes,182.9,10,Daniela Herrera,Monterrey,Sucursal Sur,Tarjeta de Crédito
2789,2025-10-13,Bolígrafo,Papelería,30.65,18,Lucía Ramos,León,Sucursal Norte,Transferencia
2790,2024-08-04,USB Flash Drive,Electrónica,87.14,10,Alberto Varela,Puebla,Sucursal Norte,Tarjeta de Débito
2791,2025-11-06,Toalla,Hogar,83.96,13,Rebeca Campos,Puebla,Sucursal Norte,Tarjeta de Crédito
2792,2025-09-28,Almohada,Hogar,258.97,16,María Martínez,Tijuana,Sucursal Norte,Tarjeta de Crédito
2793,2024-10-14,Jugo,Alimentos,43.99,15,José Rodríguez,Monterrey,Sucursal Centro,Transferencia
2794,2025-07-17,Jugo,Alimentos,29.35,11,Cecilia Trujillo,Ciudad de México,Sucursal Norte,Efectivo
2795,2025-08-03,Galletas,Alimentos,67.41,1,Gabriela Moreno,León,Sucursal Centro,Efectivo
2796,2025-04-11,Marcadores,Papelería,46.9,10,Fernando Flores,Ciudad de México,Sucursal Norte,Efectivo
2797,2024-07-25,Guantes de Box,Deportes,528.41,8,Eduardo Jiménez,Tijuana,Sucursal Norte,Tarjeta de Crédito
2798,2024-08-19,Pelota de Fútbol,Deportes,364.0,6,Ana García,Monterrey,Sucursal Norte,Efectivo
2799,2025-01-28,Galletas,Alimentos,37.55,7,Fernando Flores,León,Sucursal Norte,Efectivo
2800,2025-03-28,Muñeca,Juguetes,368.6,6,Fernanda Luna,Monterrey,Sucursal Centro,Efectivo
2801,2025-02-09,Carro de Juguete,Juguetes,254.6,18,Andrés Vargas,Puebla,Sucursal Norte,Transferencia
2802,2024-04-10,Gorra,Ropa,105.77,15,Tomás Vega,Monterrey,Sucursal Norte,Tarjeta de Crédito
2803,2025-11-04,Sudadera,Ropa,291.86,18,Fernanda Luna,Puebla,Sucursal Centro,Tarjeta de Crédito
2804,2024-11-24,Monitor,Electrónica,7052.05,3,Fernanda Luna,Monterrey,Sucursal Sur,Efectivo
2805,2024-04-01,Toalla,Hogar,111.78,2,Alejandra Morales,Mérida,Sucursal Centro,Transferencia
2806,2024-05-13,Bolígrafo,Papelería,24.0,8,Cecilia Trujillo,Ciudad de México,Sucursal Centro,Transferencia
2807,2024-06-01,Calcetines,Ropa,54.13,15,Cecilia Trujillo,Monterrey,Sucursal Norte,Efectivo
2808,2024-05-08,Cargador,Electrónica,381.07,11,Renata Suárez,Tijuana,Sucursal Centro,Tarjeta de Crédito
2809,2025-04-24,Calcetines,Ropa,83.67,10,Patricia Muñoz,Mérida,Sucursal Centro,Tarjeta de Débito
2810,2025-08-17,Camiseta,Ropa,194.59,8,Ricardo Castillo,Monterrey,Sucursal Centro,Efectivo
2811,2024-11-12,Cargador,Electrónica,114.36,2,Víctor Salinas,Ciudad de México,Sucursal Sur,Transferencia
2812,2025-07-13,Monitor,Electrónica,5072.38,10,Sebastián Fuentes,Tijuana,Sucursal Centro,Transferencia
2813,2024-05-04,Sudadera,Ropa,518.33,14,Lucía Ramos,Monterrey,Sucursal Norte,Tarjeta de Crédito
2814,2025-05-24,Jugo,Alimentos,33.89,8,Lucía Ramos,León,Sucursal Centro,Transferencia
2815,2024-09-26,Almohada,Hogar,155.07,7,Ramón Ortega,Guadalajara,Sucursal Norte,Tarjeta de Crédito
2816,2024-06-20,Pantalón,Ropa,597.99,2,Valentina Cruz,Ciudad de México,Sucursal Centro,Transferencia
2817,2024-12-09,Zapatos Deportivos,Deportes,1597.21,20,Alejandra Morales,Monterrey,Sucursal Norte,Transferencia
2818,2025-08-29,Sudadera,Ropa,408.9,8,Ana García,Ciudad de México,Sucursal Sur,Efectivo
2819,2024-02-20,Mouse,Electrónica,289.03,14,Camila Díaz,Puebla,Sucursal Norte,Transferencia
2820,2024-02-20,Teclado,Electrónica,685.64,12,Ignacio Miranda,Mérida,Sucursal Centro,Efectivo
2821,2024-09-16,Colchoneta,Deportes,716.39,9,Juan Cervantes,León,Sucursal Centro,Tarjeta de Crédito
2822,2024-01-24,Café,Alimentos,229.37,12,Laura Hernández,Puebla,Sucursal Centro,Efectivo
2823,2025-02-03,USB Flash Drive,Electrónica,131.7,1,Isabel Ramírez,León,Sucursal Norte,Tarjeta de Crédito
2824,2025-12-04,Almohada,Hogar,170.71,10,Manuel Bravo,León,Sucursal Centro,Tarjeta de Débito
2825,2024-06-25,Detergente,Hogar,112.6,19,Lucía Ramos,Guadalajara,Sucursal Sur,Tarjeta de Crédito
2826,2025-08-24,Carro de Juguete,Juguetes,359.62,5,Arturo Navarro,Mérida,Sucursal Norte,Tarjeta de Débito
2827,2024-04-30,Cuaderno,Papelería,81.25,20,Carlos López,Mérida,Sucursal Centro,Tarjeta de Crédito
2828,2025-03-30,Pantalón,Ropa,334.83,7,Mónica Ibáñez,Tijuana,Sucursal Norte,Efectivo
2829,2025-12-15,Cuaderno,Papelería,33.64,7,Beatriz Rojas,León,Sucursal Centro,Transferencia
2830,2025-10-22,USB Flash Drive,Electrónica,140.25,1,Fernando Flores,Mérida,Sucursal Centro,Tarjeta de Débito
2831,2024-03-21,Cargador,Electrónica,140.22,11,Jorge Romero,Ciudad de México,Sucursal Norte,Efectivo
2832,2025-02-09,Café,Alimentos,168.09,20,Camila Díaz,Monterrey,Sucursal Norte,Efectivo
2833,2025-05-20,Auriculares,Electrónica,350.26,19,Héctor Soto,Puebla,Sucursal Centro,Tarjeta de Crédito
2834,2025-11-23,Cuaderno,Papelería,77.62,11,Silvia Fuentes,Monterrey,Sucursal Centro,Tarjeta de Débito
2835,2024-07-28,Auriculares,Electrónica,1658.45,10,Gabriela Moreno,Ciudad de México,Sucursal Sur,Tarjeta de Crédito
2836,2024-05-28,Calcetines,Ropa,35.02,4,Cecilia Trujillo,Tijuana,Sucursal Centro,Efectivo
2837,2024-08-29,Monitor,Electrónica,7638.28,2,Eduardo Jiménez,León,Sucursal Centro,Efectivo
2838,2024-11-20,Detergente,Hogar,128.07,3,Diego Cabrera,Guadalajara,Sucursal Centro,Efectivo
2839,2024-05-02,Monitor,Electrónica,6031.03,1,Silvia Fuentes,Mérida,Sucursal Centro,Tarjeta de Débito
2840,2025-02-08,Muñeca,Juguetes,453.75,9,Juan Cervantes,Puebla,Sucursal Norte,Transferencia
2841,2025-05-12,Guantes de Box,Deportes,933.19,6,Enrique Guerrero,León,Sucursal Centro,Efectivo
2842,2024-11-26,Auriculares,Electrónica,412.68,15,Carolina Castro,Mérida,Sucursal Centro,Transferencia
2843,2024-01-12,Guantes de Box,Deportes,629.68,19,Roberto Reyes,León,Sucursal Centro,Tarjeta de Crédito
2844,2025-10-24,Detergente,Hogar,115.94,7,Paola Mendoza,Guadalajara,Sucursal Sur,Tarjeta de Débito
2845,2024-04-21,Chocolate,Alimentos,64.12,14,Silvia Fuentes,León,Sucursal Centro,Efectivo
2846,2024-09-20,Labial,Belleza,64.11,12,Alicia Ponce,Guadalajara,Sucursal Sur,Transferencia
2847,2024-09-14,Agua,Alimentos,27.53,8,Cecilia Trujillo,Monterrey,Sucursal Norte,Efectivo
2848,2024-03-28,Muñeca,Juguetes,321.44,10,Valentina Cruz,Puebla,Sucursal Centro,Transferencia
2849,2025-01-06,Galletas,Alimentos,45.23,9,Ricardo Castillo,León,Sucursal Norte,Transferencia
2850,2024-09-04,Carro de Juguete,Juguetes,297.12,6,Sergio Gutiérrez,Puebla,Sucursal Norte,Efectivo
2851,2025-08-12,Esmalte,Belleza,117.33,11,Julio Cortez,Monterrey,Sucursal Centro,Efectivo
2852,2024-09-24,Laptop,Electrónica,22814.47,6,Mariana Medina,Monterrey,Sucursal Norte,Tarjeta de Crédito
2853,2024-10-22,Café,Alimentos,98.6,9,Ignacio Miranda,Ciudad de México,Sucursal Norte,Tarjeta de Crédito
2854,2025-06-19,Cargador,Electrónica,212.67,2,José Rodríguez,Guadalajara,Sucursal Norte,Tarjeta de Crédito
2855,2025-06-20,Camiseta,Ropa,358.44,7,Paola Mendoza,Guadalajara,Sucursal Centro,Efectivo
2856,2024-08-06,Labial,Belleza,111.78,11,Enrique Guerrero,Ciudad de México,Sucursal Norte,Tarjeta de Crédito
2857,2024-05-18,Labial,Belleza,131.79,1,Ramón Ortega,León,Sucursal Centro,Tarjeta de Débito
2858,2025-07-20,Pelota de Fútbol,Deportes,494.75,3,Alejandra Morales,Ciudad de México,Sucursal Centro,Tarjeta de Débito
2859,2024-02-06,Labial,Belleza,100.25,3,Juan Cervantes,Tijuana,Sucursal Norte,Transferencia
2860,2024-10-23,Camiseta,Ropa,253.87,11,Óscar Ríos,León,Sucursal Norte,Tarjeta de Débito
2861,2024-02-23,Tijeras,Papelería,34.13,17,Luis Espinoza,Puebla,Sucursal Norte,Efectivo
2862,2024-03-14,Mouse,Electrónica,376.71,17,Camila Díaz,Ciudad de México,Sucursal Centro,Efectivo
2863,2024-01-30,Shampoo,Belleza,87.36,8,Isabel Ramírez,Ciudad de México,Sucursal Centro,Efectivo
2864,2025-07-13,Crema Facial,Belleza,336.21,15,Cecilia Trujillo,Monterrey,Sucursal Centro,Tarjeta de Débito
2865,2024-10-31,Carro de Juguete,Juguetes,325.16,13,Daniela Herrera,Ciudad de México,Sucursal Sur,Tarjeta de Crédito
2866,2024-12-08,Labial,Belleza,162.97,2,Marco Sánchez,Monterrey,Sucursal Centro,Transferencia
2867,2024-12-14,Perfume,Belleza,1063.78,17,Natalia Ruiz,Tijuana,Sucursal Centro,Tarjeta de Crédito
2868,2024-05-26,Auriculares,Electrónica,1574.39,10,Carlos López,León,Sucursal Centro,Transferencia
2869,2024-06-25,Jugo,Alimentos,33.55,12,Sandra Peña,Puebla,Sucursal Norte,Transferencia
2870,2025-11-26,Detergente,Hogar,53.22,20,Laura Hernández,Tijuana,Sucursal Centro,Efectivo
2871,2025-05-29,Monitor,Electrónica,4638.84,12,Alberto Varela,Ciudad de México,Sucursal Sur,Tarjeta de Débito
2872,2025-08-10,Cuaderno,Papelería,43.85,5,Verónica Aguilar,Tijuana,Sucursal Norte,Efectivo
2873,2024-05-12,Bolígrafo,Papelería,40.54,17,Guillermo León,Puebla,Sucursal Norte,Tarjeta de Crédito
2874,2024-07-25,Agua,Alimentos,36.34,17,Julio Cortez,Monterrey,Sucursal Sur,Tarjeta de Débito
2875,2024-09-21,Jugo,Alimentos,54.21,16,Arturo Navarro,Guadalajara,Sucursal Norte,Tarjeta de Débito
2876,2025-01-07,Bloques Didácticos,Juguetes,168.66,8,Daniela Herrera,León,Sucursal Centro,Transferencia
2877,2025-12-25,Lámpara,Hogar,705.06,2,Carolina Castro,Guadalajara,Sucursal Norte,Tarjeta de Débito
2878,2025-01-09,Shampoo,Belleza,160.15,2,Ramón Ortega,Monterrey,Sucursal Norte,Transferencia
2879,2025-02-10,Pantalón,Ropa,758.54,16,Gabriela Moreno,Monterrey,Sucursal Centro,Transferencia
2880,2025-11-04,Guantes de Box,Deportes,868.91,2,Gabriela Moreno,Monterrey,Sucursal Sur,Tarjeta de Crédito
2881,2025-01-10,Café,Alimentos,151.88,15,Ignacio Miranda,Ciudad de México,Sucursal Centro,Tarjeta de Crédito
2882,2024-09-26,Guantes de Box,Deportes,605.45,17,Andrés Vargas,Puebla,Sucursal Centro,Tarjeta de Crédito
2883,2025-06-17,Marcadores,Papelería,138.91,16,Eduardo Jiménez,Ciudad de México,Sucursal Norte,Efectivo
2884,2025-05-19,Folder,Papelería,25.5,6,Felipe Núñez,Mérida,Sucursal Centro,Transferencia
2885,2024-12-22,Bloques Didácticos,Juguetes,191.08,7,Mariana Medina,Guadalajara,Sucursal Centro,Transferencia
2886,2024-08-07,Bolígrafo,Papelería,22.52,12,Isabel Ramírez,Mérida,Sucursal Centro,Efectivo
2887,2024-01-13,Detergente,Hogar,64.43,4,Tomás Vega,Guadalajara,Sucursal Norte,Efectivo
2888,2025-06-12,Rompecabezas,Juguetes,263.79,15,Rosa Ávila,Ciudad de México,Sucursal Centro,Efectivo
2889,2024-06-04,Agua,Alimentos,23.44,10,Camila Díaz,Tijuana,Sucursal Centro,Tarjeta de Débito
2890,2024-02-29,Jugo,Alimentos,56.86,19,Daniela Herrera,León,Sucursal Centro,Efectivo
2891,2025-06-22,Folder,Papelería,40.95,16,Verónica Aguilar,León,Sucursal Norte,Transferencia
2892,2025-10-06,Mouse,Electrónica,345.03,3,Arturo Navarro,Tijuana,Sucursal Norte,Transferencia
2893,2024-07-19,Lámpara,Hogar,746.08,8,Rosa Ávila,Ciudad de México,Sucursal Sur,Tarjeta de Crédito
2894,2025-04-13,Jugo,Alimentos,21.29,5,Valentina Cruz,Puebla,Sucursal Norte,Tarjeta de Crédito
2895,2025-11-26,Marcadores,Papelería,64.07,11,Óscar Ríos,Puebla,Sucursal Norte,Tarjeta de Crédito
2896,2025-11-21,Galletas,Alimentos,72.06,5,Sebastián Fuentes,Tijuana,Sucursal Centro,Efectivo
2897,2024-03-19,Toalla,Hogar,233.07,16,José Rodríguez,Guadalajara,Sucursal Sur,Efectivo
2898,2024-07-20,Grapadora,Papelería,150.37,15,Julio Cortez,Monterrey,Sucursal Norte,Tarjeta de Débito
2899,2024-02-28,Colchoneta,Deportes,578.05,20,Pablo Álvarez,Puebla,Sucursal Norte,Tarjeta de Débito
2900,2025-08-07,Shampoo,Belleza,120.29,13,José Rodríguez,León,Sucursal Norte,Transferencia
2901,2025-03-15,Cuaderno,Papelería,95.55,7,Lucía Ramos,Ciudad de México,Sucursal Sur,Transferencia
2902,2025-06-08,Laptop,Electrónica,11561.05,20,Camila Díaz,Tijuana,Sucursal Norte,Efectivo
2903,2024-07-16,Mouse,Electrónica,215.21,14,Gabriela Moreno,Guadalajara,Sucursal Centro,Tarjeta de Débito
2904,2025-01-13,Chocolate,Alimentos,91.64,4,Felipe Núñez,Guadalajara,Sucursal Sur,Tarjeta de Débito
2905,2024-11-04,Galletas,Alimentos,48.67,7,Marco Sánchez,Puebla,Sucursal Centro,Tarjeta de Crédito
2906,2024-06-28,Chocolate,Alimentos,91.14,5,Fernanda Luna,Mérida,Sucursal Centro,Efectivo
2907,2024-05-18,Auriculares,Electrónica,1982.28,15,Natalia Ruiz,Monterrey,Sucursal Norte,Transferencia
2908,2024-01-14,Grapadora,Papelería,114.7,20,Alejandra Morales,León,Sucursal Norte,Transferencia
2909,2025-01-02,Colchoneta,Deportes,406.33,4,Gabriela Moreno,Tijuana,Sucursal Norte,Tarjeta de Crédito
2910,2025-03-24,USB Flash Drive,Electrónica,238.19,4,Juan Cervantes,Tijuana,Sucursal Norte,Transferencia
2911,2024-10-26,Bloques Didácticos,Juguetes,179.95,3,Arturo Navarro,Monterrey,Sucursal Norte,Transferencia
2912,2025-05-15,Teclado,Electrónica,421.6,12,Ricardo Castillo,León,Sucursal Norte,Transferencia
2913,2024-12-10,Perfume,Belleza,1116.3,4,Daniela Herrera,Monterrey,Sucursal Norte,Tarjeta de Débito
2914,2025-03-24,Almohada,Hogar,300.87,17,Rosa Ávila,Ciudad de México,Sucursal Sur,Transferencia
2915,2024-02-23,Tijeras,Papelería,25.47,7,Camila Díaz,Guadalajara,Sucursal Centro,Transferencia
2916,2025-05-11,Guantes de Box,Deportes,408.68,3,Verónica Aguilar,Monterrey,Sucursal Norte,Efectivo
2917,2025-03-14,Bolígrafo,Papelería,36.61,20,Víctor Salinas,Tijuana,Sucursal Centro,Tarjeta de Débito
2918,2025-04-19,Laptop,Electrónica,16576.01,3,Rosa Ávila,Puebla,Sucursal Norte,Efectivo
2919,2025-07-16,Rompecabezas,Juguetes,335.76,3,Mónica Ibáñez,Mérida,Sucursal Norte,Tarjeta de Débito
2920,2025-12-02,Zapatos Deportivos,Deportes,1047.0,14,Camila Díaz,Tijuana,Sucursal Norte,Tarjeta de Crédito
2921,2025-09-02,Auriculares,Electrónica,1927.13,9,Cecilia Trujillo,Ciudad de México,Sucursal Norte,Tarjeta de Débito
2922,2024-11-10,Chocolate,Alimentos,44.31,8,Manuel Bravo,Tijuana,Sucursal Norte,Efectivo
2923,2024-05-04,Lámpara,Hogar,474.79,16,Ignacio Miranda,Monterrey,Sucursal Sur,Tarjeta de Crédito
2924,2024-04-09,Toalla,Hogar,215.7,18,Verónica Aguilar,Guadalajara,Sucursal Norte,Transferencia
2925,2024-10-11,Cuaderno,Papelería,105.32,8,Valentina Cruz,Tijuana,Sucursal Centro,Tarjeta de Débito
2926,2025-07-24,Gorra,Ropa,234.97,7,Julio Cortez,Guadalajara,Sucursal Centro,Tarjeta de Débito
2927,2024-08-07,Auriculares,Electrónica,1099.69,12,Laura Hernández,Ciudad de México,Sucursal Norte,Transferencia
2928,2025-02-12,Laptop,Electrónica,13799.47,2,Valentina Cruz,Guadalajara,Sucursal Centro,Transferencia
2929,2024-04-08,Almohada,Hogar,190.4,8,Marco Sánchez,Monterrey,Sucursal Norte,Tarjeta de Débito
2930,2024-12-11,Bolígrafo,Papelería,11.62,10,Diego Cabrera,León,Sucursal Norte,Tarjeta de Crédito
2931,2024-10-05,Folder,Papelería,46.27,3,Ana García,León,Sucursal Norte,Transferencia
2932,2024-02-09,Guantes de Box,Deportes,1053.63,2,Carlos López,Guadalajara,Sucursal Sur,Tarjeta de Débito
2933,2024-02-03,Zapatos Deportivos,Deportes,2234.69,20,Diego Cabrera,Guadalajara,Sucursal Centro,Tarjeta de Crédito
2934,2025-08-16,Café,Alimentos,214.28,12,Sofía Pérez,Puebla,Sucursal Norte,Tarjeta de Débito
2935,2025-04-10,Lámpara,Hogar,793.39,4,Roberto Reyes,Mérida,Sucursal Centro,Tarjeta de Débito
2936,2024-01-09,Bloques Didácticos,Juguetes,311.89,6,Manuel Bravo,Mérida,Sucursal Centro,Efectivo
2937,2024-09-10,Folder,Papelería,37.22,8,Héctor Soto,Monterrey,Sucursal Sur,Tarjeta de Débito
2938,2024-11-27,Galletas,Alimentos,25.47,15,Andrés Vargas,Mérida,Sucursal Centro,Efectivo
2939,2025-02-26,Bolígrafo,Papelería,24.31,16,Rebeca Campos,Monterrey,Sucursal Sur,Efectivo
2940,2025-07-16,Pantalón,Ropa,314.97,18,Arturo Navarro,Puebla,Sucursal Centro,Tarjeta de Débito
2941,2025-03-11,Grapadora,Papelería,130.67,20,Arturo Navarro,Mérida,Sucursal Norte,Transferencia
2942,2025-07-05,Bloques Didácticos,Juguetes,262.83,1,Marco Sánchez,Mérida,Sucursal Norte,Efectivo
2943,2025-12-15,Guantes de Box,Deportes,1138.4,16,Miguel González,Monterrey,Sucursal Sur,Transferencia
2944,2024-07-29,Pantalón,Ropa,395.71,2,Juan Cervantes,Monterrey,Sucursal Sur,Tarjeta de Débito
2945,2024-05-26,Colchoneta,Deportes,569.61,13,María Martínez,Guadalajara,Sucursal Sur,Tarjeta de Débito
2946,2024-08-10,Café,Alimentos,183.47,10,Valentina Cruz,Guadalajara,Sucursal Norte,Tarjeta de Crédito
2947,2025-05-07,Muñeca,Juguetes,570.49,13,Ximena Paredes,Ciudad de México,Sucursal Sur,Efectivo
2948,2024-02-15,USB Flash Drive,Electrónica,245.29,15,Felipe Núñez,Monterrey,Sucursal Norte,Efectivo
2949,2024-07-30,Colchoneta,Deportes,333.99,14,Gabriela Moreno,Puebla,Sucursal Norte,Tarjeta de Débito
2950,2024-06-11,Camiseta,Ropa,158.37,14,Marco Sánchez,Ciudad de México,Sucursal Sur,Efectivo
2951,2025-01-06,Tijeras,Papelería,43.97,20,José Rodríguez,León,Sucursal Norte,Efectivo
2952,2025-03-17,Folder,Papelería,52.13,14,Felipe Núñez,Tijuana,Sucursal Centro,Transferencia
2953,2025-05-07,Perfume,Belleza,822.69,18,Mónica Ibáñez,Puebla,Sucursal Norte,Efectivo
2954,2025-06-26,Folder,Papelería,29.91,18,Paola Mendoza,Tijuana,Sucursal Centro,Tarjeta de Crédito
2955,2024-08-02,Carro de Juguete,Juguetes,290.28,18,Ramón Ortega,Tijuana,Sucursal Norte,Transferencia
2956,2024-12-17,Colchoneta,Deportes,391.75,8,Verónica Aguilar,Puebla,Sucursal Norte,Transferencia
2957,2025-10-22,Pantalón,Ropa,553.68,11,Fernando Flores,Puebla,Sucursal Centro,Tarjeta de Crédito
2958,2025-12-07,Pelota de Fútbol,Deportes,599.33,3,Óscar Ríos,Guadalajara,Sucursal Sur,Efectivo
2959,2024-08-07,Bolígrafo,Papelería,30.6,8,David Torres,Tijuana,Sucursal Centro,Tarjeta de Débito
2960,2024-06-08,Pelota de Fútbol,Deportes,481.95,6,Sandra Peña,Mérida,Sucursal Centro,Transferencia
2961,2024-08-19,Mouse,Electrónica,319.45,18,Julio Cortez,Mérida,Sucursal Centro,Tarjeta de Débito
2962,2025-06-20,Colchoneta,Deportes,552.59,1,Juan Cervantes,Mérida,Sucursal Norte,Transferencia
2963,2025-07-27,Guantes de Box,Deportes,786.75,14,Víctor Salinas,Guadalajara,Sucursal Norte,Tarjeta de Débito
2964,2025-06-02,Jugo,Alimentos,41.25,7,Sergio Gutiérrez,León,Sucursal Norte,Transferencia
2965,2024-02-14,Cuaderno,Papelería,78.61,5,Silvia Fuentes,Puebla,Sucursal Centro,Transferencia
2966,2025-07-30,Carro de Juguete,Juguetes,480.73,14,Eduardo Jiménez,Mérida,Sucursal Centro,Tarjeta de Crédito
2967,2024-06-27,USB Flash Drive,Electrónica,154.47,2,Marco Sánchez,León,Sucursal Centro,Transferencia
2968,2025-03-09,Gorra,Ropa,240.95,4,Daniela Herrera,Ciudad de México,Sucursal Norte,Transferencia
2969,2024-03-11,Labial,Belleza,173.2,16,Sergio Gutiérrez,Puebla,Sucursal Norte,Tarjeta de Débito
2970,2024-09-16,Sudadera,Ropa,371.4,15,Fernanda Luna,León,Sucursal Centro,Tarjeta de Débito
2971,2024-08-31,Colchoneta,Deportes,558.09,16,Renata Suárez,Monterrey,Sucursal Sur,Tarjeta de Crédito
2972,2024-06-25,Café,Alimentos,224.96,8,Ximena Paredes,Tijuana,Sucursal Norte,Efectivo
2973,2024-09-27,Crema Facial,Belleza,430.73,15,Fernando Flores,Tijuana,Sucursal Norte,Tarjeta de Crédito
2974,2025-08-22,Perfume,Belleza,1161.58,16,Guillermo León,Puebla,Sucursal Centro,Transferencia
2975,2024-06-28,Colchoneta,Deportes,797.7,9,Víctor Salinas,León,Sucursal Centro,Tarjeta de Crédito
2976,2025-06-11,Guantes de Box,Deportes,756.53,14,Andrés Vargas,Ciudad de México,Sucursal Norte,Efectivo
2977,2025-05-12,Gorra,Ropa,241.42,16,Juan Cervantes,Ciudad de México,Sucursal Sur,Tarjeta de Crédito
2978,2024-08-24,Muñeca,Juguetes,328.23,12,Fernanda Luna,Guadalajara,Sucursal Sur,Tarjeta de Débito
2979,2025-06-10,Zapatos Deportivos,Deportes,1252.14,9,Pablo Álvarez,Guadalajara,Sucursal Centro,Tarjeta de Débito
2980,2024-06-26,Marcadores,Papelería,117.46,19,Verónica Aguilar,Ciudad de México,Sucursal Norte,Tarjeta de Crédito
2981,2025-02-23,Pantalón,Ropa,538.2,13,Sofía Pérez,Tijuana,Sucursal Norte,Tarjeta de Débito
2982,2025-08-18,Camiseta,Ropa,271.27,18,Arturo Navarro,Tijuana,Sucursal Centro,Transferencia
2983,2024-03-26,Jugo,Alimentos,34.09,6,Patricia Muñoz,Ciudad de México,Sucursal Sur,Tarjeta de Crédito
2984,2025-09-02,Guantes de Box,Deportes,678.8,10,Mónica Ibáñez,Ciudad de México,Sucursal Norte,Transferencia
2985,2025-10-01,Zapatos Deportivos,Deportes,2061.23,8,Mónica Ibáñez,Puebla,Sucursal Centro,Tarjeta de Crédito
2986,2025-12-14,Perfume,Belleza,1121.37,3,Felipe Núñez,Mérida,Sucursal Centro,Tarjeta de Débito
2987,2025-01-30,Bolígrafo,Papelería,28.49,13,Patricia Muñoz,Monterrey,Sucursal Centro,Transferencia
2988,2025-11-16,Marcadores,Papelería,87.25,9,Paola Mendoza,Puebla,Sucursal Centro,Tarjeta de Débito
2989,2024-01-30,Muñeca,Juguetes,489.34,5,Guillermo León,Ciudad de México,Sucursal Centro,Tarjeta de Crédito
2990,2025-12-20,Tijeras,Papelería,73.5,15,Roberto Reyes,Tijuana,Sucursal Norte,Tarjeta de Crédito
2991,2025-03-30,Crema Facial,Belleza,214.53,2,Mónica Ibáñez,Tijuana,Sucursal Norte,Efectivo
2992,2024-07-11,Detergente,Hogar,71.02,1,Laura Hernández,Puebla,Sucursal Norte,Efectivo
2993,2025-06-24,Monitor,Electrónica,3756.09,7,Sandra Peña,Guadalajara,Sucursal Sur,Tarjeta de Débito
2994,2025-10-26,Detergente,Hogar,62.97,9,Carlos López,Puebla,Sucursal Centro,Transferencia
2995,2024-10-25,Laptop,Electrónica,16698.37,20,Ignacio Miranda,Tijuana,Sucursal Norte,Tarjeta de Débito
2996,2025-11-05,Pantalón,Ropa,448.56,16,Pablo Álvarez,Tijuana,Sucursal Norte,Tarjeta de Débito
2997,2024-04-04,Rompecabezas,Juguetes,395.9,9,Sandra Peña,Mérida,Sucursal Norte,Transferencia
2998,2025-11-23,Calcetines,Ropa,48.37,14,Ramón Ortega,Tijuana,Sucursal Norte,Tarjeta de Crédito
2999,2024-05-05,Rompecabezas,Juguetes,360.54,17,Enrique Guerrero,Tijuana,Sucursal Norte,Tarjeta de Crédito
3000,2024-08-19,Chocolate,Alimentos,79.18,20,Sandra Peña,Mérida,Sucursal Centro,Transferencia
3001,2024-02-18,Chocolate,Alimentos,60.6,1,Mónica Ibáñez,Monterrey,Sucursal Sur,Transferencia
3002,2024-03-03,Labial,Belleza,64.04,6,Isabel Ramírez,León,Sucursal Centro,Transferencia
3003,2024-03-07,Gorra,Ropa,86.36,7,Ignacio Miranda,León,Sucursal Centro,Efectivo
3004,2025-02-12,Cargador,Electrónica,363.27,9,Diego Cabrera,León,Sucursal Norte,Tarjeta de Débito
3005,2024-10-16,Colchoneta,Deportes,787.25,18,Sofía Pérez,Puebla,Sucursal Norte,Tarjeta de Débito
3006,2024-07-21,Bolígrafo,Papelería,38.74,10,José Rodríguez,Puebla,Sucursal Centro,Tarjeta de Débito
3007,2025-09-12,Folder,Papelería,20.17,5,Ximena Paredes,Mérida,Sucursal Centro,Efectivo
3008,2024-01-18,Mouse,Electrónica,463.58,20,Juan Cervantes,Puebla,Sucursal Centro,Transferencia
3009,2024-02-12,Pelota de Fútbol,Deportes,325.63,2,Renata Suárez,Guadalajara,Sucursal Sur,Tarjeta de Crédito
3010,2024-12-02,Gorra,Ropa,228.49,2,Sergio Gutiérrez,Ciudad de México,Sucursal Norte,Tarjeta de Débito
3011,2025-12-17,Auriculares,Electrónica,1442.78,12,Manuel Bravo,Tijuana,Sucursal Centro,Tarjeta de Débito
3012,2024-06-28,Lámpara,Hogar,631.5,12,Héctor Soto,Monterrey,Sucursal Sur,Transferencia
3013,2024-09-06,Cuaderno,Papelería,115.38,17,Enrique Guerrero,Monterrey,Sucursal Norte,Tarjeta de Débito
3014,2025-12-05,Lámpara,Hogar,373.59,7,Ana García,Monterrey,Sucursal Norte,Tarjeta de Débito
3015,2024-08-24,Bloques Didácticos,Juguetes,130.41,18,Diego Cabrera,Puebla,Sucursal Norte,Tarjeta de Crédito
3016,2025-03-07,Perfume,Belleza,1111.29,14,Carlos López,Guadalajara,Sucursal Norte,Tarjeta de Débito
3017,2025-01-15,Crema Facial,Belleza,244.28,9,Carolina Castro,León,Sucursal Norte,Tarjeta de Crédito
3018,2025-04-04,Marcadores,Papelería,94.35,3,Ximena Paredes,Puebla,Sucursal Centro,Tarjeta de Débito
3019,2025-05-04,Gorra,Ropa,142.53,18,Lucía Ramos,Tijuana,Sucursal Norte,Efectivo
3020,2024-12-13,Camiseta,Ropa,196.66,15,Camila Díaz,Mérida,Sucursal Centro,Tarjeta de Débito
3021,2024-06-20,Bloques Didácticos,Juguetes,185.58,8,José Rodríguez,Guadalajara,Sucursal Sur,Efectivo
3022,2025-06-21,Jugo,Alimentos,56.09,11,Jorge Romero,Puebla,Sucursal Norte,Efectivo
3023,2025-03-22,Colchoneta,Deportes,871.09,12,Guillermo León,Mérida,Sucursal Centro,Efectivo
3024,2024-11-19,Toalla,Hogar,112.27,1,José Rodríguez,Guadalajara,Sucursal Centro,Tarjeta de Crédito
3025,2025-12-16,Rompecabezas,Juguetes,274.66,18,Enrique Guerrero,Puebla,Sucursal Centro,Efectivo
3026,2025-12-19,Guantes de Box,Deportes,616.78,4,Héctor Soto,Ciudad de México,Sucursal Norte,Transferencia
3027,2024-09-22,Teclado,Electrónica,333.45,15,Ana García,Mérida,Sucursal Centro,Tarjeta de Débito
3028,2025-04-08,Almohada,Hogar,315.2,7,Óscar Ríos,Mérida,Sucursal Centro,Efectivo
3029,2024-12-22,Pelota de Fútbol,Deportes,510.56,1,Mariana Medina,Tijuana,Sucursal Centro,Transferencia
3030,2025-04-18,Muñeca,Juguetes,566.56,4,Lucía Ramos,Mérida,Sucursal Norte,Efectivo
3031,2025-09-08,Sudadera,Ropa,353.24,13,Ramón Ortega,León,Sucursal Centro,Tarjeta de Débito
3032,2024-05-08,Bolígrafo,Papelería,12.57,15,Enrique Guerrero,Mérida,Sucursal Centro,Efectivo
3033,2025-06-24,Esmalte,Belleza,67.75,2,Mónica Ibáñez,Puebla,Sucursal Centro,Tarjeta de Débito
3034,2024-08-25,Zapatos Deportivos,Deportes,1303.04,12,Daniela Herrera,León,Sucursal Norte,Tarjeta de Débito
3035,2025-05-13,Tijeras,Papelería,39.04,3,Carlos López,Puebla,Sucursal Centro,Tarjeta de Crédito
3036,2025-07-31,Lámpara,Hogar,728.66,7,Jorge Romero,Guadalajara,Sucursal Centro,Efectivo
3037,2024-03-24,Labial,Belleza,80.6,14,José Rodríguez,León,Sucursal Norte,Tarjeta de Débito
3038,2025-12-19,Teclado,Electrónica,438.98,4,Enrique Guerrero,Tijuana,Sucursal Centro,Tarjeta de Débito
3039,2025-04-15,Colchoneta,Deportes,601.33,18,Guillermo León,Guadalajara,Sucursal Norte,Transferencia
3040,2025-08-15,Auriculares,Electrónica,1303.66,13,Paola Mendoza,Tijuana,Sucursal Centro,Tarjeta de Débito
3041,2024-06-21,Gorra,Ropa,146.74,17,Rosa Ávila,Ciudad de México,Sucursal Norte,Transferencia
3042,2024-06-28,Jugo,Alimentos,51.54,15,Enrique Guerrero,León,Sucursal Centro,Tarjeta de Débito
3043,2025-04-16,Colchoneta,Deportes,711.73,1,Carolina Castro,Ciudad de México,Sucursal Centro,Transferencia
3044,2025-03-25,Carro de Juguete,Juguetes,215.43,18,Beatriz Rojas,León,Sucursal Centro,Tarjeta de Crédito
3045,2024-01-03,Chocolate,Alimentos,90.06,11,Sergio Gutiérrez,Ciudad de México,Sucursal Norte,Transferencia
3046,2024-09-10,Cargador,Electrónica,286.67,12,Elena Delgado,Guadalajara,Sucursal Centro,Efectivo
3047,2024-08-13,Cargador,Electrónica,153.55,20,Carlos López,Mérida,Sucursal Norte,Efectivo
3048,2024-01-19,Muñeca,Juguetes,580.32,15,Héctor Soto,Monterrey,Sucursal Sur,Transferencia
3049,2024-09-02,Jugo,Alimentos,20.36,1,Víctor Salinas,León,Sucursal Norte,Efectivo
3050,2025-06-04,Gorra,Ropa,173.93,16,Luis Espinoza,Ciudad de México,Sucursal Norte,Transferencia
3051,2025-01-03,Colchoneta,Deportes,642.74,15,David Torres,Ciudad de México,Sucursal Sur,Tarjeta de Crédito
3052,2025-07-19,Shampoo,Belleza,149.67,6,Daniela Herrera,Guadalajara,Sucursal Norte,Tarjeta de Crédito
3053,2025-08-01,Carro de Juguete,Juguetes,438.7,3,Valentina Cruz,Mérida,Sucursal Centro,Efectivo
3054,2024-04-09,Agua,Alimentos,16.05,16,Juan Cervantes,Mérida,Sucursal Norte,Efectivo
3055,2025-02-28,Calcetines,Ropa,56.82,12,Luis Espinoza,Tijuana,Sucursal Norte,Transferencia
3056,2024-09-27,Bolígrafo,Papelería,29.14,14,Roberto Reyes,Monterrey,Sucursal Norte,Efectivo
3057,2025-12-02,Colchoneta,Deportes,743.96,16,María Martínez,Tijuana,Sucursal Centro,Efectivo
3058,2024-05-12,Camiseta,Ropa,184.78,2,Elena Delgado,Mérida,Sucursal Centro,Transferencia
3059,2025-03-17,Gorra,Ropa,204.1,10,Fernanda Luna,Ciudad de México,Sucursal Sur,Tarjeta de Crédito
3060,2025-01-13,Chocolate,Alimentos,82.36,20,Marco Sánchez,Guadalajara,Sucursal Centro,Efectivo
3061,2025-12-18,Shampoo,Belleza,82.9,12,Beatriz Rojas,Mérida,Sucursal Norte,Tarjeta de Débito
3062,2025-05-09,Crema Facial,Belleza,446.36,6,Sebastián Fuentes,Tijuana,Sucursal Norte,Tarjeta de Crédito
3063,2024-10-10,Labial,Belleza,79.42,14,María Martínez,Tijuana,Sucursal Centro,Tarjeta de Débito
3064,2024-04-29,Guantes de Box,Deportes,782.33,15,Cecilia Trujillo,Puebla,Sucursal Norte,Tarjeta de Débito
3065,2024-03-16,Agua,Alimentos,27.47,19,Verónica Aguilar,Puebla,Sucursal Centro,Transferencia
3066,2024-04-08,USB Flash Drive,Electrónica,236.14,2,Alberto Varela,León,Sucursal Centro,Tarjeta de Débito
3067,2024-11-27,Chocolate,Alimentos,67.53,11,Beatriz Rojas,Monterrey,Sucursal Centro,Tarjeta de Crédito
3068,2025-10-03,Gorra,Ropa,124.96,4,Óscar Ríos,Puebla,Sucursal Centro,Tarjeta de Crédito
3069,2024-10-25,Cuaderno,Papelería,38.44,11,Diego Cabrera,Guadalajara,Sucursal Norte,Tarjeta de Débito
3070,2025-12-27,Colchoneta,Deportes,896.35,17,Lucía Ramos,Monterrey,Sucursal Centro,Efectivo
3071,2024-06-10,Pelota de Fútbol,Deportes,479.94,8,Fernanda Luna,Tijuana,Sucursal Norte,Efectivo
3072,2024-03-14,Camiseta,Ropa,368.82,9,Eduardo Jiménez,Mérida,Sucursal Norte,Tarjeta de Crédito
3073,2025-01-28,Galletas,Alimentos,38.4,5,Enrique Guerrero,Tijuana,Sucursal Centro,Transferencia
3074,2025-12-03,Toalla,Hogar,217.52,1,Laura Hernández,Guadalajara,Sucursal Norte,Tarjeta de Crédito
3075,2025-08-28,Guantes de Box,Deportes,1144.82,13,Isabel Ramírez,Ciudad de México,Sucursal Norte,Tarjeta de Crédito
3076,2024-02-25,Sudadera,Ropa,272.54,9,Verónica Aguilar,Ciudad de México,Sucursal Norte,Tarjeta de Crédito
3077,2024-04-22,Colchoneta,Deportes,643.94,17,Marco Sánchez,Mérida,Sucursal Centro,Tarjeta de Crédito
3078,2024-12-11,Lámpara,Hogar,764.71,6,Miguel González,Mérida,Sucursal Centro,Efectivo
3079,2024-01-14,Pantalón,Ropa,585.46,3,Valentina Cruz,Puebla,Sucursal Norte,Tarjeta de Débito
3080,2025-12-13,Cargador,Electrónica,135.57,18,Patricia Muñoz,Ciudad de México,Sucursal Sur,Transferencia
3081,2024-12-17,Lámpara,Hogar,790.33,17,Fernando Flores,Puebla,Sucursal Centro,Tarjeta de Crédito
3082,2025-05-01,Almohada,Hogar,161.34,11,Héctor Soto,Ciudad de México,Sucursal Sur,Transferencia
3083,2024-03-13,Carro de Juguete,Juguetes,343.12,6,Ana García,León,Sucursal Centro,Efectivo
3084,2025-08-22,Cuaderno,Papelería,113.75,20,Alejandra Morales,León,Sucursal Norte,Efectivo
3085,2024-10-06,Pantalón,Ropa,463.45,3,Pablo Álvarez,Mérida,Sucursal Norte,Efectivo
3086,2025-02-14,Colchoneta,Deportes,718.13,16,Miguel González,León,Sucursal Centro,Efectivo
3087,2024-02-18,Chocolate,Alimentos,97.19,10,Fernando Flores,León,Sucursal Centro,Transferencia
3088,2025-06-27,Toalla,Hogar,159.49,6,Marco Sánchez,Guadalajara,Sucursal Centro,Tarjeta de Crédito
3089,2025-03-15,Toalla,Hogar,123.05,16,Enrique Guerrero,Guadalajara,Sucursal Centro,Tarjeta de Débito
3090,2024-10-31,Folder,Papelería,46.81,15,Silvia Fuentes,Ciudad de México,Sucursal Norte,Tarjeta de Débito
3091,2024-06-08,Bloques Didácticos,Juguetes,209.02,8,Mónica Ibáñez,León,Sucursal Norte,Efectivo
3092,2025-11-09,Café,Alimentos,127.9,5,Sandra Peña,Ciudad de México,Sucursal Centro,Tarjeta de Crédito
3093,2025-07-01,Lámpara,Hogar,765.19,3,Silvia Fuentes,León,Sucursal Centro,Transferencia
3094,2024-04-02,Gorra,Ropa,214.64,15,Ramón Ortega,Mérida,Sucursal Centro,Transferencia
3095,2025-05-04,Lámpara,Hogar,484.65,15,Alberto Varela,León,Sucursal Centro,Tarjeta de Crédito
3096,2025-02-23,Pantalón,Ropa,796.2,14,Gabriela Moreno,León,Sucursal Centro,Tarjeta de Crédito
3097,2024-07-25,Café,Alimentos,162.62,7,Guillermo León,Guadalajara,Sucursal Centro,Tarjeta de Crédito
3098,2024-08-02,Calcetines,Ropa,31.53,8,Ximena Paredes,Mérida,Sucursal Centro,Efectivo
3099,2025-02-05,Pantalón,Ropa,563.36,13,Verónica Aguilar,León,Sucursal Norte,Transferencia
3100,2025-01-05,Esmalte,Belleza,82.89,20,Lucía Ramos,Monterrey,Sucursal Norte,Tarjeta de Crédito
3101,2025-02-15,Gorra,Ropa,115.12,12,Alberto Varela,Puebla,Sucursal Norte,Tarjeta de Crédito
3102,2025-08-03,Carro de Juguete,Juguetes,411.55,9,Patricia Muñoz,Ciudad de México,Sucursal Norte,Tarjeta de Débito
3103,2024-12-05,Teclado,Electrónica,449.91,3,Adriana Molina,Tijuana,Sucursal Centro,Efectivo
3104,2025-05-21,Crema Facial,Belleza,423.96,9,Víctor Salinas,Tijuana,Sucursal Centro,Transferencia
3105,2025-10-18,Camiseta,Ropa,218.77,18,María Martínez,Mérida,Sucursal Centro,Tarjeta de Crédito
3106,2024-09-29,Carro de Juguete,Juguetes,476.74,11,Pablo Álvarez,Puebla,Sucursal Centro,Efectivo
3107,2024-06-24,Rompecabezas,Juguetes,257.16,11,Diego Cabrera,León,Sucursal Centro,Transferencia
3108,2025-07-07,Pantalón,Ropa,406.98,10,Víctor Salinas,Tijuana,Sucursal Norte,Efectivo
3109,2024-12-28,Pelota de Fútbol,Deportes,368.59,12,Camila Díaz,Monterrey,Sucursal Centro,Transferencia
3110,2024-02-29,Mouse,Electrónica,472.72,5,Marco Sánchez,Ciudad de México,Sucursal Centro,Tarjeta de Crédito
3111,2024-05-26,Crema Facial,Belleza,295.69,3,Enrique Guerrero,Guadalajara,Sucursal Centro,Efectivo
3112,2024-07-23,Detergente,Hogar,82.61,10,Mónica Ibáñez,Puebla,Sucursal Norte,Tarjeta de Débito
3113,2025-03-04,Monitor,Electrónica,4205.57,13,Daniela Herrera,León,Sucursal Centro,Efectivo
3114,2025-04-08,Pelota de Fútbol,Deportes,518.11,1,Arturo Navarro,Puebla,Sucursal Norte,Tarjeta de Débito
3115,2024-11-17,Toalla,Hogar,128.57,7,Camila Díaz,Ciudad de México,Sucursal Sur,Efectivo
3116,2024-09-06,Monitor,Electrónica,2619.2,1,Eduardo Jiménez,Mérida,Sucursal Norte,Transferencia
3117,2025-01-05,Guantes de Box,Deportes,884.33,16,Arturo Navarro,Monterrey,Sucursal Centro,Efectivo
3118,2024-06-12,Labial,Belleza,148.66,19,Enrique Guerrero,León,Sucursal Norte,Tarjeta de Débito
3119,2025-11-02,Monitor,Electrónica,4358.33,20,Silvia Fuentes,León,Sucursal Centro,Transferencia
3120,2024-07-03,Rompecabezas,Juguetes,358.05,1,Alejandra Morales,Monterrey,Sucursal Sur,Efectivo
3121,2024-05-01,Laptop,Electrónica,18740.98,12,Eduardo Jiménez,Monterrey,Sucursal Sur,Efectivo
3122,2024-08-08,Jugo,Alimentos,57.37,4,Óscar Ríos,Mérida,Sucursal Centro,Tarjeta de Crédito
3123,2025-07-08,Cargador,Electrónica,375.04,7,Ricardo Castillo,Guadalajara,Sucursal Sur,Tarjeta de Crédito
3124,2024-08-08,Marcadores,Papelería,43.31,12,Marco Sánchez,Ciudad de México,Sucursal Norte,Tarjeta de Crédito
3125,2025-06-01,Café,Alimentos,227.1,4,Manuel Bravo,Monterrey,Sucursal Norte,Tarjeta de Crédito
3126,2025-06-14,USB Flash Drive,Electrónica,107.99,6,Tomás Vega,Mérida,Sucursal Norte,Efectivo
3127,2024-06-03,USB Flash Drive,Electrónica,199.49,1,Valentina Cruz,Puebla,Sucursal Centro,Transferencia
3128,2024-10-31,Chocolate,Alimentos,86.1,16,Miguel González,Tijuana,Sucursal Centro,Transferencia
3129,2024-12-21,Tijeras,Papelería,76.39,12,Elena Delgado,Mérida,Sucursal Norte,Tarjeta de Débito
3130,2024-10-12,Marcadores,Papelería,92.99,20,Alejandra Morales,Puebla,Sucursal Norte,Tarjeta de Débito
3131,2024-05-05,Esmalte,Belleza,77.23,5,Felipe Núñez,Ciudad de México,Sucursal Sur,Tarjeta de Débito
3132,2024-12-11,Café,Alimentos,189.49,5,Sandra Peña,Tijuana,Sucursal Norte,Efectivo
3133,2025-06-12,Laptop,Electrónica,20054.14,5,Beatriz Rojas,Ciudad de México,Sucursal Norte,Tarjeta de Crédito
3134,2025-03-08,Bloques Didácticos,Juguetes,326.65,4,Ana García,Tijuana,Sucursal Centro,Transferencia
3135,2025-05-16,Teclado,Electrónica,629.58,4,Laura Hernández,Guadalajara,Sucursal Norte,Transferencia
3136,2025-10-08,Colchoneta,Deportes,607.47,9,Carlos López,León,Sucursal Centro,Efectivo
3137,2025-05-09,Auriculares,Electrónica,616.28,11,Lucía Ramos,Puebla,Sucursal Norte,Efectivo
3138,2025-11-15,Marcadores,Papelería,88.93,11,José Rodríguez,León,Sucursal Centro,Transferencia
3139,2024-01-11,Cuaderno,Papelería,93.76,9,Alejandra Morales,Monterrey,Sucursal Sur,Tarjeta de Débito
3140,2025-04-10,Bloques Didácticos,Juguetes,291.44,17,Diego Cabrera,Guadalajara,Sucursal Sur,Efectivo
3141,2024-01-26,Carro de Juguete,Juguetes,319.74,20,Camila Díaz,Mérida,Sucursal Centro,Tarjeta de Crédito
3142,2024-07-09,Lámpara,Hogar,457.72,15,Enrique Guerrero,León,Sucursal Centro,Efectivo
3143,2024-06-16,Pelota de Fútbol,Deportes,531.74,10,Pablo Álvarez,Mérida,Sucursal Norte,Transferencia
3144,2025-11-15,Mouse,Electrónica,330.29,5,Ramón Ortega,Mérida,Sucursal Norte,Tarjeta de Débito
3145,2025-03-25,Muñeca,Juguetes,403.66,1,Renata Suárez,Monterrey,Sucursal Centro,Transferencia
3146,2024-12-24,Jugo,Alimentos,57.49,17,Héctor Soto,Ciudad de México,Sucursal Sur,Tarjeta de Crédito
3147,2024-06-06,Carro de Juguete,Juguetes,444.87,9,Carlos López,Guadalajara,Sucursal Centro,Transferencia
3148,2024-09-28,Colchoneta,Deportes,382.33,4,Víctor Salinas,Mérida,Sucursal Centro,Transferencia
3149,2025-06-30,Cuaderno,Papelería,46.15,16,Andrés Vargas,León,Sucursal Norte,Tarjeta de Débito
3150,2025-04-11,Guantes de Box,Deportes,826.99,4,Rebeca Campos,Ciudad de México,Sucursal Sur,Efectivo
3151,2025-12-20,Gorra,Ropa,205.53,15,Paola Mendoza,Monterrey,Sucursal Norte,Efectivo
3152,2024-06-28,Sudadera,Ropa,312.44,4,Manuel Bravo,Monterrey,Sucursal Norte,Tarjeta de Crédito
3153,2024-09-17,Laptop,Electrónica,21345.5,15,Silvia Fuentes,Ciudad de México,Sucursal Sur,Transferencia
3154,2025-08-09,Carro de Juguete,Juguetes,299.99,11,Natalia Ruiz,Puebla,Sucursal Centro,Tarjeta de Crédito
3155,2024-05-25,Chocolate,Alimentos,64.51,20,José Rodríguez,Ciudad de México,Sucursal Sur,Tarjeta de Crédito
3156,2024-10-28,Teclado,Electrónica,718.07,20,Gabriela Moreno,Puebla,Sucursal Centro,Transferencia
3157,2025-05-08,Galletas,Alimentos,64.43,8,Silvia Fuentes,León,Sucursal Norte,Tarjeta de Crédito
3158,2025-05-04,Shampoo,Belleza,193.1,19,Elena Delgado,Ciudad de México,Sucursal Norte,Tarjeta de Débito
3159,2024-11-16,Bolígrafo,Papelería,29.49,3,David Torres,Mérida,Sucursal Norte,Transferencia
3160,2025-09-04,Camiseta,Ropa,232.02,9,Fernanda Luna,Ciudad de México,Sucursal Norte,Efectivo
3161,2024-03-16,Perfume,Belleza,706.53,5,Jorge Romero,León,Sucursal Centro,Tarjeta de Débito
3162,2024-04-28,Rompecabezas,Juguetes,332.5,9,Mónica Ibáñez,Guadalajara,Sucursal Sur,Transferencia
3163,2025-08-02,Monitor,Electrónica,5035.5,15,Lucía Ramos,Monterrey,Sucursal Centro,Tarjeta de Débito
3164,2024-03-10,Muñeca,Juguetes,440.38,15,Carolina Castro,Mérida,Sucursal Norte,Efectivo
3165,2024-11-07,Labial,Belleza,174.97,16,Rebeca Campos,Mérida,Sucursal Centro,Transferencia
3166,2025-07-29,Carro de Juguete,Juguetes,241.76,1,Carolina Castro,Tijuana,Sucursal Centro,Transferencia
3167,2025-12-20,Perfume,Belleza,845.57,4,Carlos López,Tijuana,Sucursal Centro,Efectivo
3168,2025-12-23,Detergente,Hogar,73.31,4,Daniela Herrera,Ciudad de México,Sucursal Sur,Efectivo
3169,2025-06-15,Muñeca,Juguetes,470.38,13,Carolina Castro,León,Sucursal Centro,Tarjeta de Crédito
3170,2024-03-18,Mouse,Electrónica,256.47,9,Andrés Vargas,León,Sucursal Norte,Tarjeta de Crédito
3171,2025-04-04,Esmalte,Belleza,84.28,19,Sergio Gutiérrez,Monterrey,Sucursal Centro,Tarjeta de Débito
3172,2024-04-04,Toalla,Hogar,221.93,13,Manuel Bravo,Mérida,Sucursal Centro,Tarjeta de Débito
3173,2024-10-03,Bloques Didácticos,Juguetes,143.42,3,Sandra Peña,Puebla,Sucursal Centro,Efectivo
3174,2024-01-22,Labial,Belleza,184.62,16,Carlos López,Ciudad de México,Sucursal Norte,Tarjeta de Crédito
3175,2025-04-25,Guantes de Box,Deportes,493.7,6,Verónica Aguilar,Tijuana,Sucursal Norte,Tarjeta de Débito
3176,2025-05-01,Agua,Alimentos,24.71,19,Ignacio Miranda,Ciudad de México,Sucursal Sur,Transferencia
3177,2024-03-03,Galletas,Alimentos,39.81,2,Alejandra Morales,Tijuana,Sucursal Norte,Efectivo
3178,2025-05-03,Pantalón,Ropa,381.13,4,Adriana Molina,Guadalajara,Sucursal Norte,Tarjeta de Crédito
3179,2025-11-29,Pantalón,Ropa,628.28,13,Alberto Varela,León,Sucursal Norte,Transferencia
3180,2025-01-13,Tijeras,Papelería,57.08,20,Carlos López,Tijuana,Sucursal Centro,Tarjeta de Crédito
3181,2025-12-31,Muñeca,Juguetes,536.58,14,Pablo Álvarez,León,Sucursal Norte,Tarjeta de Crédito
3182,2024-09-11,Carro de Juguete,Juguetes,203.48,14,Miguel González,Ciudad de México,Sucursal Centro,Transferencia
3183,2025-06-24,Carro de Juguete,Juguetes,477.62,1,Sofía Pérez,Tijuana,Sucursal Norte,Efectivo
3184,2024-01-04,Zapatos Deportivos,Deportes,2009.55,2,Alejandra Morales,Guadalajara,Sucursal Norte,Tarjeta de Débito
3185,2024-08-17,Cuaderno,Papelería,77.33,15,Sandra Peña,Tijuana,Sucursal Norte,Tarjeta de Crédito
3186,2024-06-20,Chocolate,Alimentos,92.96,1,Patricia Muñoz,Ciudad de México,Sucursal Centro,Efectivo
3187,2024-05-24,Chocolate,Alimentos,98.56,1,Miguel González,León,Sucursal Norte,Efectivo
3188,2024-03-22,Auriculares,Electrónica,811.73,2,Eduardo Jiménez,León,Sucursal Norte,Efectivo
3189,2024-10-02,Tijeras,Papelería,42.97,20,Eduardo Jiménez,Puebla,Sucursal Norte,Tarjeta de Débito
3190,2024-08-14,Colchoneta,Deportes,630.8,6,Héctor Soto,Tijuana,Sucursal Centro,Efectivo
3191,2025-12-26,Gorra,Ropa,183.31,20,Isabel Ramírez,León,Sucursal Norte,Tarjeta de Débito
3192,2024-12-22,Rompecabezas,Juguetes,201.39,6,Héctor Soto,Mérida,Sucursal Centro,Efectivo
3193,2024-09-26,Camiseta,Ropa,228.95,18,Paola Mendoza,León,Sucursal Centro,Transferencia
3194,2025-09-16,Shampoo,Belleza,98.04,16,Marco Sánchez,Monterrey,Sucursal Sur,Efectivo
3195,2024-08-31,Galletas,Alimentos,36.71,7,Laura Hernández,León,Sucursal Centro,Tarjeta de Débito
3196,2025-11-02,Galletas,Alimentos,42.23,12,Laura Hernández,Monterrey,Sucursal Norte,Tarjeta de Crédito
3197,2024-07-19,Muñeca,Juguetes,243.96,11,Beatriz Rojas,León,Sucursal Centro,Transferencia
3198,2024-09-06,Café,Alimentos,205.59,10,Tomás Vega,León,Sucursal Centro,Efectivo
3199,2025-02-19,Labial,Belleza,72.09,19,Jorge Romero,Guadalajara,Sucursal Norte,Tarjeta de Débito
3200,2025-08-17,Mouse,Electrónica,424.85,14,Miguel González,Mérida,Sucursal Norte,Transferencia
3201,2024-02-11,Cargador,Electrónica,301.25,12,Diego Cabrera,Guadalajara,Sucursal Sur,Tarjeta de Débito
3202,2025-02-28,Cargador,Electrónica,275.38,9,Camila Díaz,Ciudad de México,Sucursal Norte,Tarjeta de Crédito
3203,2025-07-26,Crema Facial,Belleza,373.74,14,Pablo Álvarez,Mérida,Sucursal Norte,Tarjeta de Crédito
3204,2025-09-12,Almohada,Hogar,316.8,4,Ana García,Monterrey,Sucursal Norte,Efectivo
3205,2025-06-22,Agua,Alimentos,36.41,6,Héctor Soto,Ciudad de México,Sucursal Norte,Transferencia
3206,2025-08-03,Pantalón,Ropa,392.52,16,Pablo Álvarez,Puebla,Sucursal Norte,Tarjeta de Débito
3207,2025-11-20,Muñeca,Juguetes,223.19,16,Paola Mendoza,Mérida,Sucursal Centro,Tarjeta de Débito
3208,2025-02-05,Rompecabezas,Juguetes,366.01,10,Fernanda Luna,Puebla,Sucursal Norte,Efectivo
3209,2024-02-06,Esmalte,Belleza,95.86,1,Patricia Muñoz,León,Sucursal Centro,Efectivo
3210,2025-09-27,Colchoneta,Deportes,402.68,1,Manuel Bravo,Monterrey,Sucursal Sur,Tarjeta de Débito
3211,2025-12-26,Crema Facial,Belleza,164.06,8,María Martínez,Puebla,Sucursal Norte,Tarjeta de Débito
3212,2024-09-05,Cargador,Electrónica,337.96,7,Sofía Pérez,Puebla,Sucursal Centro,Efectivo
3213,2024-11-13,Sudadera,Ropa,547.48,15,Renata Suárez,Guadalajara,Sucursal Centro,Efectivo
3214,2024-04-17,Guantes de Box,Deportes,767.38,15,Julio Cortez,Puebla,Sucursal Centro,Tarjeta de Crédito
3215,2024-05-20,Cargador,Electrónica,254.66,1,Carlos López,León,Sucursal Norte,Efectivo
3216,2024-06-27,Folder,Papelería,54.64,6,Manuel Bravo,Tijuana,Sucursal Norte,Efectivo
3217,2025-07-15,Lámpara,Hogar,403.02,8,Eduardo Jiménez,Ciudad de México,Sucursal Sur,Efectivo
3218,2024-05-06,Zapatos Deportivos,Deportes,1428.59,5,Mónica Ibáñez,Guadalajara,Sucursal Centro,Transferencia
3219,2024-10-29,Mouse,Electrónica,296.92,15,Rosa Ávila,Tijuana,Sucursal Norte,Transferencia
3220,2025-10-13,Pelota de Fútbol,Deportes,413.61,20,Ana García,Mérida,Sucursal Centro,Efectivo
3221,2025-05-30,Rompecabezas,Juguetes,385.13,5,Laura Hernández,León,Sucursal Norte,Efectivo
3222,2024-11-20,Bolígrafo,Papelería,41.46,6,Camila Díaz,Guadalajara,Sucursal Centro,Tarjeta de Crédito
3223,2024-06-04,Detergente,Hogar,68.5,19,José Rodríguez,León,Sucursal Centro,Tarjeta de Crédito
3224,2025-06-22,Perfume,Belleza,359.88,19,Camila Díaz,Ciudad de México,Sucursal Norte,Tarjeta de Crédito
3225,2025-07-13,Auriculares,Electrónica,1247.01,15,Mónica Ibáñez,Ciudad de México,Sucursal Centro,Efectivo
3226,2025-07-05,Rompecabezas,Juguetes,198.79,13,Diego Cabrera,Guadalajara,Sucursal Centro,Transferencia
3227,2024-01-21,Sudadera,Ropa,432.15,10,Camila Díaz,León,Sucursal Centro,Efectivo
3228,2025-07-05,Detergente,Hogar,71.6,18,Carolina Castro,León,Sucursal Norte,Efectivo
3229,2024-07-07,Monitor,Electrónica,3200.55,17,Ximena Paredes,Monterrey,Sucursal Centro,Tarjeta de Débito
3230,2025-07-15,Folder,Papelería,59.28,2,Patricia Muñoz,Guadalajara,Sucursal Sur,Tarjeta de Crédito
3231,2024-05-09,Calcetines,Ropa,55.86,13,Víctor Salinas,Ciudad de México,Sucursal Norte,Tarjeta de Débito
3232,2025-11-25,Perfume,Belleza,764.12,15,Ricardo Castillo,Monterrey,Sucursal Centro,Tarjeta de Débito
3233,2025-01-05,Pelota de Fútbol,Deportes,462.27,10,Roberto Reyes,Tijuana,Sucursal Norte,Tarjeta de Débito
3234,2024-04-10,Labial,Belleza,161.22,19,Rosa Ávila,León,Sucursal Norte,Transferencia
3235,2025-08-14,Café,Alimentos,143.73,18,Alberto Varela,Monterrey,Sucursal Norte,Tarjeta de Débito
3236,2024-06-15,Jugo,Alimentos,33.67,10,Laura Hernández,Ciudad de México,Sucursal Norte,Tarjeta de Débito
3237,2025-06-20,Jugo,Alimentos,38.17,8,Ana García,Ciudad de México,Sucursal Sur,Transferencia
3238,2024-03-14,Camiseta,Ropa,276.43,1,Óscar Ríos,Monterrey,Sucursal Sur,Efectivo
3239,2024-01-01,Galletas,Alimentos,48.96,19,Guillermo León,Monterrey,Sucursal Centro,Efectivo
3240,2024-07-22,Zapatos Deportivos,Deportes,1423.45,5,Alberto Varela,Ciudad de México,Sucursal Sur,Efectivo
3241,2024-05-05,Guantes de Box,Deportes,1165.29,17,David Torres,Ciudad de México,Sucursal Centro,Tarjeta de Crédito
3242,2024-07-31,Guantes de Box,Deportes,666.78,13,Rebeca Campos,Ciudad de México,Sucursal Sur,Tarjeta de Crédito
3243,2024-01-13,Toalla,Hogar,238.84,2,Silvia Fuentes,Puebla,Sucursal Norte,Efectivo
3244,2024-09-29,Café,Alimentos,85.78,11,Ximena Paredes,Mérida,Sucursal Centro,Transferencia
3245,2024-06-21,Pantalón,Ropa,381.07,9,Gabriela Moreno,Guadalajara,Sucursal Centro,Tarjeta de Crédito
3246,2025-07-26,Café,Alimentos,158.16,5,Eduardo Jiménez,Mérida,Sucursal Centro,Efectivo
3247,2024-09-13,Auriculares,Electrónica,1501.58,15,Roberto Reyes,Tijuana,Sucursal Norte,Tarjeta de Débito
3248,2025-09-22,USB Flash Drive,Electrónica,186.44,12,Felipe Núñez,Ciudad de México,Sucursal Centro,Tarjeta de Débito
3249,2025-02-17,Perfume,Belleza,694.6,2,Tomás Vega,Guadalajara,Sucursal Norte,Efectivo
3250,2024-06-24,Folder,Papelería,34.62,2,Mónica Ibáñez,Guadalajara,Sucursal Sur,Tarjeta de Débito
3251,2024-02-04,Labial,Belleza,159.5,1,Ricardo Castillo,Monterrey,Sucursal Norte,Transferencia
3252,2025-10-18,Grapadora,Papelería,134.81,14,Carlos López,Monterrey,Sucursal Centro,Tarjeta de Crédito
3253,2025-03-24,Almohada,Hogar,182.88,2,Héctor Soto,Puebla,Sucursal Norte,Tarjeta de Débito
3254,2024-03-11,Colchoneta,Deportes,586.7,12,Ximena Paredes,Monterrey,Sucursal Sur,Tarjeta de Crédito
3255,2025-09-07,Mouse,Electrónica,377.36,2,Ximena Paredes,Puebla,Sucursal Centro,Tarjeta de Débito
3256,2024-01-29,Zapatos Deportivos,Deportes,1422.62,16,Adriana Molina,Guadalajara,Sucursal Norte,Efectivo
3257,2025-08-30,Bloques Didácticos,Juguetes,292.07,19,Rosa Ávila,León,Sucursal Norte,Efectivo
3258,2025-07-05,Shampoo,Belleza,93.53,3,Silvia Fuentes,Monterrey,Sucursal Norte,Tarjeta de Crédito
3259,2024-02-01,Lámpara,Hogar,408.07,10,Sebastián Fuentes,Mérida,Sucursal Norte,Transferencia
3260,2025-12-05,Cargador,Electrónica,351.51,5,Verónica Aguilar,Mérida,Sucursal Centro,Tarjeta de Crédito
3261,2024-12-15,Esmalte,Belleza,116.64,15,Rebeca Campos,Puebla,Sucursal Norte,Tarjeta de Crédito
3262,2025-04-01,Sudadera,Ropa,395.09,16,Adriana Molina,Ciudad de México,Sucursal Sur,Efectivo
3263,2024-08-17,Cargador,Electrónica,240.16,12,Mónica Ibáñez,Guadalajara,Sucursal Norte,Transferencia
3264,2025-09-04,Sudadera,Ropa,286.82,12,Beatriz Rojas,Guadalajara,Sucursal Norte,Transferencia
3265,2024-03-14,Colchoneta,Deportes,336.72,17,Carlos López,Guadalajara,Sucursal Norte,Tarjeta de Débito
3266,2024-09-14,Gorra,Ropa,131.4,11,Natalia Ruiz,León,Sucursal Norte,Efectivo
3267,2024-02-05,Esmalte,Belleza,35.7,14,Patricia Muñoz,Tijuana,Sucursal Norte,Tarjeta de Crédito
3268,2025-05-14,Guantes de Box,Deportes,457.58,4,Sofía Pérez,Mérida,Sucursal Norte,Transferencia
3269,2025-03-24,Camiseta,Ropa,386.29,14,Daniela Herrera,Mérida,Sucursal Norte,Transferencia
3270,2025-10-14,Detergente,Hogar,108.58,12,Valentina Cruz,León,Sucursal Norte,Tarjeta de Débito
3271,2025-05-24,Zapatos Deportivos,Deportes,1518.5,12,Silvia Fuentes,Puebla,Sucursal Centro,Transferencia
3272,2024-04-26,Detergente,Hogar,83.92,7,Rebeca Campos,Mérida,Sucursal Norte,Efectivo
3273,2025-12-13,Cargador,Electrónica,348.88,3,Arturo Navarro,Mérida,Sucursal Centro,Efectivo
3274,2025-11-03,Pantalón,Ropa,791.86,14,Arturo Navarro,Tijuana,Sucursal Norte,Efectivo
3275,2024-09-12,Cargador,Electrónica,286.82,10,Guillermo León,Tijuana,Sucursal Centro,Efectivo
3276,2025-06-21,Marcadores,Papelería,117.86,3,Natalia Ruiz,Tijuana,Sucursal Norte,Tarjeta de Crédito
3277,2025-07-13,Calcetines,Ropa,68.02,3,Marco Sánchez,León,Sucursal Centro,Tarjeta de Crédito
3278,2025-10-22,Bolígrafo,Papelería,10.11,10,Ramón Ortega,Ciudad de México,Sucursal Sur,Transferencia
3279,2024-07-10,Cuaderno,Papelería,111.66,13,Daniela Herrera,Tijuana,Sucursal Centro,Transferencia
3280,2024-04-28,Pelota de Fútbol,Deportes,409.22,19,Patricia Muñoz,Ciudad de México,Sucursal Centro,Tarjeta de Crédito
3281,2025-10-02,Toalla,Hogar,168.52,17,Rebeca Campos,Monterrey,Sucursal Norte,Efectivo
3282,2024-12-21,Lámpara,Hogar,771.25,11,María Martínez,Ciudad de México,Sucursal Centro,Efectivo
3283,2025-11-02,Folder,Papelería,40.09,19,Verónica Aguilar,Puebla,Sucursal Norte,Efectivo
3284,2024-05-10,Café,Alimentos,184.08,18,Felipe Núñez,Tijuana,Sucursal Norte,Efectivo
3285,2024-05-22,Colchoneta,Deportes,424.24,19,Manuel Bravo,León,Sucursal Norte,Transferencia
3286,2024-07-10,Bloques Didácticos,Juguetes,172.06,1,Natalia Ruiz,Mérida,Sucursal Norte,Tarjeta de Débito
3287,2025-09-14,Zapatos Deportivos,Deportes,801.3,7,Beatriz Rojas,Tijuana,Sucursal Norte,Transferencia
3288,2024-09-25,Chocolate,Alimentos,99.47,7,Óscar Ríos,Tijuana,Sucursal Norte,Efectivo
3289,2025-02-07,Gorra,Ropa,104.75,17,Arturo Navarro,Tijuana,Sucursal Centro,Tarjeta de Crédito
3290,2024-09-03,Guantes de Box,Deportes,560.9,9,Roberto Reyes,Monterrey,Sucursal Centro,Tarjeta de Débito
3291,2025-09-20,Auriculares,Electrónica,1443.06,9,Julio Cortez,Tijuana,Sucursal Norte,Transferencia
3292,2025-04-20,Camiseta,Ropa,243.46,10,Marco Sánchez,Guadalajara,Sucursal Norte,Tarjeta de Crédito
3293,2025-08-01,Muñeca,Juguetes,385.27,13,Óscar Ríos,Guadalajara,Sucursal Sur,Tarjeta de Crédito
3294,2025-05-17,Shampoo,Belleza,141.94,5,Diego Cabrera,Puebla,Sucursal Centro,Tarjeta de Crédito
3295,2024-06-08,Chocolate,Alimentos,65.59,18,Fernando Flores,Mérida,Sucursal Centro,Transferencia
3296,2024-04-13,Sudadera,Ropa,467.77,19,Manuel Bravo,Tijuana,Sucursal Centro,Transferencia
3297,2024-07-17,Camiseta,Ropa,357.71,19,Manuel Bravo,Guadalajara,Sucursal Norte,Tarjeta de Crédito
3298,2025-07-20,Agua,Alimentos,32.62,5,Renata Suárez,Tijuana,Sucursal Centro,Transferencia
3299,2024-08-22,Monitor,Electrónica,3933.46,14,Sandra Peña,Ciudad de México,Sucursal Centro,Tarjeta de Débito
3300,2024-04-01,Grapadora,Papelería,148.12,16,Alicia Ponce,Tijuana,Sucursal Centro,Tarjeta de Débito
3301,2024-02-27,Bolígrafo,Papelería,45.21,15,Manuel Bravo,Ciudad de México,Sucursal Sur,Efectivo
3302,2025-08-15,USB Flash Drive,Electrónica,164.75,11,Valentina Cruz,Mérida,Sucursal Norte,Tarjeta de Débito
3303,2025-04-26,Calcetines,Ropa,91.37,11,Sandra Peña,Guadalajara,Sucursal Centro,Transferencia
3304,2025-12-12,Chocolate,Alimentos,61.91,12,Alejandra Morales,Mérida,Sucursal Norte,Efectivo
3305,2024-08-20,Rompecabezas,Juguetes,355.99,19,Guillermo León,Ciudad de México,Sucursal Norte,Tarjeta de Crédito
3306,2025-11-05,Chocolate,Alimentos,52.88,10,Isabel Ramírez,Guadalajara,Sucursal Sur,Efectivo
3307,2024-10-02,Café,Alimentos,235.42,6,Lucía Ramos,Monterrey,Sucursal Sur,Efectivo
3308,2024-04-23,Bloques Didácticos,Juguetes,179.87,18,Sofía Pérez,León,Sucursal Centro,Efectivo
3309,2025-02-09,Colchoneta,Deportes,305.93,5,Fernando Flores,Guadalajara,Sucursal Sur,Tarjeta de Crédito
3310,2025-06-01,Sudadera,Ropa,251.1,19,Óscar Ríos,Ciudad de México,Sucursal Centro,Tarjeta de Débito
3311,2024-08-15,Zapatos Deportivos,Deportes,1214.86,14,Daniela Herrera,Puebla,Sucursal Norte,Transferencia
3312,2025-05-10,Auriculares,Electrónica,1126.58,9,Rosa Ávila,Puebla,Sucursal Centro,Tarjeta de Crédito
3313,2024-09-23,Agua,Alimentos,30.1,8,Adriana Molina,Ciudad de México,Sucursal Sur,Efectivo
3314,2024-12-30,Grapadora,Papelería,181.5,9,Miguel González,Mérida,Sucursal Centro,Efectivo
3315,2025-10-22,Guantes de Box,Deportes,1098.88,14,Gabriela Moreno,Tijuana,Sucursal Centro,Transferencia
3316,2024-04-25,Calcetines,Ropa,68.96,4,Mónica Ibáñez,Monterrey,Sucursal Sur,Tarjeta de Crédito
3317,2025-09-19,Tijeras,Papelería,40.54,2,Julio Cortez,Monterrey,Sucursal Sur,Efectivo
3318,2025-12-03,Mouse,Electrónica,257.95,8,Sandra Peña,Puebla,Sucursal Norte,Tarjeta de Crédito
3319,2025-03-18,Cargador,Electrónica,133.07,19,Luis Espinoza,Puebla,Sucursal Norte,Efectivo
3320,2024-12-29,Lámpara,Hogar,521.78,8,Ana García,Tijuana,Sucursal Norte,Transferencia
3321,2025-01-02,Mouse,Electrónica,354.58,15,Rosa Ávila,Tijuana,Sucursal Centro,Transferencia
3322,2025-10-04,Cargador,Electrónica,115.11,14,Pablo Álvarez,Ciudad de México,Sucursal Sur,Tarjeta de Débito
3323,2024-06-14,Sudadera,Ropa,511.08,8,Mariana Medina,León,Sucursal Centro,Transferencia
3324,2024-03-14,Almohada,Hogar,234.29,20,Julio Cortez,Ciudad de México,Sucursal Centro,Efectivo
3325,2025-01-13,Cargador,Electrónica,317.05,14,Sofía Pérez,Monterrey,Sucursal Sur,Tarjeta de Crédito
3326,2024-10-10,Camiseta,Ropa,174.28,15,Patricia Muñoz,Puebla,Sucursal Centro,Efectivo
3327,2025-09-30,Esmalte,Belleza,84.33,9,Sofía Pérez,Puebla,Sucursal Centro,Tarjeta de Crédito
3328,2025-03-24,Auriculares,Electrónica,902.03,15,Daniela Herrera,León,Sucursal Centro,Efectivo
3329,2025-01-16,Tijeras,Papelería,46.36,3,Beatriz Rojas,Puebla,Sucursal Norte,Tarjeta de Crédito
3330,2024-07-07,Shampoo,Belleza,86.56,10,Silvia Fuentes,Puebla,Sucursal Norte,Transferencia
3331,2025-01-15,Perfume,Belleza,877.72,15,Sergio Gutiérrez,Mérida,Sucursal Centro,Tarjeta de Crédito
3332,2025-08-29,Crema Facial,Belleza,182.13,14,Guillermo León,Mérida,Sucursal Norte,Transferencia
3333,2024-02-04,Carro de Juguete,Juguetes,326.86,2,María Martínez,Monterrey,Sucursal Norte,Efectivo
3334,2025-06-20,Detergente,Hogar,149.24,8,Manuel Bravo,Ciudad de México,Sucursal Norte,Tarjeta de Crédito
3335,2024-12-18,Agua,Alimentos,17.33,7,Carolina Castro,Mérida,Sucursal Centro,Efectivo
3336,2024-04-21,Laptop,Electrónica,15857.37,16,Cecilia Trujillo,Ciudad de México,Sucursal Sur,Efectivo
3337,2024-05-12,Carro de Juguete,Juguetes,398.41,12,Andrés Vargas,León,Sucursal Norte,Efectivo
3338,2024-11-20,Folder,Papelería,27.35,16,Arturo Navarro,Tijuana,Sucursal Centro,Efectivo
3339,2024-11-13,Café,Alimentos,114.27,10,Isabel Ramírez,Tijuana,Sucursal Norte,Tarjeta de Crédito
3340,2025-08-22,Pelota de Fútbol,Deportes,205.62,13,José Rodríguez,Guadalajara,Sucursal Centro,Tarjeta de Débito
3341,2025-04-19,Lámpara,Hogar,216.23,2,Rebeca Campos,Monterrey,Sucursal Centro,Efectivo
3342,2024-07-12,Bolígrafo,Papelería,32.46,19,Mariana Medina,Mérida,Sucursal Centro,Tarjeta de Débito
3343,2024-10-17,Agua,Alimentos,30.12,6,Eduardo Jiménez,Guadalajara,Sucursal Sur,Transferencia
3344,2024-01-29,Almohada,Hogar,387.26,11,Marco Sánchez,Ciudad de México,Sucursal Norte,Transferencia
3345,2024-11-01,Marcadores,Papelería,64.11,3,Guillermo León,Guadalajara,Sucursal Sur,Tarjeta de Débito
3346,2024-10-19,Perfume,Belleza,895.4,13,Ximena Paredes,Monterrey,Sucursal Sur,Tarjeta de Débito
3347,2024-03-22,Camiseta,Ropa,359.76,20,Miguel González,Tijuana,Sucursal Centro,Tarjeta de Débito
3348,2025-10-24,Gorra,Ropa,227.01,18,Valentina Cruz,León,Sucursal Centro,Tarjeta de Débito
3349,2025-10-09,Cuaderno,Papelería,101.58,15,Fernando Flores,Guadalajara,Sucursal Centro,Transferencia
3350,2024-12-31,Folder,Papelería,54.59,2,Alberto Varela,Ciudad de México,Sucursal Centro,Tarjeta de Crédito
3351,2024-01-02,Grapadora,Papelería,94.56,5,Isabel Ramírez,Puebla,Sucursal Norte,Tarjeta de Débito
3352,2025-03-23,Cargador,Electrónica,371.19,5,Ricardo Castillo,Tijuana,Sucursal Norte,Transferencia
3353,2024-01-15,Pelota de Fútbol,Deportes,279.63,17,Guillermo León,Mérida,Sucursal Norte,Efectivo
3354,2025-03-16,Agua,Alimentos,32.19,7,Valentina Cruz,Monterrey,Sucursal Norte,Efectivo
3355,2024-09-25,Pantalón,Ropa,453.48,17,Isabel Ramírez,Ciudad de México,Sucursal Norte,Tarjeta de Crédito
3356,2024-09-26,Agua,Alimentos,33.46,15,Felipe Núñez,Monterrey,Sucursal Centro,Tarjeta de Crédito
3357,2024-01-08,Labial,Belleza,142.54,7,Fernanda Luna,Tijuana,Sucursal Centro,Transferencia
3358,2024-11-04,Agua,Alimentos,22.65,1,Tomás Vega,Guadalajara,Sucursal Norte,Efectivo
3359,2025-08-13,Crema Facial,Belleza,365.12,16,Carlos López,Ciudad de México,Sucursal Norte,Tarjeta de Débito
3360,2025-11-02,Monitor,Electrónica,6847.63,3,David Torres,Puebla,Sucursal Centro,Tarjeta de Débito
3361,2024-12-10,Chocolate,Alimentos,42.47,1,Carlos López,Monterrey,Sucursal Sur,Efectivo
3362,2025-03-21,Chocolate,Alimentos,71.82,9,Gabriela Moreno,Guadalajara,Sucursal Norte,Tarjeta de Débito
3363,2024-09-02,Rompecabezas,Juguetes,366.83,10,Natalia Ruiz,Monterrey,Sucursal Sur,Tarjeta de Crédito
3364,2025-03-12,Lámpara,Hogar,378.13,3,Alicia Ponce,León,Sucursal Centro,Efectivo
3365,2025-05-25,Grapadora,Papelería,117.12,7,Alberto Varela,Ciudad de México,Sucursal Centro,Tarjeta de Débito
3366,2024-08-08,Cargador,Electrónica,384.23,9,Sebastián Fuentes,Puebla,Sucursal Centro,Tarjeta de Crédito
3367,2025-12-24,Muñeca,Juguetes,574.02,14,Adriana Molina,Monterrey,Sucursal Norte,Tarjeta de Crédito
3368,2025-03-06,Esmalte,Belleza,106.73,12,Alejandra Morales,Guadalajara,Sucursal Centro,Efectivo
3369,2024-11-29,Zapatos Deportivos,Deportes,1721.62,1,Óscar Ríos,León,Sucursal Centro,Tarjeta de Débito
3370,2024-01-01,Gorra,Ropa,110.43,10,Diego Cabrera,Mérida,Sucursal Norte,Transferencia
3371,2024-04-26,Almohada,Hogar,363.31,12,Patricia Muñoz,Mérida,Sucursal Norte,Efectivo
3372,2025-12-10,Toalla,Hogar,106.29,3,Camila Díaz,Puebla,Sucursal Norte,Tarjeta de Crédito
3373,2024-10-28,Folder,Papelería,24.84,6,Andrés Vargas,León,Sucursal Norte,Transferencia
3374,2025-03-05,Cuaderno,Papelería,97.89,18,David Torres,León,Sucursal Centro,Tarjeta de Débito
3375,2025-08-09,Guantes de Box,Deportes,624.8,16,Patricia Muñoz,Mérida,Sucursal Norte,Tarjeta de Crédito
3376,2024-05-05,Bloques Didácticos,Juguetes,245.61,2,Camila Díaz,Mérida,Sucursal Centro,Tarjeta de Débito
3377,2024-04-01,Perfume,Belleza,494.64,17,Ximena Paredes,Mérida,Sucursal Centro,Tarjeta de Crédito
3378,2025-10-02,Sudadera,Ropa,354.52,17,Carlos López,Guadalajara,Sucursal Norte,Efectivo
3379,2024-01-09,Mouse,Electrónica,477.97,3,José Rodríguez,Mérida,Sucursal Norte,Efectivo
3380,2025-11-03,Colchoneta,Deportes,451.46,13,Rebeca Campos,León,Sucursal Centro,Efectivo
3381,2024-02-22,Zapatos Deportivos,Deportes,1277.73,10,Ana García,Puebla,Sucursal Norte,Tarjeta de Crédito
3382,2024-09-16,Shampoo,Belleza,128.78,17,Valentina Cruz,Mérida,Sucursal Norte,Transferencia
3383,2025-10-10,Shampoo,Belleza,99.36,11,Rosa Ávila,León,Sucursal Centro,Tarjeta de Crédito
3384,2024-08-08,Detergente,Hogar,149.16,18,Natalia Ruiz,León,Sucursal Norte,Efectivo
3385,2025-06-08,Lámpara,Hogar,598.15,4,María Martínez,Ciudad de México,Sucursal Sur,Transferencia
3386,2024-08-29,Esmalte,Belleza,88.41,20,Renata Suárez,Ciudad de México,Sucursal Norte,Tarjeta de Crédito
3387,2025-07-24,Calcetines,Ropa,87.63,14,Ignacio Miranda,Mérida,Sucursal Norte,Tarjeta de Débito
3388,2024-02-13,Sudadera,Ropa,470.48,2,Sebastián Fuentes,Tijuana,Sucursal Centro,Tarjeta de Débito
3389,2024-03-19,Folder,Papelería,20.35,9,Alicia Ponce,Tijuana,Sucursal Norte,Efectivo
3390,2025-07-03,Bolígrafo,Papelería,47.21,14,Diego Cabrera,Monterrey,Sucursal Norte,Tarjeta de Débito
3391,2024-12-31,Zapatos Deportivos,Deportes,1788.57,7,Julio Cortez,Mérida,Sucursal Norte,Tarjeta de Débito
3392,2024-01-25,Chocolate,Alimentos,38.58,10,Alicia Ponce,León,Sucursal Norte,Tarjeta de Débito
3393,2024-08-04,Mouse,Electrónica,444.5,3,Enrique Guerrero,Tijuana,Sucursal Centro,Tarjeta de Débito
3394,2025-09-09,Teclado,Electrónica,411.66,7,Ricardo Castillo,Mérida,Sucursal Norte,Tarjeta de Crédito
3395,2024-03-25,Muñeca,Juguetes,463.33,14,Ximena Paredes,Mérida,Sucursal Norte,Efectivo
3396,2024-05-21,Bolígrafo,Papelería,32.93,11,Rebeca Campos,Mérida,Sucursal Centro,Efectivo
3397,2024-09-04,Folder,Papelería,34.47,8,Gabriela Moreno,Mérida,Sucursal Norte,Tarjeta de Débito
3398,2025-09-14,Pantalón,Ropa,639.49,13,Marco Sánchez,Ciudad de México,Sucursal Centro,Transferencia
3399,2024-11-14,Toalla,Hogar,234.81,1,Fernanda Luna,Mérida,Sucursal Norte,Tarjeta de Crédito
3400,2025-04-14,Grapadora,Papelería,103.77,16,Fernando Flores,Mérida,Sucursal Centro,Efectivo
3401,2024-09-03,Detergente,Hogar,106.18,5,Mónica Ibáñez,Ciudad de México,Sucursal Norte,Efectivo
3402,2025-04-15,Cargador,Electrónica,129.01,16,Sofía Pérez,Guadalajara,Sucursal Centro,Tarjeta de Crédito
3403,2025-05-27,Folder,Papelería,21.9,7,Sandra Peña,Tijuana,Sucursal Norte,Efectivo
3404,2024-09-18,Carro de Juguete,Juguetes,281.47,12,David Torres,Guadalajara,Sucursal Norte,Tarjeta de Débito
3405,2025-12-12,Cuaderno,Papelería,38.13,14,Alicia Ponce,Monterrey,Sucursal Sur,Tarjeta de Débito
3406,2024-07-22,Lámpara,Hogar,256.76,13,Verónica Aguilar,Puebla,Sucursal Norte,Efectivo
3407,2025-06-24,Folder,Papelería,51.05,16,Alejandra Morales,Monterrey,Sucursal Norte,Tarjeta de Crédito
3408,2025-02-08,Rompecabezas,Juguetes,168.8,17,Sandra Peña,Tijuana,Sucursal Centro,Transferencia
3409,2025-10-26,Café,Alimentos,81.42,14,Lucía Ramos,Guadalajara,Sucursal Norte,Transferencia
3410,2024-01-26,Camiseta,Ropa,185.61,4,Andrés Vargas,León,Sucursal Norte,Efectivo
3411,2024-01-09,Monitor,Electrónica,3055.17,8,Enrique Guerrero,Guadalajara,Sucursal Norte,Transferencia
3412,2025-03-04,Muñeca,Juguetes,364.28,9,Natalia Ruiz,Puebla,Sucursal Norte,Tarjeta de Crédito
3413,2025-04-14,Pelota de Fútbol,Deportes,565.12,14,Pablo Álvarez,León,Sucursal Norte,Transferencia
3414,2025-05-28,Rompecabezas,Juguetes,356.74,17,Isabel Ramírez,Puebla,Sucursal Centro,Tarjeta de Débito
3415,2024-05-14,Crema Facial,Belleza,304.45,16,Enrique Guerrero,Tijuana,Sucursal Norte,Tarjeta de Crédito
3416,2024-05-11,Colchoneta,Deportes,643.23,13,Sandra Peña,Monterrey,Sucursal Sur,Tarjeta de Débito
3417,2024-07-11,Detergente,Hogar,63.85,14,Ricardo Castillo,Tijuana,Sucursal Centro,Transferencia
3418,2024-05-14,Marcadores,Papelería,70.76,20,Rebeca Campos,Tijuana,Sucursal Centro,Tarjeta de Débito
3419,2025-04-16,Rompecabezas,Juguetes,188.2,6,Óscar Ríos,León,Sucursal Centro,Tarjeta de Débito
3420,2024-03-13,Colchoneta,Deportes,501.38,6,Rebeca Campos,Mérida,Sucursal Centro,Efectivo
3421,2024-04-12,Mouse,Electrónica,341.59,9,Luis Espinoza,Puebla,Sucursal Norte,Tarjeta de Crédito
3422,2024-10-07,Jugo,Alimentos,56.99,14,Alberto Varela,León,Sucursal Norte,Tarjeta de Débito
3423,2025-01-02,Crema Facial,Belleza,351.61,19,Fernanda Luna,Mérida,Sucursal Norte,Transferencia
3424,2024-01-14,Mouse,Electrónica,217.68,1,Silvia Fuentes,Guadalajara,Sucursal Centro,Tarjeta de Crédito
3425,2024-09-15,Jugo,Alimentos,58.39,10,Carolina Castro,Tijuana,Sucursal Norte,Tarjeta de Débito
3426,2025-01-25,Grapadora,Papelería,92.94,19,Alberto Varela,Guadalajara,Sucursal Centro,Efectivo
3427,2025-09-27,Agua,Alimentos,24.83,4,David Torres,Ciudad de México,Sucursal Centro,Tarjeta de Crédito
3428,2025-05-12,Crema Facial,Belleza,440.8,17,Felipe Núñez,Monterrey,Sucursal Sur,Transferencia
3429,2024-11-26,Sudadera,Ropa,255.02,19,Felipe Núñez,Guadalajara,Sucursal Centro,Transferencia
3430,2024-06-02,Sudadera,Ropa,538.53,13,Pablo Álvarez,Monterrey,Sucursal Sur,Efectivo
3431,2024-12-12,Gorra,Ropa,148.38,17,Isabel Ramírez,Puebla,Sucursal Centro,Efectivo
3432,2025-04-30,Lámpara,Hogar,740.33,2,Mariana Medina,Ciudad de México,Sucursal Sur,Transferencia
3433,2025-09-24,Bolígrafo,Papelería,29.08,11,Sergio Gutiérrez,Guadalajara,Sucursal Sur,Tarjeta de Crédito
3434,2024-02-10,Rompecabezas,Juguetes,255.77,19,Sebastián Fuentes,Guadalajara,Sucursal Norte,Efectivo
3435,2024-12-24,Sudadera,Ropa,549.42,3,Sandra Peña,Mérida,Sucursal Norte,Tarjeta de Crédito
3436,2025-12-26,Gorra,Ropa,173.64,13,David Torres,Monterrey,Sucursal Centro,Transferencia
3437,2024-05-04,Folder,Papelería,42.38,17,Ricardo Castillo,Ciudad de México,Sucursal Centro,Tarjeta de Crédito
3438,2024-05-31,Gorra,Ropa,107.44,12,Mónica Ibáñez,Guadalajara,Sucursal Sur,Tarjeta de Crédito
3439,2025-03-07,Guantes de Box,Deportes,928.93,1,Tomás Vega,Tijuana,Sucursal Centro,Tarjeta de Débito
3440,2024-01-09,Galletas,Alimentos,37.14,5,Alberto Varela,Tijuana,Sucursal Centro,Tarjeta de Crédito
3441,2025-09-29,Carro de Juguete,Juguetes,202.88,1,Héctor Soto,Guadalajara,Sucursal Norte,Tarjeta de Crédito
3442,2025-03-22,USB Flash Drive,Electrónica,160.7,18,Patricia Muñoz,Monterrey,Sucursal Centro,Tarjeta de Débito
3443,2025-04-28,Lámpara,Hogar,474.66,12,Miguel González,León,Sucursal Norte,Transferencia
3444,2025-07-27,Folder,Papelería,49.92,16,Sofía Pérez,Puebla,Sucursal Norte,Efectivo
3445,2025-04-27,Marcadores,Papelería,46.43,5,Beatriz Rojas,Mérida,Sucursal Norte,Efectivo
3446,2025-11-05,Rompecabezas,Juguetes,338.9,18,María Martínez,Tijuana,Sucursal Norte,Tarjeta de Débito
3447,2025-09-14,Gorra,Ropa,165.91,17,Sandra Peña,León,Sucursal Norte,Tarjeta de Débito
3448,2024-06-19,Lámpara,Hogar,642.54,18,Laura Hernández,Mérida,Sucursal Norte,Tarjeta de Débito
3449,2024-12-28,Almohada,Hogar,323.82,18,Eduardo Jiménez,Mérida,Sucursal Norte,Tarjeta de Crédito
3450,2025-07-18,Pelota de Fútbol,Deportes,364.31,6,Gabriela Moreno,Puebla,Sucursal Centro,Transferencia
3451,2024-02-22,Sudadera,Ropa,554.06,9,Arturo Navarro,Tijuana,Sucursal Norte,Efectivo
3452,2024-12-17,Carro de Juguete,Juguetes,338.6,19,David Torres,Ciudad de México,Sucursal Centro,Transferencia
3453,2024-09-14,Lámpara,Hogar,736.8,6,Silvia Fuentes,Tijuana,Sucursal Norte,Efectivo
3454,2025-10-03,Perfume,Belleza,341.82,10,Cecilia Trujillo,León,Sucursal Centro,Transferencia
3455,2024-03-02,Shampoo,Belleza,140.48,17,Elena Delgado,Guadalajara,Sucursal Norte,Transferencia
3456,2024-12-08,Monitor,Electrónica,5476.18,8,Andrés Vargas,Mérida,Sucursal Centro,Transferencia
3457,2024-09-20,USB Flash Drive,Electrónica,205.24,16,Ana García,León,Sucursal Centro,Efectivo
3458,2025-04-07,Gorra,Ropa,130.78,8,Sofía Pérez,Tijuana,Sucursal Centro,Tarjeta de Débito
3459,2025-08-30,Bloques Didácticos,Juguetes,267.84,8,Sofía Pérez,Ciudad de México,Sucursal Sur,Tarjeta de Crédito
3460,2024-07-22,Pelota de Fútbol,Deportes,482.0,20,Arturo Navarro,Tijuana,Sucursal Centro,Efectivo
3461,2024-04-21,Café,Alimentos,115.07,11,Sergio Gutiérrez,Ciudad de México,Sucursal Centro,Tarjeta de Crédito
3462,2024-12-18,Toalla,Hogar,234.61,7,Guillermo León,Tijuana,Sucursal Centro,Efectivo
3463,2024-09-07,Shampoo,Belleza,123.94,9,Arturo Navarro,Ciudad de México,Sucursal Norte,Tarjeta de Crédito
3464,2024-11-30,Marcadores,Papelería,53.92,7,Luis Espinoza,León,Sucursal Centro,Tarjeta de Crédito
3465,2024-09-29,Rompecabezas,Juguetes,374.35,11,Eduardo Jiménez,Tijuana,Sucursal Norte,Tarjeta de Débito
3466,2024-04-30,Pantalón,Ropa,691.83,13,Lucía Ramos,Tijuana,Sucursal Centro,Tarjeta de Débito
3467,2024-08-16,Rompecabezas,Juguetes,355.0,1,Carlos López,Mérida,Sucursal Centro,Tarjeta de Crédito
3468,2024-02-18,Almohada,Hogar,291.09,15,Sebastián Fuentes,Mérida,Sucursal Centro,Transferencia
3469,2024-06-20,Shampoo,Belleza,141.23,16,David Torres,León,Sucursal Norte,Tarjeta de Crédito
3470,2024-11-14,Cargador,Electrónica,255.38,9,Héctor Soto,Guadalajara,Sucursal Sur,Tarjeta de Crédito
3471,2024-02-22,Crema Facial,Belleza,209.71,18,Felipe Núñez,Ciudad de México,Sucursal Sur,Transferencia
3472,2025-09-14,Detergente,Hogar,98.23,16,Pablo Álvarez,Mérida,Sucursal Centro,Tarjeta de Crédito
3473,2025-09-08,Folder,Papelería,51.2,10,Guillermo León,Monterrey,Sucursal Sur,Tarjeta de Crédito
3474,2024-12-27,Monitor,Electrónica,4142.9,19,Eduardo Jiménez,Ciudad de México,Sucursal Norte,Transferencia
3475,2025-11-09,Pelota de Fútbol,Deportes,526.9,14,Ana García,Puebla,Sucursal Centro,Tarjeta de Débito
3476,2025-05-07,Toalla,Hogar,240.37,16,Carolina Castro,Tijuana,Sucursal Norte,Tarjeta de Débito
3477,2025-03-27,Bloques Didácticos,Juguetes,320.49,8,Rebeca Campos,Ciudad de México,Sucursal Norte,Tarjeta de Crédito
3478,2024-02-10,Camiseta,Ropa,197.69,5,Rosa Ávila,León,Sucursal Norte,Efectivo
3479,2024-04-25,Teclado,Electrónica,742.17,8,Marco Sánchez,Monterrey,Sucursal Sur,Tarjeta de Crédito
3480,2024-05-17,Toalla,Hogar,130.15,7,Eduardo Jiménez,Mérida,Sucursal Norte,Efectivo
3481,2025-02-26,Detergente,Hogar,82.05,9,Silvia Fuentes,Tijuana,Sucursal Centro,Tarjeta de Crédito
3482,2025-06-21,Muñeca,Juguetes,517.18,18,Ricardo Castillo,Guadalajara,Sucursal Norte,Transferencia
3483,2024-09-21,Lámpara,Hogar,757.72,20,Isabel Ramírez,Puebla,Sucursal Centro,Transferencia
3484,2025-03-29,Carro de Juguete,Juguetes,217.0,1,Cecilia Trujillo,Puebla,Sucursal Centro,Transferencia
3485,2024-09-02,Galletas,Alimentos,61.2,11,Diego Cabrera,Mérida,Sucursal Centro,Transferencia
3486,2024-04-10,Labial,Belleza,198.48,17,Fernando Flores,Mérida,Sucursal Norte,Tarjeta de Crédito
3487,2025-02-03,Grapadora,Papelería,174.24,10,José Rodríguez,León,Sucursal Norte,Tarjeta de Débito
3488,2025-11-28,Cargador,Electrónica,247.05,2,Julio Cortez,León,Sucursal Centro,Efectivo
3489,2024-04-28,Camiseta,Ropa,181.56,16,Verónica Aguilar,Guadalajara,Sucursal Centro,Efectivo
3490,2024-06-10,Rompecabezas,Juguetes,271.89,10,Alberto Varela,León,Sucursal Centro,Tarjeta de Crédito
3491,2025-09-27,Guantes de Box,Deportes,438.49,14,Cecilia Trujillo,Mérida,Sucursal Norte,Efectivo
3492,2025-09-13,Folder,Papelería,28.37,13,Eduardo Jiménez,Mérida,Sucursal Centro,Transferencia
3493,2024-04-16,Camiseta,Ropa,371.28,11,Fernando Flores,Ciudad de México,Sucursal Centro,Efectivo
3494,2025-09-17,Grapadora,Papelería,142.56,18,Elena Delgado,León,Sucursal Centro,Tarjeta de Débito
3495,2025-08-08,Tijeras,Papelería,78.92,3,Adriana Molina,Mérida,Sucursal Centro,Efectivo
3496,2024-10-31,Laptop,Electrónica,15784.03,2,Gabriela Moreno,Tijuana,Sucursal Norte,Transferencia
3497,2025-04-06,Rompecabezas,Juguetes,324.98,3,Andrés Vargas,Mérida,Sucursal Norte,Tarjeta de Crédito
3498,2025-01-18,Shampoo,Belleza,94.13,16,Camila Díaz,León,Sucursal Norte,Efectivo
3499,2025-05-11,Tijeras,Papelería,55.62,16,Arturo Navarro,Monterrey,Sucursal Sur,Tarjeta de Débito
3500,2025-06-08,Lámpara,Hogar,725.02,13,Daniela Herrera,Puebla,Sucursal Centro,Transferencia
3501,2025-04-11,USB Flash Drive,Electrónica,226.29,11,Víctor Salinas,Guadalajara,Sucursal Sur,Efectivo
3502,2025-09-27,Gorra,Ropa,178.04,20,Daniela Herrera,Ciudad de México,Sucursal Sur,Tarjeta de Crédito
3503,2024-03-06,Jugo,Alimentos,39.8,9,Guillermo León,Tijuana,Sucursal Centro,Efectivo
3504,2025-07-20,Lámpara,Hogar,268.21,13,Ricardo Castillo,León,Sucursal Centro,Transferencia
3505,2024-09-01,Rompecabezas,Juguetes,257.62,9,Sebastián Fuentes,Tijuana,Sucursal Centro,Transferencia
3506,2024-01-16,Chocolate,Alimentos,82.88,14,Alberto Varela,Mérida,Sucursal Norte,Efectivo
3507,2025-11-17,Pelota de Fútbol,Deportes,210.28,15,Daniela Herrera,Guadalajara,Sucursal Sur,Transferencia
3508,2024-03-27,Esmalte,Belleza,109.83,4,Luis Espinoza,Puebla,Sucursal Norte,Tarjeta de Crédito
3509,2025-07-23,Auriculares,Electrónica,488.03,16,Fernando Flores,Tijuana,Sucursal Norte,Efectivo
3510,2025-07-15,Mouse,Electrónica,222.37,9,Cecilia Trujillo,León,Sucursal Centro,Transferencia
3511,2024-11-13,Grapadora,Papelería,107.96,19,Roberto Reyes,Ciudad de México,Sucursal Centro,Tarjeta de Crédito
3512,2024-09-16,Shampoo,Belleza,85.46,2,Alberto Varela,Monterrey,Sucursal Centro,Transferencia
3513,2024-12-15,Muñeca,Juguetes,356.19,12,Víctor Salinas,Puebla,Sucursal Norte,Transferencia
3514,2024-03-04,Carro de Juguete,Juguetes,291.58,4,Marco Sánchez,Ciudad de México,Sucursal Sur,Tarjeta de Crédito
3515,2024-10-18,Folder,Papelería,23.6,5,Ximena Paredes,León,Sucursal Norte,Tarjeta de Débito
3516,2024-10-20,Cargador,Electrónica,308.1,10,Jorge Romero,León,Sucursal Centro,Tarjeta de Crédito
3517,2025-06-24,Monitor,Electrónica,5490.13,6,Mariana Medina,Mérida,Sucursal Centro,Efectivo
3518,2025-06-07,Crema Facial,Belleza,328.11,2,Sofía Pérez,Guadalajara,Sucursal Sur,Efectivo
3519,2025-11-03,Detergente,Hogar,74.78,15,Adriana Molina,Puebla,Sucursal Centro,Transferencia
3520,2024-04-23,Cuaderno,Papelería,102.77,9,Fernando Flores,Guadalajara,Sucursal Sur,Tarjeta de Débito
3521,2024-03-16,Calcetines,Ropa,88.01,17,Fernanda Luna,Guadalajara,Sucursal Centro,Efectivo
3522,2025-07-18,Gorra,Ropa,166.69,2,Héctor Soto,Puebla,Sucursal Centro,Tarjeta de Crédito
3523,2024-12-02,Lámpara,Hogar,490.98,16,Isabel Ramírez,Guadalajara,Sucursal Sur,Efectivo
3524,2025-05-24,Pantalón,Ropa,439.54,12,Miguel González,Tijuana,Sucursal Norte,Tarjeta de Débito
3525,2025-09-06,Agua,Alimentos,34.48,18,Mónica Ibáñez,Ciudad de México,Sucursal Norte,Tarjeta de Crédito
3526,2025-09-16,Esmalte,Belleza,75.65,17,Ricardo Castillo,Tijuana,Sucursal Centro,Tarjeta de Débito
3527,2025-12-21,Toalla,Hogar,130.11,9,Ramón Ortega,Puebla,Sucursal Norte,Transferencia
3528,2025-08-19,Jugo,Alimentos,25.38,6,Roberto Reyes,León,Sucursal Centro,Efectivo
3529,2024-05-20,Bolígrafo,Papelería,44.01,11,Jorge Romero,Tijuana,Sucursal Norte,Efectivo
3530,2025-07-20,Jugo,Alimentos,41.97,20,Silvia Fuentes,León,Sucursal Centro,Tarjeta de Crédito
3531,2025-12-23,Muñeca,Juguetes,537.05,16,Ana García,Monterrey,Sucursal Norte,Transferencia
3532,2025-04-25,Almohada,Hogar,177.18,19,Valentina Cruz,Guadalajara,Sucursal Sur,Tarjeta de Débito
3533,2025-05-18,Lámpara,Hogar,565.41,14,Eduardo Jiménez,Ciudad de México,Sucursal Sur,Efectivo
3534,2025-06-06,Carro de Juguete,Juguetes,189.54,6,Sofía Pérez,León,Sucursal Centro,Tarjeta de Débito
3535,2025-05-24,Lámpara,Hogar,722.62,5,Sandra Peña,Mérida,Sucursal Norte,Tarjeta de Crédito
3536,2025-01-26,Folder,Papelería,53.1,9,Alicia Ponce,Monterrey,Sucursal Centro,Efectivo
3537,2024-08-26,Muñeca,Juguetes,564.62,20,Marco Sánchez,Guadalajara,Sucursal Sur,Tarjeta de Crédito
3538,2025-07-12,Bolígrafo,Papelería,10.09,15,Paola Mendoza,Monterrey,Sucursal Centro,Efectivo
3539,2025-04-19,Gorra,Ropa,179.48,3,Elena Delgado,Puebla,Sucursal Norte,Transferencia
3540,2024-08-01,Guantes de Box,Deportes,476.24,19,Héctor Soto,Ciudad de México,Sucursal Sur,Tarjeta de Crédito
3541,2024-05-24,Agua,Alimentos,33.2,8,Jorge Romero,León,Sucursal Centro,Transferencia
3542,2024-02-14,Cuaderno,Papelería,41.69,19,Sergio Gutiérrez,León,Sucursal Norte,Tarjeta de Débito
3543,2025-04-11,Colchoneta,Deportes,619.63,11,Ana García,Mérida,Sucursal Centro,Efectivo
3544,2024-06-15,Laptop,Electrónica,24046.76,2,Julio Cortez,León,Sucursal Centro,Tarjeta de Crédito
3545,2024-01-20,Cuaderno,Papelería,99.56,15,Adriana Molina,Puebla,Sucursal Norte,Efectivo
3546,2024-07-26,Camiseta,Ropa,309.6,15,Cecilia Trujillo,Tijuana,Sucursal Centro,Efectivo
3547,2025-10-08,Chocolate,Alimentos,42.98,10,Sofía Pérez,Ciudad de México,Sucursal Centro,Tarjeta de Débito
3548,2025-10-25,Bloques Didácticos,Juguetes,208.37,20,Luis Espinoza,Tijuana,Sucursal Centro,Tarjeta de Débito
3549,2025-06-15,Detergente,Hogar,103.2,16,Ximena Paredes,Guadalajara,Sucursal Sur,Transferencia
3550,2025-02-02,Jugo,Alimentos,32.17,15,Laura Hernández,León,Sucursal Centro,Efectivo
3551,2024-04-20,Lámpara,Hogar,746.34,3,Andrés Vargas,Puebla,Sucursal Norte,Transferencia
3552,2024-10-22,Galletas,Alimentos,64.92,18,María Martínez,Puebla,Sucursal Centro,Transferencia
3553,2024-11-23,Perfume,Belleza,919.36,9,Isabel Ramírez,Monterrey,Sucursal Norte,Tarjeta de Crédito
3554,2024-06-11,Guantes de Box,Deportes,906.97,16,Mónica Ibáñez,Puebla,Sucursal Norte,Efectivo
3555,2025-12-01,Guantes de Box,Deportes,903.17,16,Gabriela Moreno,Ciudad de México,Sucursal Norte,Efectivo
3556,2025-08-18,Pelota de Fútbol,Deportes,414.07,11,Silvia Fuentes,Tijuana,Sucursal Norte,Tarjeta de Crédito
3557,2024-02-26,Carro de Juguete,Juguetes,363.71,6,Mónica Ibáñez,Guadalajara,Sucursal Centro,Transferencia
3558,2024-09-24,Gorra,Ropa,206.53,13,Víctor Salinas,Ciudad de México,Sucursal Centro,Transferencia
3559,2024-12-07,Pantalón,Ropa,665.84,11,Sebastián Fuentes,Ciudad de México,Sucursal Norte,Tarjeta de Débito
3560,2024-07-25,Detergente,Hogar,84.2,3,Víctor Salinas,Puebla,Sucursal Norte,Tarjeta de Crédito
3561,2024-09-26,Camiseta,Ropa,198.61,16,Enrique Guerrero,Ciudad de México,Sucursal Centro,Efectivo
3562,2024-06-08,Folder,Papelería,38.72,10,Ricardo Castillo,Mérida,Sucursal Norte,Efectivo
3563,2024-11-10,Agua,Alimentos,18.24,17,David Torres,Guadalajara,Sucursal Centro,Tarjeta de Débito
3564,2025-07-28,Laptop,Electrónica,16455.78,2,Alicia Ponce,Tijuana,Sucursal Norte,Tarjeta de Débito
3565,2025-06-03,Pelota de Fútbol,Deportes,492.03,14,Sergio Gutiérrez,Puebla,Sucursal Centro,Tarjeta de Crédito
3566,2025-08-18,Colchoneta,Deportes,530.91,8,Ignacio Miranda,Guadalajara,Sucursal Norte,Efectivo
3567,2025-12-03,Colchoneta,Deportes,392.38,18,Rosa Ávila,León,Sucursal Norte,Tarjeta de Crédito
3568,2025-11-04,Bloques Didácticos,Juguetes,283.55,15,Rebeca Campos,Monterrey,Sucursal Centro,Tarjeta de Crédito
3569,2024-03-10,Marcadores,Papelería,90.78,4,Ramón Ortega,Mérida,Sucursal Norte,Tarjeta de Débito
3570,2025-04-05,Mouse,Electrónica,156.53,10,María Martínez,Puebla,Sucursal Norte,Transferencia
3571,2025-08-17,Carro de Juguete,Juguetes,203.0,6,Pablo Álvarez,Puebla,Sucursal Norte,Efectivo
3572,2024-10-11,Muñeca,Juguetes,536.69,17,Roberto Reyes,Ciudad de México,Sucursal Sur,Efectivo
3573,2024-11-20,Labial,Belleza,63.2,9,Guillermo León,Guadalajara,Sucursal Norte,Tarjeta de Débito
3574,2025-07-30,Muñeca,Juguetes,251.88,7,Isabel Ramírez,Mérida,Sucursal Norte,Transferencia
3575,2025-09-26,Cargador,Electrónica,226.84,16,Carolina Castro,León,Sucursal Norte,Transferencia
3576,2024-03-15,Folder,Papelería,37.84,11,Daniela Herrera,Ciudad de México,Sucursal Norte,Transferencia
3577,2024-07-23,Bloques Didácticos,Juguetes,327.86,13,Fernanda Luna,Mérida,Sucursal Centro,Efectivo
3578,2025-09-07,Detergente,Hogar,75.32,11,Verónica Aguilar,Guadalajara,Sucursal Norte,Efectivo
3579,2025-03-03,Rompecabezas,Juguetes,196.13,4,Guillermo León,Ciudad de México,Sucursal Centro,Efectivo
3580,2024-04-07,Calcetines,Ropa,59.27,2,Patricia Muñoz,Tijuana,Sucursal Centro,Tarjeta de Crédito
3581,2024-02-05,USB Flash Drive,Electrónica,125.56,17,Manuel Bravo,León,Sucursal Centro,Transferencia
3582,2025-11-06,Rompecabezas,Juguetes,262.01,18,Luis Espinoza,Ciudad de México,Sucursal Centro,Tarjeta de Débito
3583,2025-01-14,Marcadores,Papelería,67.07,12,Felipe Núñez,Mérida,Sucursal Norte,Tarjeta de Crédito
3584,2024-10-09,Rompecabezas,Juguetes,168.0,7,Enrique Guerrero,Mérida,Sucursal Norte,Tarjeta de Crédito
3585,2025-04-13,Jugo,Alimentos,49.89,13,Mariana Medina,Monterrey,Sucursal Sur,Tarjeta de Crédito
3586,2024-04-28,Guantes de Box,Deportes,610.43,9,Manuel Bravo,León,Sucursal Centro,Transferencia
3587,2025-03-08,Mouse,Electrónica,386.88,20,Rebeca Campos,Guadalajara,Sucursal Centro,Transferencia
3588,2024-09-11,Calcetines,Ropa,53.58,7,Roberto Reyes,Puebla,Sucursal Centro,Transferencia
3589,2025-12-25,Cuaderno,Papelería,46.0,7,Eduardo Jiménez,Monterrey,Sucursal Norte,Transferencia
3590,2024-06-17,Laptop,Electrónica,8155.11,3,Patricia Muñoz,Monterrey,Sucursal Norte,Tarjeta de Débito
3591,2024-04-24,Sudadera,Ropa,417.39,12,Adriana Molina,Mérida,Sucursal Norte,Efectivo
3592,2025-12-29,Chocolate,Alimentos,69.65,14,Natalia Ruiz,Mérida,Sucursal Norte,Transferencia
3593,2024-06-06,Laptop,Electrónica,11757.34,20,Laura Hernández,Guadalajara,Sucursal Norte,Transferencia
3594,2025-05-13,Detergente,Hogar,133.26,9,Silvia Fuentes,Puebla,Sucursal Centro,Tarjeta de Crédito
3595,2025-10-20,Folder,Papelería,32.21,18,Miguel González,Mérida,Sucursal Centro,Tarjeta de Débito
3596,2025-07-17,Marcadores,Papelería,49.51,4,Laura Hernández,Mérida,Sucursal Centro,Efectivo
3597,2024-05-14,Galletas,Alimentos,46.84,3,Marco Sánchez,Tijuana,Sucursal Centro,Tarjeta de Débito
3598,2025-05-08,Esmalte,Belleza,87.16,10,Manuel Bravo,Ciudad de México,Sucursal Centro,Transferencia
3599,2024-11-28,Café,Alimentos,113.83,5,Pablo Álvarez,Monterrey,Sucursal Centro,Tarjeta de Crédito
3600,2025-08-04,Bloques Didácticos,Juguetes,302.79,19,Sebastián Fuentes,Monterrey,Sucursal Norte,Tarjeta de Débito
3601,2024-12-05,Shampoo,Belleza,168.47,20,Valentina Cruz,León,Sucursal Centro,Tarjeta de Crédito
3602,2024-05-01,Cuaderno,Papelería,56.69,13,Sergio Gutiérrez,Ciudad de México,Sucursal Sur,Efectivo
3603,2024-04-14,Shampoo,Belleza,181.7,9,Tomás Vega,Ciudad de México,Sucursal Centro,Efectivo
3604,2024-11-19,Jugo,Alimentos,23.08,3,Felipe Núñez,Tijuana,Sucursal Centro,Tarjeta de Débito
3605,2025-01-27,Lámpara,Hogar,401.37,6,Enrique Guerrero,Puebla,Sucursal Norte,Transferencia
3606,2024-08-22,Bloques Didácticos,Juguetes,263.47,3,Pablo Álvarez,Guadalajara,Sucursal Centro,Transferencia
3607,2025-09-20,Lámpara,Hogar,221.27,2,Fernando Flores,Ciudad de México,Sucursal Norte,Tarjeta de Crédito
3608,2024-05-29,Mouse,Electrónica,381.31,19,Renata Suárez,Tijuana,Sucursal Centro,Tarjeta de Crédito
3609,2024-10-30,Shampoo,Belleza,162.2,10,Luis Espinoza,Tijuana,Sucursal Norte,Efectivo
3610,2025-05-23,Galletas,Alimentos,29.65,4,Paola Mendoza,Mérida,Sucursal Centro,Efectivo
3611,2024-11-21,Cuaderno,Papelería,102.24,16,Manuel Bravo,León,Sucursal Norte,Tarjeta de Débito
3612,2025-10-02,Camiseta,Ropa,376.01,7,Roberto Reyes,Puebla,Sucursal Centro,Efectivo
3613,2024-07-09,Cuaderno,Papelería,61.73,5,Adriana Molina,Tijuana,Sucursal Norte,Efectivo
3614,2024-02-12,Cargador,Electrónica,285.32,15,Roberto Reyes,Tijuana,Sucursal Centro,Tarjeta de Crédito
3615,2024-04-19,Jugo,Alimentos,56.83,17,Alberto Varela,León,Sucursal Centro,Tarjeta de Crédito
3616,2025-04-13,Sudadera,Ropa,410.81,11,Ximena Paredes,Monterrey,Sucursal Norte,Tarjeta de Débito
3617,2025-04-21,Camiseta,Ropa,204.11,14,Pablo Álvarez,León,Sucursal Norte,Tarjeta de Débito
3618,2024-08-28,Marcadores,Papelería,50.76,12,Renata Suárez,Puebla,Sucursal Norte,Tarjeta de Crédito
3619,2025-02-06,Bolígrafo,Papelería,27.15,1,Carlos López,León,Sucursal Norte,Transferencia
3620,2025-07-01,Mouse,Electrónica,408.91,7,Héctor Soto,Ciudad de México,Sucursal Norte,Tarjeta de Débito
3621,2024-04-07,Agua,Alimentos,18.13,16,Jorge Romero,Monterrey,Sucursal Centro,Transferencia
3622,2024-07-25,Perfume,Belleza,1487.69,11,Adriana Molina,Mérida,Sucursal Centro,Tarjeta de Débito
3623,2024-06-03,Rompecabezas,Juguetes,155.04,11,Julio Cortez,Mérida,Sucursal Norte,Efectivo
3624,2025-06-08,Mouse,Electrónica,269.06,3,Adriana Molina,Puebla,Sucursal Norte,Transferencia
3625,2024-12-02,Galletas,Alimentos,27.63,20,Óscar Ríos,León,Sucursal Norte,Transferencia
3626,2024-04-15,Agua,Alimentos,28.5,16,Fernando Flores,Tijuana,Sucursal Norte,Transferencia
3627,2024-01-22,USB Flash Drive,Electrónica,239.34,7,Rebeca Campos,Mérida,Sucursal Centro,Tarjeta de Débito
3628,2024-12-30,Lámpara,Hogar,472.43,16,Alicia Ponce,Guadalajara,Sucursal Centro,Tarjeta de Débito
3629,2024-04-08,Muñeca,Juguetes,481.42,12,Jorge Romero,Mérida,Sucursal Centro,Transferencia
3630,2025-07-09,Sudadera,Ropa,341.07,19,José Rodríguez,Tijuana,Sucursal Norte,Transferencia
3631,2024-02-02,Rompecabezas,Juguetes,296.48,16,Guillermo León,León,Sucursal Centro,Transferencia
3632,2025-06-16,Zapatos Deportivos,Deportes,958.42,5,José Rodríguez,Monterrey,Sucursal Centro,Tarjeta de Crédito
3633,2025-07-07,Mouse,Electrónica,384.6,19,Ignacio Miranda,Monterrey,Sucursal Sur,Tarjeta de Crédito
3634,2025-07-01,Shampoo,Belleza,131.46,1,Beatriz Rojas,Monterrey,Sucursal Sur,Transferencia
3635,2025-01-01,Galletas,Alimentos,79.8,6,Luis Espinoza,Guadalajara,Sucursal Centro,Tarjeta de Crédito
3636,2025-04-10,Labial,Belleza,151.08,10,Mónica Ibáñez,León,Sucursal Centro,Efectivo
3637,2024-07-05,Guantes de Box,Deportes,858.36,18,Rebeca Campos,León,Sucursal Centro,Tarjeta de Crédito
3638,2024-08-18,Colchoneta,Deportes,565.15,17,Felipe Núñez,Puebla,Sucursal Centro,Efectivo
3639,2024-10-23,Folder,Papelería,56.77,3,Arturo Navarro,Tijuana,Sucursal Norte,Transferencia
3640,2025-11-23,Marcadores,Papelería,93.02,1,Rosa Ávila,Monterrey,Sucursal Centro,Tarjeta de Débito
3641,2025-12-11,Esmalte,Belleza,68.85,15,Eduardo Jiménez,Puebla,Sucursal Norte,Transferencia
3642,2024-02-29,Guantes de Box,Deportes,590.37,1,Sebastián Fuentes,Guadalajara,Sucursal Sur,Tarjeta de Crédito
3643,2025-03-24,Almohada,Hogar,151.6,2,Silvia Fuentes,Puebla,Sucursal Norte,Tarjeta de Débito
3644,2024-03-27,Folder,Papelería,51.58,16,Alberto Varela,Tijuana,Sucursal Norte,Efectivo
3645,2024-11-12,Grapadora,Papelería,133.52,8,Carlos López,Monterrey,Sucursal Norte,Tarjeta de Débito
3646,2025-01-25,Cuaderno,Papelería,87.51,6,Diego Cabrera,Tijuana,Sucursal Centro,Tarjeta de Crédito
3647,2024-03-20,Detergente,Hogar,73.54,19,Juan Cervantes,Tijuana,Sucursal Norte,Tarjeta de Crédito
3648,2024-10-07,Bolígrafo,Papelería,12.11,2,David Torres,Tijuana,Sucursal Centro,Transferencia
3649,2025-07-05,USB Flash Drive,Electrónica,153.68,3,Sebastián Fuentes,Ciudad de México,Sucursal Norte,Tarjeta de Débito
3650,2024-06-24,Jugo,Alimentos,41.82,10,Adriana Molina,Ciudad de México,Sucursal Norte,Efectivo
3651,2024-01-04,Lámpara,Hogar,725.75,14,Sergio Gutiérrez,Guadalajara,Sucursal Sur,Transferencia
3652,2024-01-22,Labial,Belleza,126.14,9,Carlos López,León,Sucursal Norte,Efectivo
3653,2024-08-28,Folder,Papelería,24.13,8,Marco Sánchez,Ciudad de México,Sucursal Centro,Tarjeta de Crédito
3654,2025-07-16,Lámpara,Hogar,412.83,12,Daniela Herrera,Mérida,Sucursal Centro,Tarjeta de Débito
3655,2024-09-08,Cuaderno,Papelería,43.75,20,Luis Espinoza,Monterrey,Sucursal Centro,Tarjeta de Crédito
3656,2024-10-11,Lámpara,Hogar,234.34,4,Ignacio Miranda,Puebla,Sucursal Centro,Efectivo
3657,2025-10-20,Cuaderno,Papelería,66.49,4,Mariana Medina,Mérida,Sucursal Centro,Tarjeta de Crédito
3658,2024-06-02,Crema Facial,Belleza,194.1,4,Felipe Núñez,Monterrey,Sucursal Centro,Tarjeta de Débito
3659,2024-06-14,Detergente,Hogar,69.65,10,Diego Cabrera,Mérida,Sucursal Centro,Tarjeta de Crédito
3660,2024-07-30,Colchoneta,Deportes,316.04,14,Roberto Reyes,Mérida,Sucursal Centro,Tarjeta de Crédito
3661,2025-07-16,Carro de Juguete,Juguetes,251.97,6,Manuel Bravo,Mérida,Sucursal Norte,Transferencia
3662,2024-09-10,Detergente,Hogar,90.08,7,Julio Cortez,León,Sucursal Norte,Transferencia
3663,2025-09-27,Teclado,Electrónica,364.5,4,Lucía Ramos,Puebla,Sucursal Norte,Tarjeta de Crédito
3664,2025-09-16,Detergente,Hogar,139.6,2,Julio Cortez,Mérida,Sucursal Norte,Efectivo
3665,2025-05-03,Bolígrafo,Papelería,18.61,14,Sandra Peña,Guadalajara,Sucursal Norte,Transferencia
3666,2024-04-05,Zapatos Deportivos,Deportes,1237.05,2,Sofía Pérez,Ciudad de México,Sucursal Norte,Tarjeta de Débito
3667,2024-07-08,Monitor,Electrónica,7264.11,11,Julio Cortez,Tijuana,Sucursal Centro,Tarjeta de Crédito
3668,2025-01-02,Zapatos Deportivos,Deportes,2157.15,17,Arturo Navarro,Puebla,Sucursal Norte,Transferencia
3669,2024-12-13,Cuaderno,Papelería,64.05,12,Ricardo Castillo,Guadalajara,Sucursal Sur,Tarjeta de Crédito
3670,2024-09-03,Grapadora,Papelería,184.3,9,Tomás Vega,Puebla,Sucursal Norte,Transferencia
3671,2025-11-28,Bloques Didácticos,Juguetes,302.33,16,David Torres,Guadalajara,Sucursal Centro,Tarjeta de Crédito
3672,2025-01-11,Camiseta,Ropa,253.02,8,Beatriz Rojas,Mérida,Sucursal Norte,Efectivo
3673,2024-03-12,Galletas,Alimentos,37.99,2,Pablo Álvarez,Puebla,Sucursal Centro,Transferencia
3674,2024-08-12,Café,Alimentos,188.6,10,María Martínez,León,Sucursal Centro,Tarjeta de Crédito
3675,2024-01-21,Pelota de Fútbol,Deportes,496.3,8,Ricardo Castillo,Ciudad de México,Sucursal Centro,Tarjeta de Crédito
3676,2025-12-04,Labial,Belleza,103.06,20,Alejandra Morales,León,Sucursal Centro,Tarjeta de Crédito
3677,2025-08-19,Toalla,Hogar,239.25,2,Víctor Salinas,Tijuana,Sucursal Centro,Efectivo
3678,2025-06-09,Calcetines,Ropa,48.7,2,Sebastián Fuentes,Puebla,Sucursal Centro,Tarjeta de Débito
3679,2025-08-04,Toalla,Hogar,236.38,1,Carlos López,Ciudad de México,Sucursal Norte,Transferencia
3680,2025-01-06,Guantes de Box,Deportes,595.45,9,Sebastián Fuentes,Ciudad de México,Sucursal Sur,Efectivo
3681,2024-06-18,Almohada,Hogar,330.5,19,Alberto Varela,Tijuana,Sucursal Centro,Efectivo
3682,2025-04-17,Zapatos Deportivos,Deportes,1229.76,10,Laura Hernández,Puebla,Sucursal Centro,Tarjeta de Débito
3683,2025-07-22,Muñeca,Juguetes,331.7,13,Jorge Romero,Puebla,Sucursal Centro,Tarjeta de Crédito
3684,2024-08-12,Sudadera,Ropa,344.69,16,Diego Cabrera,Puebla,Sucursal Centro,Transferencia
3685,2025-09-01,Labial,Belleza,91.92,18,Carlos López,Puebla,Sucursal Norte,Tarjeta de Débito
3686,2025-12-31,Pelota de Fútbol,Deportes,504.17,14,Víctor Salinas,Monterrey,Sucursal Centro,Efectivo
3687,2025-03-20,Bloques Didácticos,Juguetes,245.56,14,Jorge Romero,Ciudad de México,Sucursal Sur,Efectivo
3688,2024-03-15,Carro de Juguete,Juguetes,377.03,9,Ramón Ortega,Ciudad de México,Sucursal Sur,Tarjeta de Débito
3689,2024-09-22,Guantes de Box,Deportes,1197.37,20,Felipe Núñez,Mérida,Sucursal Norte,Efectivo
3690,2024-03-04,Pelota de Fútbol,Deportes,466.02,4,Sebastián Fuentes,León,Sucursal Centro,Tarjeta de Crédito
3691,2025-09-18,Monitor,Electrónica,4404.63,5,Juan Cervantes,Ciudad de México,Sucursal Sur,Tarjeta de Crédito
3692,2025-09-18,Zapatos Deportivos,Deportes,1310.41,11,Laura Hernández,Mérida,Sucursal Centro,Efectivo
3693,2025-05-22,Camiseta,Ropa,363.11,1,Fernando Flores,Mérida,Sucursal Centro,Tarjeta de Débito
3694,2024-08-08,Tijeras,Papelería,63.1,1,Sergio Gutiérrez,Ciudad de México,Sucursal Norte,Efectivo
3695,2025-04-27,Guantes de Box,Deportes,627.11,2,Laura Hernández,Guadalajara,Sucursal Norte,Transferencia
3696,2025-12-27,Detergente,Hogar,144.59,4,Víctor Salinas,Monterrey,Sucursal Centro,Transferencia
3697,2025-03-03,Cuaderno,Papelería,39.07,6,Carlos López,Puebla,Sucursal Norte,Tarjeta de Débito
3698,2024-11-15,Guantes de Box,Deportes,1091.31,7,Sergio Gutiérrez,Puebla,Sucursal Centro,Transferencia
3699,2025-11-20,Monitor,Electrónica,4743.25,14,Renata Suárez,León,Sucursal Centro,Tarjeta de Crédito
3700,2024-02-12,Bloques Didácticos,Juguetes,130.46,17,Ximena Paredes,Ciudad de México,Sucursal Sur,Efectivo
3701,2025-05-26,Jugo,Alimentos,41.28,17,Fernando Flores,Tijuana,Sucursal Centro,Transferencia
3702,2024-09-28,Pelota de Fútbol,Deportes,277.42,9,Sofía Pérez,Tijuana,Sucursal Norte,Tarjeta de Crédito
3703,2024-05-18,Lámpara,Hogar,213.73,10,Miguel González,Tijuana,Sucursal Centro,Efectivo
3704,2024-06-25,Bloques Didácticos,Juguetes,183.04,3,Marco Sánchez,Monterrey,Sucursal Sur,Transferencia
3705,2024-09-06,Monitor,Electrónica,6408.99,13,Roberto Reyes,Guadalajara,Sucursal Sur,Tarjeta de Crédito
3706,2024-01-04,Calcetines,Ropa,88.71,11,Jorge Romero,Mérida,Sucursal Norte,Efectivo
3707,2025-08-29,Grapadora,Papelería,156.64,13,Verónica Aguilar,León,Sucursal Centro,Transferencia
3708,2024-05-28,Perfume,Belleza,963.6,1,Julio Cortez,Monterrey,Sucursal Sur,Tarjeta de Débito
3709,2024-09-29,Esmalte,Belleza,84.89,14,Ximena Paredes,Monterrey,Sucursal Norte,Tarjeta de Débito
3710,2025-06-11,Galletas,Alimentos,45.23,9,Sebastián Fuentes,Ciudad de México,Sucursal Centro,Efectivo
3711,2025-09-10,Camiseta,Ropa,350.42,11,Tomás Vega,Tijuana,Sucursal Norte,Tarjeta de Débito
3712,2025-03-21,Colchoneta,Deportes,784.21,11,Verónica Aguilar,Monterrey,Sucursal Centro,Transferencia
3713,2024-08-25,Galletas,Alimentos,30.65,14,Felipe Núñez,Tijuana,Sucursal Norte,Tarjeta de Crédito
3714,2024-08-13,Perfume,Belleza,1401.37,2,Elena Delgado,Mérida,Sucursal Centro,Efectivo
3715,2025-05-01,Guantes de Box,Deportes,915.87,7,Juan Cervantes,Monterrey,Sucursal Norte,Tarjeta de Débito
3716,2024-05-23,Grapadora,Papelería,111.7,18,Fernando Flores,Ciudad de México,Sucursal Norte,Efectivo
3717,2024-05-04,Tijeras,Papelería,64.33,5,Patricia Muñoz,Tijuana,Sucursal Norte,Tarjeta de Débito
3718,2025-02-20,Lámpara,Hogar,444.1,20,Fernando Flores,León,Sucursal Centro,Tarjeta de Débito
3719,2024-04-13,Lámpara,Hogar,648.06,18,Rosa Ávila,León,Sucursal Norte,Transferencia
3720,2024-04-01,Rompecabezas,Juguetes,235.87,3,Arturo Navarro,Monterrey,Sucursal Sur,Tarjeta de Crédito
3721,2025-07-31,Carro de Juguete,Juguetes,351.9,11,Alicia Ponce,Ciudad de México,Sucursal Sur,Transferencia
3722,2025-10-30,Muñeca,Juguetes,565.34,10,Renata Suárez,Ciudad de México,Sucursal Sur,Tarjeta de Crédito
3723,2025-11-20,Monitor,Electrónica,5054.16,10,Diego Cabrera,Puebla,Sucursal Centro,Tarjeta de Débito
3724,2025-05-07,Camiseta,Ropa,176.56,14,Marco Sánchez,Ciudad de México,Sucursal Norte,Tarjeta de Crédito
3725,2024-05-10,Shampoo,Belleza,129.92,7,Adriana Molina,León,Sucursal Centro,Transferencia
3726,2025-04-22,Agua,Alimentos,22.97,5,Gabriela Moreno,Guadalajara,Sucursal Norte,Efectivo
3727,2024-02-13,Almohada,Hogar,155.02,14,Natalia Ruiz,Puebla,Sucursal Norte,Tarjeta de Crédito
3728,2025-01-04,Auriculares,Electrónica,1043.25,5,Manuel Bravo,Puebla,Sucursal Centro,Transferencia
3729,2025-04-30,Zapatos Deportivos,Deportes,1866.4,2,Sergio Gutiérrez,Monterrey,Sucursal Centro,Tarjeta de Crédito
3730,2025-10-28,Almohada,Hogar,394.14,19,Silvia Fuentes,Monterrey,Sucursal Norte,Tarjeta de Débito
3731,2024-02-24,Café,Alimentos,151.3,16,Mónica Ibáñez,Tijuana,Sucursal Norte,Tarjeta de Débito
3732,2025-02-20,Rompecabezas,Juguetes,173.42,17,Jorge Romero,Mérida,Sucursal Norte,Transferencia
3733,2025-09-16,Laptop,Electrónica,20095.15,2,Arturo Navarro,Ciudad de México,Sucursal Sur,Tarjeta de Crédito
3734,2024-10-04,Lámpara,Hogar,570.25,16,Fernando Flores,León,Sucursal Norte,Tarjeta de Débito
3735,2025-12-18,Teclado,Electrónica,585.54,15,Sandra Peña,Mérida,Sucursal Norte,Tarjeta de Débito
3736,2025-02-16,Lámpara,Hogar,607.22,1,Ricardo Castillo,Tijuana,Sucursal Norte,Efectivo
3737,2025-07-06,Muñeca,Juguetes,427.18,19,Luis Espinoza,León,Sucursal Centro,Tarjeta de Crédito
3738,2025-05-02,Cuaderno,Papelería,113.72,3,Óscar Ríos,León,Sucursal Centro,Tarjeta de Débito
3739,2025-04-15,Mouse,Electrónica,259.09,18,Julio Cortez,Puebla,Sucursal Norte,Tarjeta de Débito
3740,2024-07-26,Bloques Didácticos,Juguetes,209.76,4,Sergio Gutiérrez,Puebla,Sucursal Centro,Tarjeta de Crédito
3741,2025-12-14,Rompecabezas,Juguetes,210.54,6,Carlos López,Guadalajara,Sucursal Centro,Tarjeta de Débito
3742,2025-07-12,Shampoo,Belleza,128.34,4,Isabel Ramírez,Tijuana,Sucursal Centro,Tarjeta de Débito
3743,2024-07-09,Folder,Papelería,49.1,16,María Martínez,Tijuana,Sucursal Centro,Tarjeta de Débito
3744,2025-03-01,Pantalón,Ropa,612.13,20,José Rodríguez,Monterrey,Sucursal Norte,Efectivo
3745,2024-08-12,Toalla,Hogar,165.43,10,Sandra Peña,León,Sucursal Centro,Tarjeta de Crédito
3746,2024-02-05,Chocolate,Alimentos,95.32,1,Daniela Herrera,Puebla,Sucursal Norte,Efectivo
3747,2025-02-25,Tijeras,Papelería,43.98,1,Enrique Guerrero,Guadalajara,Sucursal Sur,Tarjeta de Crédito
3748,2025-06-23,Auriculares,Electrónica,1642.39,14,Óscar Ríos,Guadalajara,Sucursal Centro,Tarjeta de Débito
3749,2025-01-17,Folder,Papelería,53.59,7,Carolina Castro,Ciudad de México,Sucursal Centro,Transferencia
3750,2025-04-28,Colchoneta,Deportes,740.2,12,José Rodríguez,León,Sucursal Centro,Tarjeta de Crédito
3751,2024-09-02,Rompecabezas,Juguetes,390.43,15,Alberto Varela,Tijuana,Sucursal Centro,Tarjeta de Débito
3752,2025-01-02,Rompecabezas,Juguetes,374.27,19,Elena Delgado,Monterrey,Sucursal Norte,Tarjeta de Débito
3753,2025-01-14,Tijeras,Papelería,42.98,4,Manuel Bravo,Puebla,Sucursal Centro,Efectivo
3754,2024-07-27,Jugo,Alimentos,49.91,4,Gabriela Moreno,Ciudad de México,Sucursal Sur,Tarjeta de Crédito
3755,2025-08-12,Pelota de Fútbol,Deportes,519.5,5,Alejandra Morales,Mérida,Sucursal Norte,Transferencia
3756,2025-04-23,Galletas,Alimentos,73.48,10,Isabel Ramírez,Monterrey,Sucursal Norte,Tarjeta de Débito
3757,2025-11-18,Pantalón,Ropa,408.13,3,Pablo Álvarez,Puebla,Sucursal Centro,Tarjeta de Crédito
3758,2024-02-11,Guantes de Box,Deportes,409.92,4,Guillermo León,Monterrey,Sucursal Centro,Tarjeta de Débito
3759,2024-08-31,Camiseta,Ropa,372.61,19,Marco Sánchez,Monterrey,Sucursal Norte,Transferencia
3760,2024-07-22,Bloques Didácticos,Juguetes,213.85,17,Fernando Flores,Mérida,Sucursal Centro,Efectivo
3761,2024-10-30,Rompecabezas,Juguetes,379.4,18,Ricardo Castillo,León,Sucursal Centro,Tarjeta de Crédito
3762,2025-09-09,Camiseta,Ropa,320.71,15,Ramón Ortega,Mérida,Sucursal Norte,Efectivo
3763,2024-12-01,Grapadora,Papelería,81.4,14,Mariana Medina,Mérida,Sucursal Centro,Efectivo
3764,2025-09-29,Calcetines,Ropa,47.85,5,Elena Delgado,León,Sucursal Centro,Efectivo
3765,2024-11-05,Zapatos Deportivos,Deportes,867.61,15,Miguel González,Tijuana,Sucursal Norte,Tarjeta de Débito
3766,2025-04-27,Cargador,Electrónica,191.23,12,Carolina Castro,Puebla,Sucursal Norte,Efectivo
3767,2025-12-29,Toalla,Hogar,151.13,19,Tomás Vega,Tijuana,Sucursal Norte,Transferencia
3768,2025-07-28,Calcetines,Ropa,43.54,2,María Martínez,Monterrey,Sucursal Norte,Transferencia
3769,2025-04-03,Laptop,Electrónica,15618.76,9,Rebeca Campos,Monterrey,Sucursal Sur,Tarjeta de Débito
3770,2024-10-24,Perfume,Belleza,1424.67,20,Sandra Peña,Puebla,Sucursal Norte,Tarjeta de Débito
3771,2025-11-08,Toalla,Hogar,101.35,16,Verónica Aguilar,Ciudad de México,Sucursal Sur,Tarjeta de Débito
3772,2025-11-10,Calcetines,Ropa,63.79,1,Ramón Ortega,Puebla,Sucursal Norte,Transferencia
3773,2024-10-29,Toalla,Hogar,119.09,12,Sebastián Fuentes,León,Sucursal Norte,Tarjeta de Débito
3774,2024-12-04,Crema Facial,Belleza,170.74,6,Daniela Herrera,Ciudad de México,Sucursal Norte,Transferencia
3775,2025-04-24,Detergente,Hogar,53.8,11,Adriana Molina,Mérida,Sucursal Norte,Tarjeta de Débito
3776,2025-01-01,Galletas,Alimentos,52.06,5,Beatriz Rojas,León,Sucursal Centro,Transferencia
3777,2025-03-09,Almohada,Hogar,201.41,6,Alicia Ponce,Puebla,Sucursal Norte,Efectivo
3778,2024-01-13,Chocolate,Alimentos,83.62,18,Camila Díaz,León,Sucursal Centro,Efectivo
3779,2024-02-15,Cuaderno,Papelería,62.87,10,Carolina Castro,Guadalajara,Sucursal Norte,Efectivo
3780,2025-12-04,USB Flash Drive,Electrónica,237.25,6,Fernanda Luna,Ciudad de México,Sucursal Sur,Efectivo
3781,2024-08-28,Labial,Belleza,67.7,18,Ramón Ortega,Puebla,Sucursal Centro,Tarjeta de Crédito
3782,2024-07-02,Zapatos Deportivos,Deportes,1668.74,8,Guillermo León,Puebla,Sucursal Norte,Efectivo
3783,2024-04-04,Detergente,Hogar,120.82,10,Marco Sánchez,Puebla,Sucursal Centro,Tarjeta de Débito
3784,2025-07-12,Guantes de Box,Deportes,735.63,12,Eduardo Jiménez,Guadalajara,Sucursal Norte,Tarjeta de Débito
3785,2025-06-02,Crema Facial,Belleza,300.38,10,Sandra Peña,Mérida,Sucursal Centro,Tarjeta de Crédito
3786,2024-07-13,Teclado,Electrónica,410.04,10,Héctor Soto,Ciudad de México,Sucursal Centro,Efectivo
3787,2024-12-14,Camiseta,Ropa,290.46,3,Beatriz Rojas,Guadalajara,Sucursal Sur,Tarjeta de Crédito
3788,2024-03-29,Guantes de Box,Deportes,1164.89,5,Camila Díaz,León,Sucursal Centro,Tarjeta de Débito
3789,2025-09-13,Pelota de Fútbol,Deportes,344.82,3,Paola Mendoza,Tijuana,Sucursal Centro,Efectivo
3790,2024-06-04,Galletas,Alimentos,79.96,8,Felipe Núñez,León,Sucursal Centro,Efectivo
3791,2024-10-03,Galletas,Alimentos,29.88,1,Mariana Medina,León,Sucursal Norte,Efectivo
3792,2025-07-11,Bloques Didácticos,Juguetes,216.76,2,Pablo Álvarez,León,Sucursal Centro,Tarjeta de Crédito
3793,2025-03-06,Sudadera,Ropa,252.16,15,Paola Mendoza,Mérida,Sucursal Norte,Tarjeta de Crédito
3794,2024-06-01,Lámpara,Hogar,752.87,1,Felipe Núñez,Ciudad de México,Sucursal Sur,Tarjeta de Débito
3795,2025-11-20,Sudadera,Ropa,517.45,16,Ignacio Miranda,Puebla,Sucursal Centro,Efectivo
3796,2025-09-27,Chocolate,Alimentos,61.23,16,Sergio Gutiérrez,Guadalajara,Sucursal Centro,Transferencia
3797,2025-02-06,Detergente,Hogar,91.61,8,Jorge Romero,Ciudad de México,Sucursal Centro,Transferencia
3798,2025-11-21,Lámpara,Hogar,353.57,2,Eduardo Jiménez,Ciudad de México,Sucursal Sur,Transferencia
3799,2025-07-11,Bolígrafo,Papelería,48.23,16,Daniela Herrera,Tijuana,Sucursal Norte,Tarjeta de Crédito
3800,2025-05-27,Esmalte,Belleza,36.32,4,Isabel Ramírez,Ciudad de México,Sucursal Sur,Transferencia
3801,2024-10-25,Café,Alimentos,83.26,8,Carlos López,Puebla,Sucursal Centro,Tarjeta de Crédito
3802,2025-02-14,Muñeca,Juguetes,474.59,17,Luis Espinoza,Tijuana,Sucursal Norte,Transferencia
3803,2024-08-08,Café,Alimentos,241.11,11,Miguel González,Monterrey,Sucursal Sur,Tarjeta de Débito
3804,2024-12-04,Monitor,Electrónica,3194.15,10,Miguel González,Guadalajara,Sucursal Sur,Efectivo
3805,2025-04-13,Esmalte,Belleza,30.79,5,Isabel Ramírez,León,Sucursal Norte,Efectivo
3806,2024-05-18,Bloques Didácticos,Juguetes,183.1,4,Ximena Paredes,Monterrey,Sucursal Norte,Tarjeta de Crédito
3807,2025-09-06,Laptop,Electrónica,11005.07,8,Alberto Varela,Guadalajara,Sucursal Centro,Tarjeta de Crédito
3808,2024-12-29,Café,Alimentos,137.56,18,Rebeca Campos,Tijuana,Sucursal Centro,Tarjeta de Crédito
3809,2024-04-21,Café,Alimentos,92.38,7,Daniela Herrera,Puebla,Sucursal Norte,Transferencia
3810,2024-10-03,Marcadores,Papelería,53.37,20,Ximena Paredes,León,Sucursal Norte,Tarjeta de Crédito
3811,2024-08-18,Perfume,Belleza,801.34,17,Adriana Molina,Ciudad de México,Sucursal Sur,Transferencia
3812,2024-12-08,Detergente,Hogar,126.97,12,Eduardo Jiménez,Monterrey,Sucursal Sur,Transferencia
3813,2025-11-24,Lámpara,Hogar,318.92,9,Natalia Ruiz,Mérida,Sucursal Centro,Tarjeta de Crédito
3814,2025-05-30,Muñeca,Juguetes,217.49,20,Fernanda Luna,Ciudad de México,Sucursal Sur,Transferencia
3815,2025-02-21,Guantes de Box,Deportes,814.61,10,Andrés Vargas,Mérida,Sucursal Norte,Tarjeta de Crédito
3816,2024-08-19,Guantes de Box,Deportes,534.94,5,Daniela Herrera,León,Sucursal Centro,Transferencia
3817,2024-09-05,Zapatos Deportivos,Deportes,1110.06,5,Sandra Peña,Mérida,Sucursal Centro,Transferencia
3818,2025-05-09,Detergente,Hogar,80.66,7,Felipe Núñez,Mérida,Sucursal Norte,Tarjeta de Débito
3819,2024-10-14,Cargador,Electrónica,383.29,14,Julio Cortez,León,Sucursal Norte,Tarjeta de Crédito
3820,2024-11-06,Toalla,Hogar,230.68,4,Ramón Ortega,Mérida,Sucursal Norte,Efectivo
3821,2024-10-05,Almohada,Hogar,339.34,3,Diego Cabrera,Monterrey,Sucursal Sur,Transferencia
3822,2025-03-25,Galletas,Alimentos,64.12,19,Ignacio Miranda,Ciudad de México,Sucursal Centro,Transferencia
3823,2024-11-23,Detergente,Hogar,119.14,18,Óscar Ríos,Mérida,Sucursal Norte,Efectivo
3824,2024-08-31,Muñeca,Juguetes,282.95,20,Fernando Flores,Mérida,Sucursal Norte,Tarjeta de Crédito
3825,2024-09-19,Toalla,Hogar,167.36,13,Diego Cabrera,Tijuana,Sucursal Norte,Tarjeta de Débito
3826,2025-02-11,Cuaderno,Papelería,114.0,7,Andrés Vargas,Mérida,Sucursal Norte,Transferencia
3827,2024-06-06,Bolígrafo,Papelería,23.07,12,José Rodríguez,Mérida,Sucursal Norte,Tarjeta de Crédito
3828,2025-10-30,Marcadores,Papelería,97.81,12,Eduardo Jiménez,Tijuana,Sucursal Centro,Efectivo
3829,2024-09-20,Café,Alimentos,211.54,10,Sofía Pérez,León,Sucursal Norte,Tarjeta de Débito
3830,2024-06-18,Muñeca,Juguetes,508.52,3,Julio Cortez,Monterrey,Sucursal Centro,Tarjeta de Crédito
3831,2024-06-24,Teclado,Electrónica,461.19,11,José Rodríguez,Monterrey,Sucursal Centro,Transferencia
3832,2025-09-02,Bolígrafo,Papelería,41.0,5,Juan Cervantes,Monterrey,Sucursal Norte,Tarjeta de Débito
3833,2025-04-13,Laptop,Electrónica,24252.87,8,Enrique Guerrero,Tijuana,Sucursal Centro,Tarjeta de Débito
3834,2025-10-22,Guantes de Box,Deportes,1027.7,17,Carlos López,Puebla,Sucursal Norte,Tarjeta de Débito
3835,2024-11-10,Chocolate,Alimentos,79.37,1,Valentina Cruz,Guadalajara,Sucursal Sur,Tarjeta de Crédito
3836,2024-03-30,Muñeca,Juguetes,363.48,2,Paola Mendoza,Ciudad de México,Sucursal Norte,Tarjeta de Crédito
3837,2024-01-02,USB Flash Drive,Electrónica,155.02,4,Laura Hernández,Tijuana,Sucursal Norte,Tarjeta de Débito
3838,2025-10-31,Almohada,Hogar,227.51,8,Renata Suárez,Monterrey,Sucursal Centro,Tarjeta de Crédito
3839,2024-04-04,Marcadores,Papelería,98.7,8,Beatriz Rojas,Puebla,Sucursal Centro,Tarjeta de Débito
3840,2025-12-13,Agua,Alimentos,16.3,3,Paola Mendoza,León,Sucursal Centro,Tarjeta de Débito
3841,2024-09-14,Laptop,Electrónica,13764.09,11,Natalia Ruiz,Tijuana,Sucursal Centro,Tarjeta de Débito
3842,2025-12-15,Gorra,Ropa,153.97,20,Sandra Peña,Ciudad de México,Sucursal Norte,Tarjeta de Crédito
3843,2024-08-23,Carro de Juguete,Juguetes,256.27,17,Daniela Herrera,Monterrey,Sucursal Norte,Tarjeta de Débito
3844,2025-02-22,Cuaderno,Papelería,50.94,20,Ricardo Castillo,Guadalajara,Sucursal Norte,Tarjeta de Crédito
3845,2025-01-22,Camiseta,Ropa,209.34,10,Rosa Ávila,Tijuana,Sucursal Centro,Tarjeta de Débito
3846,2025-04-23,Galletas,Alimentos,45.7,11,Óscar Ríos,Puebla,Sucursal Centro,Transferencia
3847,2025-06-13,Tijeras,Papelería,58.5,5,Sebastián Fuentes,Mérida,Sucursal Centro,Transferencia
3848,2024-12-22,Detergente,Hogar,120.29,19,Daniela Herrera,Ciudad de México,Sucursal Sur,Efectivo
3849,2025-03-29,Esmalte,Belleza,114.85,12,Luis Espinoza,Guadalajara,Sucursal Sur,Tarjeta de Crédito
3850,2024-08-09,Zapatos Deportivos,Deportes,1711.98,10,Adriana Molina,Mérida,Sucursal Centro,Efectivo
3851,2024-07-18,Lámpara,Hogar,492.21,7,Verónica Aguilar,Ciudad de México,Sucursal Centro,Efectivo
3852,2025-08-31,Marcadores,Papelería,41.93,3,Rosa Ávila,Puebla,Sucursal Norte,Transferencia
3853,2025-09-26,Bloques Didácticos,Juguetes,230.15,16,Juan Cervantes,Monterrey,Sucursal Centro,Tarjeta de Débito
3854,2024-12-29,Pantalón,Ropa,571.93,12,Mónica Ibáñez,Ciudad de México,Sucursal Norte,Tarjeta de Crédito
3855,2025-10-12,Detergente,Hogar,75.06,15,Carolina Castro,Ciudad de México,Sucursal Norte,Tarjeta de Crédito
3856,2025-10-13,Galletas,Alimentos,69.53,15,Andrés Vargas,León,Sucursal Centro,Tarjeta de Crédito
3857,2024-02-16,Detergente,Hogar,65.71,17,María Martínez,Puebla,Sucursal Centro,Transferencia
3858,2024-07-07,Colchoneta,Deportes,568.15,3,David Torres,Tijuana,Sucursal Norte,Transferencia
3859,2025-04-13,Bolígrafo,Papelería,14.85,9,Verónica Aguilar,Puebla,Sucursal Centro,Transferencia
3860,2025-11-25,Pelota de Fútbol,Deportes,556.52,14,Laura Hernández,Monterrey,Sucursal Centro,Efectivo
3861,2025-09-14,Pelota de Fútbol,Deportes,309.2,6,Carlos López,Ciudad de México,Sucursal Norte,Tarjeta de Crédito
3862,2025-01-25,Cuaderno,Papelería,60.51,11,Ricardo Castillo,León,Sucursal Norte,Transferencia
3863,2024-05-30,Toalla,Hogar,123.41,14,Natalia Ruiz,Monterrey,Sucursal Centro,Tarjeta de Débito
3864,2024-04-02,Guantes de Box,Deportes,1083.44,20,Elena Delgado,Ciudad de México,Sucursal Norte,Tarjeta de Débito
3865,2024-12-19,Mouse,Electrónica,466.68,19,Camila Díaz,Tijuana,Sucursal Norte,Transferencia
3866,2024-08-10,Lámpara,Hogar,356.66,5,Fernando Flores,Mérida,Sucursal Centro,Efectivo
3867,2025-12-21,Galletas,Alimentos,28.43,7,Julio Cortez,Monterrey,Sucursal Norte,Efectivo
3868,2024-05-21,Galletas,Alimentos,44.18,20,Beatriz Rojas,Guadalajara,Sucursal Sur,Transferencia
3869,2025-03-20,Folder,Papelería,53.34,6,Julio Cortez,Mérida,Sucursal Norte,Transferencia
3870,2024-07-09,Rompecabezas,Juguetes,391.94,2,Guillermo León,Tijuana,Sucursal Norte,Tarjeta de Débito
3871,2025-07-17,Sudadera,Ropa,359.33,13,Ricardo Castillo,Puebla,Sucursal Centro,Tarjeta de Crédito
3872,2025-07-01,Rompecabezas,Juguetes,295.39,11,Ximena Paredes,León,Sucursal Centro,Tarjeta de Débito
3873,2024-10-13,Esmalte,Belleza,116.01,18,Ricardo Castillo,Guadalajara,Sucursal Norte,Transferencia
3874,2025-04-02,Cuaderno,Papelería,66.49,5,Daniela Herrera,Puebla,Sucursal Norte,Efectivo
3875,2024-06-26,Café,Alimentos,117.07,10,Jorge Romero,Ciudad de México,Sucursal Norte,Tarjeta de Débito
3876,2024-02-06,Gorra,Ropa,110.32,18,Guillermo León,León,Sucursal Norte,Tarjeta de Débito
3877,2024-09-04,Guantes de Box,Deportes,933.05,3,Arturo Navarro,Guadalajara,Sucursal Centro,Efectivo
3878,2024-07-23,Bloques Didácticos,Juguetes,346.38,18,Gabriela Moreno,Ciudad de México,Sucursal Sur,Transferencia
3879,2024-04-24,Labial,Belleza,128.04,6,Ignacio Miranda,Mérida,Sucursal Centro,Transferencia
3880,2024-10-01,Teclado,Electrónica,749.62,14,Óscar Ríos,Guadalajara,Sucursal Sur,Tarjeta de Crédito
3881,2025-11-22,Shampoo,Belleza,161.03,13,Ana García,Puebla,Sucursal Norte,Efectivo
3882,2024-05-08,Agua,Alimentos,24.77,20,Enrique Guerrero,León,Sucursal Centro,Efectivo
3883,2025-02-21,Labial,Belleza,124.95,16,Alejandra Morales,Guadalajara,Sucursal Norte,Tarjeta de Crédito
3884,2025-12-19,Rompecabezas,Juguetes,218.42,19,Renata Suárez,Guadalajara,Sucursal Centro,Efectivo
3885,2024-03-20,Bloques Didácticos,Juguetes,251.77,13,Ximena Paredes,Mérida,Sucursal Centro,Tarjeta de Crédito
3886,2024-12-08,Toalla,Hogar,80.02,7,Guillermo León,Mérida,Sucursal Centro,Transferencia
3887,2025-01-18,Labial,Belleza,68.56,13,Verónica Aguilar,Monterrey,Sucursal Centro,Tarjeta de Débito
3888,2024-07-21,Laptop,Electrónica,13216.69,12,Fernanda Luna,Puebla,Sucursal Centro,Tarjeta de Débito
3889,2025-06-06,Crema Facial,Belleza,391.96,14,José Rodríguez,Monterrey,Sucursal Sur,Tarjeta de Débito
3890,2024-04-07,Crema Facial,Belleza,294.03,8,Arturo Navarro,Monterrey,Sucursal Centro,Tarjeta de Crédito
3891,2025-07-18,Colchoneta,Deportes,700.23,9,Adriana Molina,Mérida,Sucursal Norte,Efectivo
3892,2024-01-14,Colchoneta,Deportes,750.71,1,Manuel Bravo,Monterrey,Sucursal Norte,Transferencia
3893,2024-10-20,Esmalte,Belleza,42.78,4,Alberto Varela,Guadalajara,Sucursal Sur,Tarjeta de Crédito
3894,2024-07-19,Colchoneta,Deportes,408.9,8,Miguel González,Tijuana,Sucursal Norte,Tarjeta de Crédito
3895,2024-05-06,Zapatos Deportivos,Deportes,2205.68,8,Alicia Ponce,Monterrey,Sucursal Centro,Transferencia
3896,2025-07-11,Monitor,Electrónica,7006.36,11,Luis Espinoza,Monterrey,Sucursal Centro,Tarjeta de Débito
3897,2025-02-02,Toalla,Hogar,238.02,8,Sebastián Fuentes,Tijuana,Sucursal Norte,Tarjeta de Débito
3898,2025-10-01,Cargador,Electrónica,145.28,18,Carolina Castro,León,Sucursal Centro,Efectivo
3899,2024-11-07,USB Flash Drive,Electrónica,183.52,11,Patricia Muñoz,Puebla,Sucursal Centro,Transferencia
3900,2025-11-25,Chocolate,Alimentos,79.05,20,Luis Espinoza,Tijuana,Sucursal Norte,Efectivo
3901,2025-08-27,Guantes de Box,Deportes,996.67,6,Camila Díaz,Monterrey,Sucursal Sur,Tarjeta de Crédito
3902,2024-08-11,Grapadora,Papelería,81.87,17,Luis Espinoza,Puebla,Sucursal Norte,Tarjeta de Crédito
3903,2025-07-03,Laptop,Electrónica,8341.11,16,Carolina Castro,Guadalajara,Sucursal Norte,Efectivo
3904,2025-11-12,Colchoneta,Deportes,556.4,15,Elena Delgado,Mérida,Sucursal Norte,Tarjeta de Crédito
3905,2024-06-18,Auriculares,Electrónica,1695.31,3,Paola Mendoza,Guadalajara,Sucursal Norte,Efectivo
3906,2025-07-16,Sudadera,Ropa,569.18,19,Valentina Cruz,León,Sucursal Norte,Tarjeta de Débito
3907,2024-03-23,Guantes de Box,Deportes,488.48,8,Miguel González,Puebla,Sucursal Norte,Efectivo
3908,2025-04-15,Lámpara,Hogar,300.94,12,Manuel Bravo,León,Sucursal Centro,Efectivo
3909,2024-07-03,Bolígrafo,Papelería,37.87,8,Mónica Ibáñez,Tijuana,Sucursal Centro,Tarjeta de Crédito
3910,2024-10-21,Pantalón,Ropa,644.79,1,Arturo Navarro,Guadalajara,Sucursal Norte,Efectivo
3911,2025-11-30,Camiseta,Ropa,358.87,8,Mariana Medina,Tijuana,Sucursal Norte,Tarjeta de Crédito
3912,2025-09-23,Detergente,Hogar,116.99,7,Luis Espinoza,Guadalajara,Sucursal Norte,Efectivo
3913,2024-02-15,Jugo,Alimentos,36.56,4,Ignacio Miranda,Monterrey,Sucursal Centro,Transferencia
3914,2024-05-12,Agua,Alimentos,32.75,4,Juan Cervantes,Tijuana,Sucursal Norte,Transferencia
3915,2025-09-08,Camiseta,Ropa,304.76,12,Gabriela Moreno,Puebla,Sucursal Centro,Tarjeta de Crédito
3916,2024-06-08,Toalla,Hogar,235.67,10,Mariana Medina,Tijuana,Sucursal Norte,Transferencia
3917,2025-10-16,Jugo,Alimentos,52.61,17,Ricardo Castillo,Ciudad de México,Sucursal Norte,Transferencia
3918,2024-11-22,Guantes de Box,Deportes,1054.99,12,José Rodríguez,Tijuana,Sucursal Centro,Tarjeta de Crédito
3919,2025-09-24,Teclado,Electrónica,398.33,9,Adriana Molina,León,Sucursal Norte,Tarjeta de Crédito
3920,2025-01-16,Colchoneta,Deportes,389.13,7,Tomás Vega,Puebla,Sucursal Norte,Tarjeta de Crédito
3921,2025-03-24,Esmalte,Belleza,67.97,4,Pablo Álvarez,León,Sucursal Centro,Tarjeta de Crédito
3922,2025-02-08,Carro de Juguete,Juguetes,260.76,19,Sergio Gutiérrez,Mérida,Sucursal Centro,Transferencia
3923,2024-01-06,Auriculares,Electrónica,994.15,18,Eduardo Jiménez,Monterrey,Sucursal Centro,Tarjeta de Débito
3924,2025-06-01,Agua,Alimentos,17.93,20,Víctor Salinas,León,Sucursal Norte,Tarjeta de Débito
3925,2025-01-17,Lámpara,Hogar,310.38,15,Héctor Soto,Mérida,Sucursal Centro,Tarjeta de Débito
3926,2024-02-18,Guantes de Box,Deportes,1169.24,11,Gabriela Moreno,Tijuana,Sucursal Norte,Efectivo
3927,2024-02-03,Teclado,Electrónica,330.08,16,Julio Cortez,Puebla,Sucursal Centro,Tarjeta de Débito
3928,2025-03-09,Toalla,Hogar,243.53,20,Carolina Castro,Guadalajara,Sucursal Centro,Tarjeta de Crédito
3929,2024-08-17,Pantalón,Ropa,498.33,11,Silvia Fuentes,Monterrey,Sucursal Sur,Tarjeta de Crédito
3930,2025-02-18,Grapadora,Papelería,194.86,17,Ana García,Guadalajara,Sucursal Centro,Transferencia
3931,2024-04-05,Gorra,Ropa,106.05,8,Isabel Ramírez,Monterrey,Sucursal Sur,Tarjeta de Débito
3932,2024-09-10,Auriculares,Electrónica,1912.37,6,Felipe Núñez,Monterrey,Sucursal Sur,Tarjeta de Débito
3933,2025-04-15,Toalla,Hogar,184.51,19,Jorge Romero,Guadalajara,Sucursal Sur,Transferencia
3934,2025-02-06,Chocolate,Alimentos,44.38,13,Ximena Paredes,Guadalajara,Sucursal Centro,Tarjeta de Débito
3935,2024-02-01,Zapatos Deportivos,Deportes,842.36,10,José Rodríguez,Monterrey,Sucursal Sur,Tarjeta de Débito
3936,2025-11-26,Rompecabezas,Juguetes,187.36,10,Gabriela Moreno,Guadalajara,Sucursal Norte,Efectivo
3937,2025-03-10,Muñeca,Juguetes,425.71,14,Guillermo León,Puebla,Sucursal Norte,Transferencia
3938,2025-06-18,Jugo,Alimentos,55.77,2,Guillermo León,Ciudad de México,Sucursal Sur,Transferencia
3939,2024-01-14,Labial,Belleza,85.87,6,Enrique Guerrero,Puebla,Sucursal Norte,Tarjeta de Crédito
3940,2025-07-18,Detergente,Hogar,50.71,13,Ramón Ortega,Tijuana,Sucursal Centro,Efectivo
3941,2025-09-05,Zapatos Deportivos,Deportes,1261.01,3,Laura Hernández,Puebla,Sucursal Centro,Tarjeta de Débito
3942,2024-01-28,Rompecabezas,Juguetes,305.63,7,Víctor Salinas,Ciudad de México,Sucursal Centro,Tarjeta de Débito
3943,2024-07-26,Camiseta,Ropa,155.73,15,José Rodríguez,Puebla,Sucursal Norte,Tarjeta de Débito
3944,2024-04-15,Monitor,Electrónica,3911.93,17,Lucía Ramos,Mérida,Sucursal Centro,Tarjeta de Débito
3945,2025-06-08,Sudadera,Ropa,468.02,19,Juan Cervantes,Mérida,Sucursal Centro,Transferencia
3946,2025-09-06,Grapadora,Papelería,199.77,3,José Rodríguez,Guadalajara,Sucursal Centro,Transferencia
3947,2024-12-25,Agua,Alimentos,18.43,9,Roberto Reyes,Mérida,Sucursal Norte,Efectivo
3948,2025-08-09,Sudadera,Ropa,479.34,12,Ignacio Miranda,Tijuana,Sucursal Norte,Transferencia
3949,2024-08-12,USB Flash Drive,Electrónica,117.48,14,Natalia Ruiz,Puebla,Sucursal Centro,Efectivo
3950,2025-02-11,Colchoneta,Deportes,634.84,3,David Torres,Monterrey,Sucursal Centro,Efectivo
3951,2024-04-01,Lámpara,Hogar,205.96,20,José Rodríguez,Guadalajara,Sucursal Sur,Tarjeta de Débito
3952,2024-03-30,Shampoo,Belleza,96.91,3,Mónica Ibáñez,León,Sucursal Norte,Tarjeta de Débito
3953,2025-07-31,Zapatos Deportivos,Deportes,2331.76,18,Rosa Ávila,Ciudad de México,Sucursal Norte,Tarjeta de Débito
3954,2024-01-08,Tijeras,Papelería,49.94,9,Rosa Ávila,Tijuana,Sucursal Norte,Tarjeta de Crédito
3955,2025-03-16,Chocolate,Alimentos,92.5,10,Ricardo Castillo,León,Sucursal Norte,Efectivo
3956,2025-04-01,Lámpara,Hogar,200.63,7,Mariana Medina,Tijuana,Sucursal Norte,Efectivo
3957,2025-12-30,Calcetines,Ropa,59.76,5,Tomás Vega,Guadalajara,Sucursal Centro,Tarjeta de Débito
3958,2024-11-13,Esmalte,Belleza,39.89,10,Rosa Ávila,León,Sucursal Centro,Tarjeta de Débito
3959,2024-06-20,Café,Alimentos,218.52,7,Héctor Soto,Mérida,Sucursal Norte,Tarjeta de Crédito
3960,2024-04-09,Detergente,Hogar,147.88,9,Lucía Ramos,Ciudad de México,Sucursal Centro,Efectivo
3961,2024-06-20,USB Flash Drive,Electrónica,224.58,10,Sergio Gutiérrez,Monterrey,Sucursal Sur,Tarjeta de Débito
3962,2025-02-28,Pantalón,Ropa,398.84,3,Alicia Ponce,Ciudad de México,Sucursal Centro,Efectivo
3963,2025-01-03,Esmalte,Belleza,89.5,13,Diego Cabrera,León,Sucursal Centro,Efectivo
3964,2025-02-08,Pelota de Fútbol,Deportes,255.76,17,Miguel González,Guadalajara,Sucursal Centro,Transferencia
3965,2025-09-09,Toalla,Hogar,165.96,3,María Martínez,Tijuana,Sucursal Norte,Tarjeta de Crédito
3966,2024-04-04,Calcetines,Ropa,94.43,20,Isabel Ramírez,León,Sucursal Centro,Efectivo
3967,2025-11-27,Calcetines,Ropa,58.81,5,Rebeca Campos,Tijuana,Sucursal Centro,Transferencia
3968,2024-06-20,Detergente,Hogar,113.19,15,Camila Díaz,Mérida,Sucursal Centro,Efectivo
3969,2025-09-10,Gorra,Ropa,122.92,13,Carlos López,Guadalajara,Sucursal Norte,Transferencia
3970,2025-10-20,Calcetines,Ropa,42.44,2,Natalia Ruiz,Puebla,Sucursal Centro,Efectivo
3971,2025-05-07,Bolígrafo,Papelería,47.49,16,Sandra Peña,Ciudad de México,Sucursal Sur,Efectivo
3972,2025-04-09,Carro de Juguete,Juguetes,218.98,6,Ricardo Castillo,Guadalajara,Sucursal Sur,Transferencia
3973,2024-12-03,Muñeca,Juguetes,243.72,4,Tomás Vega,Puebla,Sucursal Norte,Tarjeta de Débito
3974,2025-09-10,Café,Alimentos,114.23,2,Sofía Pérez,Guadalajara,Sucursal Sur,Tarjeta de Débito
3975,2024-12-27,Folder,Papelería,52.61,12,Paola Mendoza,Puebla,Sucursal Centro,Efectivo
3976,2025-08-23,Cuaderno,Papelería,66.72,12,Óscar Ríos,Puebla,Sucursal Norte,Tarjeta de Débito
3977,2025-11-15,Grapadora,Papelería,173.64,7,Ricardo Castillo,León,Sucursal Norte,Tarjeta de Débito
3978,2025-12-05,Sudadera,Ropa,300.13,18,Roberto Reyes,Ciudad de México,Sucursal Sur,Efectivo
3979,2025-08-19,Tijeras,Papelería,34.86,5,Ignacio Miranda,Guadalajara,Sucursal Norte,Transferencia
3980,2025-05-12,Crema Facial,Belleza,298.87,16,Paola Mendoza,Ciudad de México,Sucursal Sur,Tarjeta de Crédito
3981,2024-10-31,Zapatos Deportivos,Deportes,1298.54,10,Carlos López,Ciudad de México,Sucursal Centro,Tarjeta de Crédito
3982,2025-03-20,Toalla,Hogar,97.08,1,Isabel Ramírez,Mérida,Sucursal Norte,Efectivo
3983,2025-02-12,Shampoo,Belleza,83.05,1,Patricia Muñoz,Ciudad de México,Sucursal Norte,Efectivo
3984,2025-06-20,Detergente,Hogar,86.32,12,David Torres,León,Sucursal Norte,Transferencia
3985,2025-09-27,Cargador,Electrónica,241.63,1,Julio Cortez,Tijuana,Sucursal Norte,Tarjeta de Débito
3986,2024-03-06,Guantes de Box,Deportes,925.15,14,Mónica Ibáñez,Ciudad de México,Sucursal Sur,Tarjeta de Débito
3987,2025-05-01,Tijeras,Papelería,74.97,4,Sofía Pérez,León,Sucursal Norte,Tarjeta de Crédito
3988,2024-08-30,Bloques Didácticos,Juguetes,144.24,5,Arturo Navarro,Ciudad de México,Sucursal Norte,Tarjeta de Crédito
3989,2025-05-25,Toalla,Hogar,205.66,8,Alejandra Morales,Guadalajara,Sucursal Sur,Tarjeta de Débito
3990,2025-11-02,Guantes de Box,Deportes,843.32,20,Miguel González,Guadalajara,Sucursal Sur,Efectivo
3991,2024-06-13,Zapatos Deportivos,Deportes,1593.63,9,Ricardo Castillo,Guadalajara,Sucursal Norte,Tarjeta de Débito
3992,2025-02-19,Sudadera,Ropa,457.9,3,Adriana Molina,Guadalajara,Sucursal Centro,Tarjeta de Débito
3993,2025-06-27,Zapatos Deportivos,Deportes,2211.87,2,Carolina Castro,Mérida,Sucursal Centro,Tarjeta de Crédito
3994,2025-05-17,Auriculares,Electrónica,483.62,11,Ramón Ortega,Mérida,Sucursal Norte,Tarjeta de Crédito
3995,2024-10-12,Cargador,Electrónica,201.34,10,Alejandra Morales,Guadalajara,Sucursal Centro,Transferencia
3996,2024-10-22,Pantalón,Ropa,758.08,20,Juan Cervantes,Puebla,Sucursal Norte,Tarjeta de Crédito
3997,2025-03-17,Monitor,Electrónica,4902.48,17,Sebastián Fuentes,León,Sucursal Norte,Efectivo
3998,2024-11-14,Lámpara,Hogar,742.45,4,Ricardo Castillo,Ciudad de México,Sucursal Centro,Tarjeta de Crédito
3999,2025-11-24,Cargador,Electrónica,142.65,5,Miguel González,Guadalajara,Sucursal Norte,Efectivo
4000,2024-05-23,Crema Facial,Belleza,209.67,2,Paola Mendoza,Mérida,Sucursal Centro,Transferencia
4001,2025-11-17,Lámpara,Hogar,436.31,3,Lucía Ramos,Tijuana,Sucursal Centro,Transferencia
4002,2024-05-02,Mouse,Electrónica,173.32,20,Adriana Molina,Guadalajara,Sucursal Centro,Efectivo
4003,2025-12-25,Galletas,Alimentos,63.37,8,Rosa Ávila,Monterrey,Sucursal Sur,Tarjeta de Crédito
4004,2024-04-18,Agua,Alimentos,22.27,11,Diego Cabrera,Guadalajara,Sucursal Sur,Efectivo
4005,2024-03-31,Lámpara,Hogar,337.07,3,Tomás Vega,Tijuana,Sucursal Centro,Transferencia
4006,2025-06-05,Gorra,Ropa,199.27,8,Marco Sánchez,León,Sucursal Centro,Efectivo
4007,2024-09-08,Zapatos Deportivos,Deportes,1900.12,2,José Rodríguez,Puebla,Sucursal Centro,Efectivo
4008,2025-06-09,Cuaderno,Papelería,97.35,13,Sofía Pérez,Puebla,Sucursal Centro,Efectivo
4009,2024-12-15,Pantalón,Ropa,445.57,5,Sergio Gutiérrez,León,Sucursal Norte,Tarjeta de Crédito
4010,2025-02-05,Bloques Didácticos,Juguetes,216.54,19,Verónica Aguilar,Guadalajara,Sucursal Centro,Transferencia
4011,2025-10-12,Carro de Juguete,Juguetes,317.76,8,Sofía Pérez,Ciudad de México,Sucursal Centro,Tarjeta de Crédito
4012,2024-12-30,Jugo,Alimentos,29.29,4,Tomás Vega,Guadalajara,Sucursal Sur,Tarjeta de Crédito
4013,2024-06-15,Monitor,Electrónica,6376.78,15,Rebeca Campos,Mérida,Sucursal Centro,Tarjeta de Débito
4014,2024-03-26,Almohada,Hogar,215.03,11,Fernanda Luna,Monterrey,Sucursal Sur,Tarjeta de Crédito
4015,2024-01-02,Teclado,Electrónica,659.69,5,Óscar Ríos,Mérida,Sucursal Norte,Tarjeta de Crédito
4016,2024-01-14,Colchoneta,Deportes,448.26,9,Eduardo Jiménez,Mérida,Sucursal Norte,Efectivo
4017,2024-04-22,Rompecabezas,Juguetes,300.6,8,Miguel González,Monterrey,Sucursal Centro,Transferencia
4018,2024-08-05,Esmalte,Belleza,44.34,19,María Martínez,Guadalajara,Sucursal Norte,Transferencia
4019,2025-04-24,Tijeras,Papelería,74.04,14,Luis Espinoza,Tijuana,Sucursal Centro,Efectivo
4020,2024-07-22,Auriculares,Electrónica,912.51,10,Carolina Castro,Ciudad de México,Sucursal Centro,Tarjeta de Crédito
4021,2024-01-05,Calcetines,Ropa,60.92,15,Verónica Aguilar,Monterrey,Sucursal Sur,Tarjeta de Crédito
4022,2025-02-01,Esmalte,Belleza,106.09,16,Arturo Navarro,Tijuana,Sucursal Norte,Tarjeta de Crédito
4023,2025-05-18,Camiseta,Ropa,220.3,18,Isabel Ramírez,Tijuana,Sucursal Centro,Tarjeta de Crédito
4024,2025-11-21,Pantalón,Ropa,399.71,20,Víctor Salinas,León,Sucursal Norte,Transferencia
4025,2025-10-18,Bloques Didácticos,Juguetes,307.19,2,Héctor Soto,Mérida,Sucursal Norte,Efectivo
4026,2024-04-15,Bloques Didácticos,Juguetes,220.72,12,Alicia Ponce,Guadalajara,Sucursal Centro,Tarjeta de Débito
4027,2025-12-06,Muñeca,Juguetes,232.36,14,Manuel Bravo,Mérida,Sucursal Centro,Efectivo
4028,2025-06-23,Shampoo,Belleza,157.4,14,Óscar Ríos,Monterrey,Sucursal Norte,Transferencia
4029,2024-11-26,Zapatos Deportivos,Deportes,2016.43,2,Eduardo Jiménez,Guadalajara,Sucursal Centro,Tarjeta de Débito
4030,2024-10-04,Colchoneta,Deportes,735.69,13,Elena Delgado,Ciudad de México,Sucursal Norte,Tarjeta de Crédito
4031,2025-04-20,Toalla,Hogar,151.02,14,Sergio Gutiérrez,Mérida,Sucursal Centro,Tarjeta de Débito
4032,2025-05-19,Detergente,Hogar,52.99,11,Diego Cabrera,Tijuana,Sucursal Centro,Tarjeta de Débito
4033,2025-10-09,Labial,Belleza,155.98,1,Laura Hernández,León,Sucursal Norte,Tarjeta de Débito
4034,2025-09-11,Chocolate,Alimentos,43.84,2,Laura Hernández,Tijuana,Sucursal Centro,Transferencia
4035,2024-12-19,Folder,Papelería,44.19,4,Sandra Peña,León,Sucursal Centro,Efectivo
4036,2025-12-15,Auriculares,Electrónica,1173.84,18,Rebeca Campos,León,Sucursal Norte,Efectivo
4037,2025-06-22,Colchoneta,Deportes,735.68,14,Ximena Paredes,Ciudad de México,Sucursal Centro,Efectivo
4038,2025-11-08,Teclado,Electrónica,334.04,7,Manuel Bravo,Monterrey,Sucursal Centro,Tarjeta de Crédito
4039,2024-03-29,Gorra,Ropa,166.19,17,Sandra Peña,Puebla,Sucursal Centro,Tarjeta de Débito
4040,2025-10-19,Auriculares,Electrónica,1541.63,4,Víctor Salinas,Mérida,Sucursal Norte,Transferencia
4041,2024-11-03,Lámpara,Hogar,364.37,1,Luis Espinoza,Puebla,Sucursal Norte,Tarjeta de Crédito
4042,2024-06-05,Guantes de Box,Deportes,697.71,15,Héctor Soto,Tijuana,Sucursal Centro,Tarjeta de Crédito
4043,2024-05-14,Shampoo,Belleza,129.17,5,Luis Espinoza,León,Sucursal Norte,Efectivo
4044,2025-01-29,Café,Alimentos,219.83,18,Ramón Ortega,León,Sucursal Norte,Transferencia
4045,2025-10-08,Mouse,Electrónica,246.44,10,Ana García,Guadalajara,Sucursal Centro,Efectivo
4046,2025-09-11,Perfume,Belleza,1188.24,3,Adriana Molina,Guadalajara,Sucursal Sur,Tarjeta de Débito
4047,2025-04-03,Pantalón,Ropa,464.55,20,Jorge Romero,Mérida,Sucursal Norte,Transferencia
4048,2025-05-23,Monitor,Electrónica,6420.02,15,Miguel González,Monterrey,Sucursal Sur,Tarjeta de Crédito
4049,2024-08-14,Rompecabezas,Juguetes,282.13,5,Víctor Salinas,Tijuana,Sucursal Centro,Tarjeta de Débito
4050,2024-02-15,Bloques Didácticos,Juguetes,233.97,9,Lucía Ramos,Guadalajara,Sucursal Norte,Tarjeta de Crédito
4051,2025-07-02,Carro de Juguete,Juguetes,289.87,6,Andrés Vargas,Puebla,Sucursal Norte,Tarjeta de Débito
4052,2025-08-31,Monitor,Electrónica,5138.58,5,Rebeca Campos,Mérida,Sucursal Norte,Tarjeta de Crédito
4053,2024-04-09,Gorra,Ropa,100.88,15,Renata Suárez,Guadalajara,Sucursal Norte,Tarjeta de Crédito
4054,2025-08-12,Calcetines,Ropa,75.2,8,Marco Sánchez,León,Sucursal Norte,Tarjeta de Débito
4055,2024-12-18,Agua,Alimentos,32.07,3,Roberto Reyes,Ciudad de México,Sucursal Centro,Transferencia
4056,2024-03-19,Crema Facial,Belleza,287.81,19,Diego Cabrera,León,Sucursal Centro,Transferencia
4057,2025-03-11,Pelota de Fútbol,Deportes,321.03,14,María Martínez,Ciudad de México,Sucursal Norte,Tarjeta de Débito
4058,2025-06-13,Rompecabezas,Juguetes,183.69,11,Isabel Ramírez,Ciudad de México,Sucursal Sur,Tarjeta de Crédito
4059,2024-03-29,Laptop,Electrónica,10141.87,18,Ana García,Monterrey,Sucursal Centro,Tarjeta de Débito
4060,2024-05-25,Galletas,Alimentos,56.44,7,Cecilia Trujillo,Mérida,Sucursal Norte,Efectivo
4061,2024-10-23,Auriculares,Electrónica,476.19,8,Camila Díaz,Mérida,Sucursal Centro,Transferencia
4062,2025-07-05,Detergente,Hogar,68.18,10,Beatriz Rojas,Monterrey,Sucursal Sur,Efectivo
4063,2024-09-17,Mouse,Electrónica,233.49,14,Fernanda Luna,Guadalajara,Sucursal Sur,Tarjeta de Débito
4064,2024-03-03,Agua,Alimentos,37.64,1,Mónica Ibáñez,Ciudad de México,Sucursal Sur,Tarjeta de Crédito
4065,2024-08-02,Esmalte,Belleza,64.98,18,Marco Sánchez,Tijuana,Sucursal Centro,Efectivo
4066,2025-12-11,Laptop,Electrónica,17157.26,16,Patricia Muñoz,Ciudad de México,Sucursal Sur,Tarjeta de Débito
4067,2025-05-30,Lámpara,Hogar,480.8,7,Luis Espinoza,León,Sucursal Centro,Transferencia
4068,2024-07-17,Shampoo,Belleza,93.75,1,Laura Hernández,Mérida,Sucursal Norte,Tarjeta de Crédito
4069,2025-12-13,Rompecabezas,Juguetes,203.85,2,Ramón Ortega,Tijuana,Sucursal Centro,Tarjeta de Débito
4070,2024-03-22,Chocolate,Alimentos,59.74,13,Alicia Ponce,Ciudad de México,Sucursal Sur,Tarjeta de Crédito
4071,2025-08-25,Chocolate,Alimentos,39.26,14,Ana García,Tijuana,Sucursal Norte,Efectivo
4072,2025-01-30,Calcetines,Ropa,33.45,4,Héctor Soto,Guadalajara,Sucursal Sur,Efectivo
4073,2025-07-12,Muñeca,Juguetes,369.2,18,Héctor Soto,Mérida,Sucursal Norte,Tarjeta de Crédito
4074,2024-12-08,Toalla,Hogar,189.46,2,Marco Sánchez,Mérida,Sucursal Centro,Efectivo
4075,2025-06-06,Esmalte,Belleza,111.75,13,Patricia Muñoz,Monterrey,Sucursal Sur,Transferencia
4076,2025-12-26,Café,Alimentos,129.85,14,Natalia Ruiz,Tijuana,Sucursal Centro,Tarjeta de Crédito
4077,2024-10-20,Zapatos Deportivos,Deportes,1684.73,12,Andrés Vargas,León,Sucursal Centro,Transferencia
4078,2025-03-17,Shampoo,Belleza,90.0,18,Valentina Cruz,Tijuana,Sucursal Centro,Efectivo
4079,2025-09-24,Labial,Belleza,89.44,3,Sebastián Fuentes,Tijuana,Sucursal Centro,Tarjeta de Crédito
4080,2025-05-18,Zapatos Deportivos,Deportes,1519.71,8,Guillermo León,Ciudad de México,Sucursal Sur,Tarjeta de Crédito
4081,2024-07-14,Galletas,Alimentos,77.34,1,Ximena Paredes,Guadalajara,Sucursal Norte,Transferencia
4082,2025-08-30,Toalla,Hogar,218.42,20,Mariana Medina,Puebla,Sucursal Norte,Efectivo
4083,2024-12-08,Shampoo,Belleza,110.59,14,Sergio Gutiérrez,Guadalajara,Sucursal Sur,Tarjeta de Débito
4084,2024-08-08,Perfume,Belleza,353.66,20,Paola Mendoza,Mérida,Sucursal Centro,Efectivo
4085,2025-01-24,Cuaderno,Papelería,94.24,12,Pablo Álvarez,Guadalajara,Sucursal Sur,Tarjeta de Débito
4086,2025-04-27,Toalla,Hogar,183.97,5,Andrés Vargas,Tijuana,Sucursal Norte,Transferencia
4087,2025-01-03,Esmalte,Belleza,59.05,12,Andrés Vargas,Monterrey,Sucursal Norte,Efectivo
4088,2025-06-10,Agua,Alimentos,30.48,4,Héctor Soto,Guadalajara,Sucursal Centro,Efectivo
4089,2025-08-12,Camiseta,Ropa,236.85,20,Juan Cervantes,Mérida,Sucursal Norte,Transferencia
4090,2025-01-10,Sudadera,Ropa,485.59,20,Juan Cervantes,Mérida,Sucursal Centro,Tarjeta de Débito
4091,2025-11-21,Mouse,Electrónica,200.44,7,Fernanda Luna,Puebla,Sucursal Norte,Tarjeta de Crédito
4092,2024-10-03,USB Flash Drive,Electrónica,112.14,11,Alejandra Morales,Puebla,Sucursal Centro,Transferencia
4093,2024-05-13,Almohada,Hogar,165.26,3,Cecilia Trujillo,Ciudad de México,Sucursal Sur,Efectivo
4094,2024-05-30,Agua,Alimentos,38.06,10,Mariana Medina,Tijuana,Sucursal Centro,Transferencia
4095,2024-02-26,Esmalte,Belleza,69.11,16,Luis Espinoza,Puebla,Sucursal Norte,Transferencia
4096,2024-10-18,Almohada,Hogar,343.6,8,Rosa Ávila,Puebla,Sucursal Norte,Transferencia
4097,2024-12-07,Muñeca,Juguetes,537.3,18,Miguel González,Mérida,Sucursal Norte,Tarjeta de Débito
4098,2024-07-17,Crema Facial,Belleza,274.72,13,Ignacio Miranda,Mérida,Sucursal Norte,Tarjeta de Débito
4099,2024-02-04,Shampoo,Belleza,132.4,8,Tomás Vega,Tijuana,Sucursal Centro,Tarjeta de Crédito
4100,2025-07-08,Folder,Papelería,21.84,18,Ricardo Castillo,Ciudad de México,Sucursal Centro,Transferencia
4101,2024-03-06,Muñeca,Juguetes,255.82,1,Daniela Herrera,Monterrey,Sucursal Centro,Tarjeta de Crédito
4102,2024-11-02,Bolígrafo,Papelería,12.6,3,Juan Cervantes,León,Sucursal Centro,Tarjeta de Débito
4103,2025-05-05,Shampoo,Belleza,117.19,12,Silvia Fuentes,Guadalajara,Sucursal Centro,Tarjeta de Crédito
4104,2024-01-07,Esmalte,Belleza,105.67,1,Carolina Castro,Monterrey,Sucursal Norte,Tarjeta de Débito
4105,2025-02-28,Rompecabezas,Juguetes,291.43,20,Adriana Molina,Mérida,Sucursal Centro,Efectivo
4106,2025-05-11,Muñeca,Juguetes,221.99,10,Víctor Salinas,Ciudad de México,Sucursal Sur,Transferencia
4107,2024-01-01,Detergente,Hogar,97.87,17,José Rodríguez,León,Sucursal Norte,Transferencia
4108,2024-12-06,Esmalte,Belleza,36.53,15,Andrés Vargas,Tijuana,Sucursal Centro,Transferencia
4109,2025-11-06,Gorra,Ropa,155.7,15,Fernando Flores,Guadalajara,Sucursal Centro,Transferencia
4110,2025-11-06,Shampoo,Belleza,85.99,12,Carlos López,Ciudad de México,Sucursal Centro,Efectivo
4111,2025-05-21,Guantes de Box,Deportes,604.29,1,Enrique Guerrero,Ciudad de México,Sucursal Sur,Tarjeta de Crédito
4112,2024-09-22,Galletas,Alimentos,61.09,4,Isabel Ramírez,León,Sucursal Centro,Efectivo
4113,2024-12-11,Guantes de Box,Deportes,1157.42,13,Ignacio Miranda,Guadalajara,Sucursal Centro,Efectivo
4114,2025-10-10,Muñeca,Juguetes,323.99,10,Silvia Fuentes,Tijuana,Sucursal Norte,Transferencia
4115,2024-06-16,Café,Alimentos,151.45,1,Tomás Vega,Puebla,Sucursal Norte,Transferencia
4116,2025-10-26,Chocolate,Alimentos,74.45,7,Diego Cabrera,Guadalajara,Sucursal Sur,Transferencia
4117,2025-11-20,Labial,Belleza,88.03,14,Juan Cervantes,Puebla,Sucursal Centro,Transferencia
4118,2025-03-01,Jugo,Alimentos,44.69,13,Roberto Reyes,Guadalajara,Sucursal Norte,Tarjeta de Crédito
4119,2024-04-16,Marcadores,Papelería,77.43,9,Lucía Ramos,Puebla,Sucursal Centro,Transferencia
4120,2024-05-09,Café,Alimentos,230.9,13,José Rodríguez,Guadalajara,Sucursal Centro,Tarjeta de Crédito
4121,2024-09-07,Chocolate,Alimentos,30.69,12,Felipe Núñez,Ciudad de México,Sucursal Norte,Transferencia
4122,2024-10-17,Zapatos Deportivos,Deportes,1776.57,12,Ximena Paredes,Puebla,Sucursal Norte,Tarjeta de Crédito
4123,2024-04-12,Zapatos Deportivos,Deportes,2304.16,3,Paola Mendoza,Monterrey,Sucursal Centro,Transferencia
4124,2025-03-30,Perfume,Belleza,334.63,13,Guillermo León,Puebla,Sucursal Centro,Efectivo
4125,2024-05-23,Auriculares,Electrónica,546.81,17,Sandra Peña,Guadalajara,Sucursal Sur,Tarjeta de Débito
4126,2025-03-09,Colchoneta,Deportes,553.35,14,Alberto Varela,Mérida,Sucursal Centro,Tarjeta de Débito
4127,2025-07-23,Marcadores,Papelería,63.04,11,Daniela Herrera,Guadalajara,Sucursal Centro,Efectivo
4128,2024-11-20,Tijeras,Papelería,27.3,13,Héctor Soto,Mérida,Sucursal Norte,Efectivo
4129,2025-09-28,Grapadora,Papelería,94.11,7,Rebeca Campos,Monterrey,Sucursal Norte,Tarjeta de Crédito
4130,2024-10-03,Esmalte,Belleza,95.81,4,Sebastián Fuentes,Ciudad de México,Sucursal Sur,Tarjeta de Débito
4131,2024-08-09,Sudadera,Ropa,561.73,17,Mariana Medina,León,Sucursal Centro,Transferencia
4132,2025-09-30,Calcetines,Ropa,96.59,14,Óscar Ríos,León,Sucursal Norte,Tarjeta de Débito
4133,2025-07-09,Toalla,Hogar,179.53,16,Lucía Ramos,Tijuana,Sucursal Centro,Efectivo
4134,2025-09-25,Tijeras,Papelería,41.67,18,Isabel Ramírez,Ciudad de México,Sucursal Norte,Efectivo
4135,2024-01-04,Pantalón,Ropa,752.81,8,Rebeca Campos,Monterrey,Sucursal Centro,Tarjeta de Débito
4136,2025-08-02,Galletas,Alimentos,43.17,15,Juan Cervantes,León,Sucursal Norte,Tarjeta de Débito
4137,2025-10-03,Folder,Papelería,27.38,16,Tomás Vega,Guadalajara,Sucursal Centro,Tarjeta de Débito
4138,2025-08-23,Marcadores,Papelería,119.82,7,Gabriela Moreno,Monterrey,Sucursal Sur,Transferencia
4139,2024-01-15,Folder,Papelería,46.66,1,Sergio Gutiérrez,Mérida,Sucursal Norte,Tarjeta de Débito
4140,2025-03-29,Guantes de Box,Deportes,1107.98,15,Felipe Núñez,León,Sucursal Centro,Tarjeta de Crédito
4141,2024-06-18,Rompecabezas,Juguetes,210.35,20,Alejandra Morales,Ciudad de México,Sucursal Centro,Transferencia
4142,2025-11-23,Perfume,Belleza,841.89,1,Laura Hernández,León,Sucursal Centro,Transferencia
4143,2025-05-18,Labial,Belleza,90.45,3,Sergio Gutiérrez,Guadalajara,Sucursal Sur,Transferencia
4144,2025-02-19,Esmalte,Belleza,94.98,8,Elena Delgado,León,Sucursal Norte,Tarjeta de Crédito
4145,2025-07-17,Zapatos Deportivos,Deportes,1345.73,6,Ana García,Monterrey,Sucursal Centro,Tarjeta de Débito
4146,2025-01-06,Mouse,Electrónica,167.55,18,Adriana Molina,Guadalajara,Sucursal Centro,Transferencia
4147,2025-03-07,Agua,Alimentos,25.75,10,Rosa Ávila,Guadalajara,Sucursal Sur,Efectivo
4148,2024-12-01,Colchoneta,Deportes,348.03,3,Rosa Ávila,Tijuana,Sucursal Norte,Transferencia
4149,2024-01-09,Almohada,Hogar,236.06,20,Felipe Núñez,Monterrey,Sucursal Centro,Tarjeta de Débito
4150,2025-10-11,Pantalón,Ropa,336.71,20,David Torres,Ciudad de México,Sucursal Centro,Transferencia
4151,2024-11-29,Teclado,Electrónica,233.64,4,Fernando Flores,Puebla,Sucursal Norte,Tarjeta de Crédito
4152,2025-06-25,Grapadora,Papelería,176.64,14,Ana García,Puebla,Sucursal Norte,Tarjeta de Débito
4153,2025-06-03,USB Flash Drive,Electrónica,227.38,3,Rosa Ávila,Monterrey,Sucursal Centro,Tarjeta de Crédito
4154,2025-01-14,Zapatos Deportivos,Deportes,2293.59,19,Silvia Fuentes,Ciudad de México,Sucursal Centro,Efectivo
4155,2024-05-05,Cargador,Electrónica,164.33,8,Laura Hernández,León,Sucursal Norte,Tarjeta de Débito
4156,2025-05-11,Toalla,Hogar,81.24,16,Sofía Pérez,Guadalajara,Sucursal Centro,Transferencia
4157,2025-12-16,Bolígrafo,Papelería,21.82,13,Lucía Ramos,Tijuana,Sucursal Centro,Tarjeta de Crédito
4158,2025-10-04,Shampoo,Belleza,149.9,16,Óscar Ríos,Ciudad de México,Sucursal Sur,Transferencia
4159,2025-05-23,Jugo,Alimentos,21.14,10,Jorge Romero,Monterrey,Sucursal Norte,Tarjeta de Débito
4160,2024-09-12,Gorra,Ropa,226.98,16,Ricardo Castillo,Puebla,Sucursal Norte,Transferencia
4161,2025-08-17,Rompecabezas,Juguetes,174.18,2,Ximena Paredes,Guadalajara,Sucursal Sur,Transferencia
4162,2025-05-14,Teclado,Electrónica,670.58,12,Víctor Salinas,Guadalajara,Sucursal Sur,Tarjeta de Crédito
4163,2024-03-15,Agua,Alimentos,39.83,16,Marco Sánchez,León,Sucursal Centro,Tarjeta de Débito
4164,2025-05-11,Lámpara,Hogar,764.39,5,Arturo Navarro,Mérida,Sucursal Centro,Tarjeta de Débito
4165,2025-06-22,Zapatos Deportivos,Deportes,1719.92,5,Juan Cervantes,Mérida,Sucursal Centro,Efectivo
4166,2024-10-22,Colchoneta,Deportes,376.35,8,David Torres,Guadalajara,Sucursal Norte,Transferencia
4167,2025-02-26,Tijeras,Papelería,60.43,3,Mónica Ibáñez,Tijuana,Sucursal Norte,Tarjeta de Débito
4168,2024-12-09,Gorra,Ropa,145.39,20,Rebeca Campos,Ciudad de México,Sucursal Norte,Transferencia
4169,2024-05-17,Rompecabezas,Juguetes,381.1,15,Mariana Medina,León,Sucursal Centro,Transferencia
4170,2025-09-19,Camiseta,Ropa,378.58,6,David Torres,Mérida,Sucursal Norte,Tarjeta de Débito
4171,2025-12-24,Zapatos Deportivos,Deportes,1706.26,12,Mónica Ibáñez,Tijuana,Sucursal Centro,Tarjeta de Débito
4172,2025-05-24,Cuaderno,Papelería,116.81,5,Daniela Herrera,Ciudad de México,Sucursal Sur,Tarjeta de Crédito
4173,2024-04-22,Carro de Juguete,Juguetes,420.07,9,Enrique Guerrero,León,Sucursal Norte,Transferencia
4174,2024-05-16,Marcadores,Papelería,81.18,7,Alberto Varela,Puebla,Sucursal Norte,Tarjeta de Crédito
4175,2024-12-16,Pelota de Fútbol,Deportes,322.72,1,Sergio Gutiérrez,Tijuana,Sucursal Norte,Transferencia
4176,2025-03-13,Calcetines,Ropa,89.67,4,Lucía Ramos,Puebla,Sucursal Norte,Tarjeta de Crédito
4177,2025-10-07,Crema Facial,Belleza,310.28,20,Renata Suárez,León,Sucursal Centro,Tarjeta de Débito
4178,2024-12-05,Bloques Didácticos,Juguetes,331.29,10,Marco Sánchez,Ciudad de México,Sucursal Norte,Tarjeta de Crédito
4179,2025-09-18,Almohada,Hogar,342.94,4,Beatriz Rojas,Ciudad de México,Sucursal Centro,Tarjeta de Débito
4180,2024-06-23,Gorra,Ropa,202.31,5,David Torres,Mérida,Sucursal Norte,Transferencia
4181,2025-12-19,Laptop,Electrónica,18160.03,2,Marco Sánchez,Tijuana,Sucursal Norte,Efectivo
4182,2024-03-12,Jugo,Alimentos,42.18,5,Guillermo León,Puebla,Sucursal Centro,Transferencia
4183,2024-03-19,Laptop,Electrónica,21306.26,2,Julio Cortez,Puebla,Sucursal Norte,Transferencia
4184,2024-10-13,Detergente,Hogar,57.61,6,Rebeca Campos,Tijuana,Sucursal Centro,Efectivo
4185,2024-01-14,Carro de Juguete,Juguetes,335.36,16,Rosa Ávila,Ciudad de México,Sucursal Centro,Tarjeta de Débito
4186,2024-06-29,Guantes de Box,Deportes,517.07,5,José Rodríguez,Monterrey,Sucursal Centro,Tarjeta de Crédito
4187,2025-04-17,Bloques Didácticos,Juguetes,180.81,17,Fernando Flores,Mérida,Sucursal Centro,Transferencia
4188,2024-12-22,Esmalte,Belleza,46.4,14,Daniela Herrera,Tijuana,Sucursal Norte,Transferencia
4189,2025-07-08,Bloques Didácticos,Juguetes,185.45,1,Gabriela Moreno,Guadalajara,Sucursal Sur,Tarjeta de Crédito
4190,2024-01-16,Pelota de Fútbol,Deportes,486.52,7,Daniela Herrera,León,Sucursal Centro,Tarjeta de Débito
4191,2024-12-06,Chocolate,Alimentos,71.41,20,Luis Espinoza,Puebla,Sucursal Centro,Transferencia
4192,2024-12-10,Guantes de Box,Deportes,657.03,2,Guillermo León,Monterrey,Sucursal Norte,Efectivo
4193,2025-05-08,Folder,Papelería,39.15,19,Fernanda Luna,Guadalajara,Sucursal Norte,Tarjeta de Crédito
4194,2025-10-10,Lámpara,Hogar,454.02,1,Rebeca Campos,Monterrey,Sucursal Centro,Tarjeta de Crédito
4195,2024-05-29,Jugo,Alimentos,55.56,15,Fernanda Luna,Monterrey,Sucursal Sur,Transferencia
4196,2025-06-27,Zapatos Deportivos,Deportes,1019.44,1,Julio Cortez,León,Sucursal Norte,Tarjeta de Débito
4197,2024-05-05,Folder,Papelería,25.32,17,Marco Sánchez,Guadalajara,Sucursal Sur,Transferencia
4198,2024-02-13,Toalla,Hogar,231.98,12,Sofía Pérez,Tijuana,Sucursal Norte,Transferencia
4199,2025-11-07,Labial,Belleza,164.93,1,Camila Díaz,Monterrey,Sucursal Sur,Transferencia
4200,2025-08-24,Jugo,Alimentos,48.69,9,Ignacio Miranda,Mérida,Sucursal Centro,Tarjeta de Crédito
4201,2024-07-25,Almohada,Hogar,377.88,13,Óscar Ríos,Mérida,Sucursal Norte,Transferencia
4202,2024-06-07,Camiseta,Ropa,244.89,9,Héctor Soto,León,Sucursal Norte,Tarjeta de Crédito
4203,2024-04-08,Camiseta,Ropa,343.42,15,Ximena Paredes,León,Sucursal Norte,Transferencia
4204,2024-09-09,Sudadera,Ropa,335.72,7,Sofía Pérez,Puebla,Sucursal Centro,Transferencia
4205,2025-04-03,Labial,Belleza,199.18,7,Ximena Paredes,Guadalajara,Sucursal Centro,Tarjeta de Débito
4206,2025-03-18,Laptop,Electrónica,19612.22,5,Pablo Álvarez,Guadalajara,Sucursal Sur,Tarjeta de Crédito
4207,2025-05-04,Grapadora,Papelería,115.22,8,Ramón Ortega,Mérida,Sucursal Centro,Tarjeta de Débito
4208,2024-05-05,Café,Alimentos,112.73,1,Elena Delgado,León,Sucursal Centro,Tarjeta de Débito
4209,2025-12-16,Monitor,Electrónica,2696.09,15,Alicia Ponce,Puebla,Sucursal Norte,Tarjeta de Crédito
4210,2025-07-07,Zapatos Deportivos,Deportes,2358.6,11,Mariana Medina,Ciudad de México,Sucursal Centro,Transferencia
4211,2024-07-11,Auriculares,Electrónica,1079.56,11,Héctor Soto,Ciudad de México,Sucursal Norte,Tarjeta de Débito
4212,2025-04-12,Colchoneta,Deportes,439.45,4,Arturo Navarro,Ciudad de México,Sucursal Norte,Tarjeta de Crédito
4213,2025-07-19,Almohada,Hogar,192.29,10,Fernando Flores,León,Sucursal Centro,Tarjeta de Crédito
4214,2025-06-11,Guantes de Box,Deportes,660.79,2,Adriana Molina,Ciudad de México,Sucursal Sur,Tarjeta de Crédito
4215,2024-06-22,Bloques Didácticos,Juguetes,237.74,4,Fernando Flores,Monterrey,Sucursal Centro,Transferencia
4216,2024-12-10,Mouse,Electrónica,304.96,5,Felipe Núñez,Tijuana,Sucursal Norte,Transferencia
4217,2025-06-22,Auriculares,Electrónica,1073.09,2,Roberto Reyes,Puebla,Sucursal Centro,Transferencia
4218,2024-06-24,Cuaderno,Papelería,102.67,3,Ximena Paredes,Ciudad de México,Sucursal Centro,Efectivo
4219,2025-07-25,Detergente,Hogar,89.51,9,Fernando Flores,Guadalajara,Sucursal Centro,Transferencia
4220,2024-05-15,Guantes de Box,Deportes,726.44,3,Natalia Ruiz,Monterrey,Sucursal Norte,Efectivo
4221,2025-02-07,Calcetines,Ropa,42.45,12,Roberto Reyes,Ciudad de México,Sucursal Sur,Transferencia
4222,2024-04-20,Lámpara,Hogar,331.96,1,Isabel Ramírez,Mérida,Sucursal Centro,Tarjeta de Débito
4223,2025-09-12,Tijeras,Papelería,41.68,11,Gabriela Moreno,Mérida,Sucursal Centro,Tarjeta de Débito
4224,2025-07-11,Muñeca,Juguetes,579.66,10,Felipe Núñez,Tijuana,Sucursal Norte,Transferencia
4225,2025-07-13,Rompecabezas,Juguetes,169.97,6,Paola Mendoza,Tijuana,Sucursal Norte,Efectivo
4226,2025-03-16,Folder,Papelería,20.19,6,María Martínez,León,Sucursal Centro,Efectivo
4227,2025-03-26,Rompecabezas,Juguetes,336.21,15,Marco Sánchez,Tijuana,Sucursal Centro,Efectivo
4228,2025-09-26,Mouse,Electrónica,272.47,11,Isabel Ramírez,León,Sucursal Centro,Transferencia
4229,2025-04-16,Bolígrafo,Papelería,15.3,19,Paola Mendoza,Mérida,Sucursal Norte,Efectivo
4230,2024-05-08,Zapatos Deportivos,Deportes,2472.0,10,Daniela Herrera,Guadalajara,Sucursal Centro,Transferencia
4231,2024-03-30,Zapatos Deportivos,Deportes,2249.88,12,Cecilia Trujillo,Guadalajara,Sucursal Centro,Efectivo
4232,2025-12-15,Rompecabezas,Juguetes,200.15,14,Pablo Álvarez,Ciudad de México,Sucursal Sur,Tarjeta de Crédito
4233,2024-12-31,Zapatos Deportivos,Deportes,1348.25,19,Sofía Pérez,Puebla,Sucursal Centro,Efectivo
4234,2025-09-05,Gorra,Ropa,139.09,7,Adriana Molina,Guadalajara,Sucursal Centro,Tarjeta de Débito
4235,2025-10-09,USB Flash Drive,Electrónica,140.34,5,Arturo Navarro,Monterrey,Sucursal Centro,Efectivo
4236,2025-01-12,Cuaderno,Papelería,79.38,15,Verónica Aguilar,Puebla,Sucursal Norte,Tarjeta de Crédito
4237,2024-04-18,Galletas,Alimentos,33.49,18,Ana García,Puebla,Sucursal Norte,Efectivo
4238,2024-12-31,Auriculares,Electrónica,1499.63,20,Renata Suárez,Guadalajara,Sucursal Norte,Efectivo
4239,2025-07-27,Pantalón,Ropa,535.54,3,Alicia Ponce,Puebla,Sucursal Norte,Tarjeta de Crédito
4240,2024-09-05,Agua,Alimentos,38.71,3,Marco Sánchez,Monterrey,Sucursal Norte,Tarjeta de Crédito
4241,2024-08-14,Jugo,Alimentos,26.41,13,Laura Hernández,Puebla,Sucursal Centro,Tarjeta de Débito
4242,2025-02-23,Chocolate,Alimentos,63.53,6,Daniela Herrera,Mérida,Sucursal Norte,Efectivo
4243,2024-05-02,Guantes de Box,Deportes,836.05,13,Eduardo Jiménez,Tijuana,Sucursal Centro,Tarjeta de Débito
4244,2025-10-14,Detergente,Hogar,110.28,10,Isabel Ramírez,Monterrey,Sucursal Centro,Tarjeta de Débito
4245,2025-06-23,Zapatos Deportivos,Deportes,1519.9,3,Ana García,Guadalajara,Sucursal Norte,Tarjeta de Crédito
4246,2025-04-02,Cuaderno,Papelería,48.13,4,Laura Hernández,León,Sucursal Norte,Tarjeta de Crédito
4247,2024-10-12,Sudadera,Ropa,575.14,17,Renata Suárez,León,Sucursal Centro,Tarjeta de Débito
4248,2024-10-03,USB Flash Drive,Electrónica,82.52,6,Manuel Bravo,León,Sucursal Centro,Tarjeta de Crédito
4249,2025-04-03,Monitor,Electrónica,4597.95,6,Adriana Molina,Guadalajara,Sucursal Centro,Transferencia
4250,2024-12-28,Toalla,Hogar,166.01,12,Lucía Ramos,Puebla,Sucursal Norte,Efectivo
4251,2024-09-29,Mouse,Electrónica,240.47,11,Diego Cabrera,Guadalajara,Sucursal Norte,Efectivo
4252,2025-01-12,Perfume,Belleza,335.43,15,Diego Cabrera,Puebla,Sucursal Norte,Tarjeta de Débito
4253,2024-06-11,Teclado,Electrónica,341.05,8,David Torres,Tijuana,Sucursal Centro,Tarjeta de Crédito
4254,2025-09-02,Chocolate,Alimentos,43.19,6,Alejandra Morales,Tijuana,Sucursal Centro,Tarjeta de Débito
4255,2024-02-22,Monitor,Electrónica,4702.87,10,Mariana Medina,León,Sucursal Norte,Transferencia
4256,2024-06-06,Bloques Didácticos,Juguetes,151.2,16,Carolina Castro,Tijuana,Sucursal Centro,Tarjeta de Crédito
4257,2024-07-28,Café,Alimentos,124.24,1,Lucía Ramos,Puebla,Sucursal Norte,Transferencia
4258,2025-07-14,Muñeca,Juguetes,475.89,17,Natalia Ruiz,Ciudad de México,Sucursal Centro,Tarjeta de Débito
4259,2025-04-07,Lámpara,Hogar,420.76,13,Julio Cortez,Mérida,Sucursal Centro,Tarjeta de Débito
4260,2024-02-04,Camiseta,Ropa,397.69,15,Ana García,Monterrey,Sucursal Centro,Tarjeta de Crédito
4261,2025-10-25,USB Flash Drive,Electrónica,183.37,15,Héctor Soto,Mérida,Sucursal Norte,Tarjeta de Débito
4262,2025-10-27,Galletas,Alimentos,35.35,1,Carlos López,Guadalajara,Sucursal Norte,Transferencia
4263,2024-04-27,Sudadera,Ropa,274.72,19,Héctor Soto,Guadalajara,Sucursal Sur,Efectivo
4264,2024-12-02,Rompecabezas,Juguetes,177.09,11,Adriana Molina,Tijuana,Sucursal Norte,Efectivo
4265,2025-05-08,Pantalón,Ropa,647.1,5,Alberto Varela,Monterrey,Sucursal Norte,Tarjeta de Débito
4266,2024-01-26,Zapatos Deportivos,Deportes,1978.61,17,Ricardo Castillo,Monterrey,Sucursal Norte,Tarjeta de Crédito
4267,2025-06-08,Pelota de Fútbol,Deportes,204.75,20,José Rodríguez,Monterrey,Sucursal Norte,Transferencia
4268,2024-02-14,Perfume,Belleza,781.31,17,Adriana Molina,Ciudad de México,Sucursal Sur,Tarjeta de Débito
4269,2025-07-02,Detergente,Hogar,58.58,13,Eduardo Jiménez,Ciudad de México,Sucursal Sur,Tarjeta de Débito
4270,2025-02-17,Guantes de Box,Deportes,830.4,16,Rebeca Campos,Tijuana,Sucursal Norte,Efectivo
4271,2025-04-05,Folder,Papelería,32.71,7,Alberto Varela,León,Sucursal Norte,Efectivo
4272,2025-01-20,Café,Alimentos,85.61,6,Marco Sánchez,Guadalajara,Sucursal Centro,Tarjeta de Débito
4273,2024-10-06,Almohada,Hogar,245.38,2,Silvia Fuentes,Guadalajara,Sucursal Norte,Efectivo
4274,2024-02-17,Café,Alimentos,129.05,17,Renata Suárez,León,Sucursal Norte,Efectivo
4275,2024-01-23,Folder,Papelería,28.32,7,Víctor Salinas,León,Sucursal Centro,Tarjeta de Crédito
4276,2024-02-03,Muñeca,Juguetes,219.72,19,Ximena Paredes,Puebla,Sucursal Centro,Tarjeta de Débito
4277,2025-10-15,Jugo,Alimentos,28.32,12,Marco Sánchez,Puebla,Sucursal Centro,Tarjeta de Crédito
4278,2024-09-07,Pantalón,Ropa,703.67,7,Ignacio Miranda,Monterrey,Sucursal Sur,Transferencia
4279,2025-12-23,Bloques Didácticos,Juguetes,266.24,17,Tomás Vega,Mérida,Sucursal Centro,Transferencia
4280,2024-04-26,Grapadora,Papelería,110.96,20,Camila Díaz,Tijuana,Sucursal Centro,Tarjeta de Débito
4281,2025-01-31,Pelota de Fútbol,Deportes,476.73,14,Lucía Ramos,Tijuana,Sucursal Centro,Transferencia
4282,2025-05-04,Monitor,Electrónica,6329.35,9,Alejandra Morales,León,Sucursal Centro,Tarjeta de Crédito
4283,2024-10-01,Pantalón,Ropa,589.68,4,Marco Sánchez,Tijuana,Sucursal Norte,Tarjeta de Crédito
4284,2024-10-20,Bloques Didácticos,Juguetes,320.45,16,Pablo Álvarez,Monterrey,Sucursal Sur,Tarjeta de Débito
4285,2024-05-09,Carro de Juguete,Juguetes,346.98,10,Carlos López,Tijuana,Sucursal Centro,Tarjeta de Crédito
4286,2025-12-19,Galletas,Alimentos,45.0,19,Mónica Ibáñez,Monterrey,Sucursal Norte,Tarjeta de Débito
4287,2025-04-14,Monitor,Electrónica,6515.8,12,Natalia Ruiz,Guadalajara,Sucursal Centro,Transferencia
4288,2025-01-27,Rompecabezas,Juguetes,168.79,14,Sandra Peña,Monterrey,Sucursal Sur,Transferencia
4289,2024-02-12,USB Flash Drive,Electrónica,139.19,13,Roberto Reyes,Ciudad de México,Sucursal Centro,Tarjeta de Crédito
4290,2024-04-03,Detergente,Hogar,74.99,19,Natalia Ruiz,Mérida,Sucursal Norte,Tarjeta de Crédito
4291,2024-03-27,Calcetines,Ropa,58.57,6,Mariana Medina,Puebla,Sucursal Norte,Efectivo
4292,2025-08-23,Bloques Didácticos,Juguetes,246.19,6,Verónica Aguilar,Ciudad de México,Sucursal Norte,Tarjeta de Débito
4293,2025-10-01,Marcadores,Papelería,78.87,14,Eduardo Jiménez,Monterrey,Sucursal Norte,Tarjeta de Débito
4294,2024-12-10,Teclado,Electrónica,477.32,14,Ana García,Tijuana,Sucursal Norte,Transferencia
4295,2025-11-17,Chocolate,Alimentos,68.82,11,Ignacio Miranda,León,Sucursal Centro,Tarjeta de Crédito
4296,2024-09-20,Agua,Alimentos,27.62,4,Alejandra Morales,León,Sucursal Norte,Tarjeta de Crédito
4297,2024-06-29,Jugo,Alimentos,43.14,10,Sebastián Fuentes,Guadalajara,Sucursal Sur,Tarjeta de Crédito
4298,2024-09-20,Shampoo,Belleza,136.18,15,Ramón Ortega,Tijuana,Sucursal Centro,Transferencia
4299,2024-11-21,Detergente,Hogar,77.07,16,Andrés Vargas,Puebla,Sucursal Centro,Transferencia
4300,2024-02-15,Muñeca,Juguetes,476.93,18,Patricia Muñoz,Monterrey,Sucursal Sur,Tarjeta de Débito
4301,2025-12-17,Pelota de Fútbol,Deportes,481.94,3,Fernando Flores,Monterrey,Sucursal Centro,Transferencia
4302,2024-06-13,Galletas,Alimentos,50.42,3,Felipe Núñez,Guadalajara,Sucursal Sur,Transferencia
4303,2024-02-01,Galletas,Alimentos,29.11,10,Elena Delgado,Guadalajara,Sucursal Centro,Tarjeta de Débito
4304,2024-06-17,Folder,Papelería,53.93,6,Carlos López,León,Sucursal Centro,Efectivo
4305,2025-08-14,Colchoneta,Deportes,607.16,1,Mariana Medina,León,Sucursal Centro,Efectivo
4306,2025-08-04,Cargador,Electrónica,371.31,16,Renata Suárez,Monterrey,Sucursal Sur,Tarjeta de Crédito
4307,2024-01-02,Teclado,Electrónica,714.33,10,Tomás Vega,León,Sucursal Centro,Tarjeta de Crédito
4308,2024-03-05,Agua,Alimentos,26.19,18,Juan Cervantes,Puebla,Sucursal Norte,Efectivo
4309,2024-11-05,Mouse,Electrónica,341.41,10,Arturo Navarro,Guadalajara,Sucursal Norte,Transferencia
4310,2025-06-02,Guantes de Box,Deportes,464.54,1,Gabriela Moreno,León,Sucursal Centro,Tarjeta de Débito
4311,2024-12-12,Cargador,Electrónica,193.3,7,Jorge Romero,Mérida,Sucursal Norte,Transferencia
4312,2024-04-11,Gorra,Ropa,101.71,17,Alejandra Morales,Tijuana,Sucursal Centro,Tarjeta de Crédito
4313,2024-11-16,Agua,Alimentos,22.57,16,Ignacio Miranda,Mérida,Sucursal Centro,Efectivo
4314,2024-03-09,Teclado,Electrónica,422.3,18,Diego Cabrera,León,Sucursal Centro,Tarjeta de Débito
4315,2025-01-18,Bloques Didácticos,Juguetes,342.21,17,Víctor Salinas,Mérida,Sucursal Norte,Efectivo
4316,2024-09-02,Tijeras,Papelería,57.37,13,Felipe Núñez,Mérida,Sucursal Centro,Transferencia
4317,2025-04-08,Galletas,Alimentos,47.75,5,Manuel Bravo,Guadalajara,Sucursal Sur,Tarjeta de Débito
4318,2024-09-28,Carro de Juguete,Juguetes,457.32,20,Rebeca Campos,Mérida,Sucursal Norte,Transferencia
4319,2025-07-10,Almohada,Hogar,338.06,1,Alberto Varela,León,Sucursal Centro,Tarjeta de Crédito
4320,2025-03-30,Lámpara,Hogar,271.42,11,Arturo Navarro,Ciudad de México,Sucursal Sur,Tarjeta de Crédito
4321,2024-03-02,Auriculares,Electrónica,531.06,15,Alberto Varela,Puebla,Sucursal Centro,Tarjeta de Crédito
4322,2025-02-15,Camiseta,Ropa,363.1,2,Ana García,Tijuana,Sucursal Norte,Tarjeta de Crédito
4323,2025-01-27,Toalla,Hogar,218.86,11,Arturo Navarro,Mérida,Sucursal Centro,Tarjeta de Débito
4324,2024-11-18,Café,Alimentos,80.33,16,Andrés Vargas,León,Sucursal Centro,Efectivo
4325,2024-12-20,Colchoneta,Deportes,819.23,1,Isabel Ramírez,Ciudad de México,Sucursal Norte,Tarjeta de Débito
4326,2025-06-23,Jugo,Alimentos,46.36,17,Daniela Herrera,Monterrey,Sucursal Centro,Tarjeta de Débito
4327,2025-04-14,Almohada,Hogar,359.24,6,Sebastián Fuentes,Tijuana,Sucursal Centro,Transferencia
4328,2025-01-04,Folder,Papelería,26.83,9,Alberto Varela,Mérida,Sucursal Centro,Tarjeta de Crédito
4329,2024-07-24,Bloques Didácticos,Juguetes,218.41,10,Fernanda Luna,Guadalajara,Sucursal Centro,Transferencia
4330,2025-07-03,Perfume,Belleza,1040.08,6,Eduardo Jiménez,Mérida,Sucursal Centro,Tarjeta de Crédito
4331,2024-07-05,Carro de Juguete,Juguetes,394.16,12,Jorge Romero,León,Sucursal Centro,Efectivo
4332,2025-12-29,Monitor,Electrónica,4736.5,5,Manuel Bravo,Monterrey,Sucursal Sur,Transferencia
4333,2025-01-22,Muñeca,Juguetes,269.28,17,Tomás Vega,Ciudad de México,Sucursal Sur,Tarjeta de Crédito
4334,2024-07-13,Chocolate,Alimentos,82.9,16,Lucía Ramos,Puebla,Sucursal Norte,Efectivo
4335,2025-02-28,Folder,Papelería,34.81,19,Tomás Vega,Guadalajara,Sucursal Norte,Transferencia
4336,2025-06-16,Carro de Juguete,Juguetes,262.52,15,Ximena Paredes,León,Sucursal Norte,Tarjeta de Débito
4337,2024-09-06,Mouse,Electrónica,323.97,8,Cecilia Trujillo,Monterrey,Sucursal Sur,Tarjeta de Débito
4338,2024-07-23,Folder,Papelería,32.55,9,Carlos López,Tijuana,Sucursal Norte,Tarjeta de Crédito
4339,2025-03-30,Shampoo,Belleza,127.6,9,Alberto Varela,Puebla,Sucursal Norte,Tarjeta de Crédito
4340,2025-02-07,Calcetines,Ropa,79.09,8,David Torres,Tijuana,Sucursal Centro,Tarjeta de Débito
4341,2025-08-23,Chocolate,Alimentos,79.72,19,Sofía Pérez,Tijuana,Sucursal Centro,Tarjeta de Crédito
4342,2025-11-14,Almohada,Hogar,370.22,15,Ana García,Tijuana,Sucursal Centro,Tarjeta de Crédito
4343,2025-09-23,Guantes de Box,Deportes,859.78,16,Ana García,León,Sucursal Norte,Tarjeta de Crédito
4344,2025-01-11,Toalla,Hogar,229.09,20,Marco Sánchez,León,Sucursal Centro,Efectivo
4345,2025-09-03,Zapatos Deportivos,Deportes,1619.79,1,Sergio Gutiérrez,Mérida,Sucursal Centro,Transferencia
4346,2025-04-18,Labial,Belleza,108.78,4,María Martínez,Puebla,Sucursal Centro,Efectivo
4347,2025-09-02,Guantes de Box,Deportes,1153.79,12,Gabriela Moreno,Ciudad de México,Sucursal Sur,Efectivo
4348,2024-09-15,Rompecabezas,Juguetes,195.86,4,Patricia Muñoz,Mérida,Sucursal Norte,Transferencia
4349,2024-07-27,Auriculares,Electrónica,410.92,13,Diego Cabrera,León,Sucursal Norte,Efectivo
4350,2024-02-27,Pantalón,Ropa,555.63,9,José Rodríguez,Tijuana,Sucursal Norte,Tarjeta de Crédito
4351,2025-08-08,Jugo,Alimentos,50.63,4,Patricia Muñoz,Puebla,Sucursal Centro,Tarjeta de Débito
4352,2025-11-12,Crema Facial,Belleza,301.48,12,Carlos López,León,Sucursal Centro,Transferencia
4353,2024-04-28,Gorra,Ropa,235.62,7,Elena Delgado,Tijuana,Sucursal Norte,Transferencia
4354,2024-06-01,Café,Alimentos,143.82,5,Marco Sánchez,Mérida,Sucursal Centro,Transferencia
4355,2024-06-16,Guantes de Box,Deportes,509.45,16,Manuel Bravo,Guadalajara,Sucursal Sur,Transferencia
4356,2024-11-01,Zapatos Deportivos,Deportes,1834.92,17,Fernanda Luna,Puebla,Sucursal Centro,Tarjeta de Débito
4357,2024-03-31,Esmalte,Belleza,86.2,15,Beatriz Rojas,Ciudad de México,Sucursal Norte,Tarjeta de Débito
4358,2025-09-14,Jugo,Alimentos,28.8,1,Tomás Vega,León,Sucursal Norte,Efectivo
4359,2025-12-06,Teclado,Electrónica,778.38,7,Víctor Salinas,Guadalajara,Sucursal Centro,Tarjeta de Débito
4360,2024-09-15,Chocolate,Alimentos,56.74,20,Tomás Vega,Tijuana,Sucursal Norte,Tarjeta de Débito
4361,2025-06-22,Agua,Alimentos,26.2,5,Jorge Romero,Mérida,Sucursal Norte,Tarjeta de Débito
4362,2025-11-03,Agua,Alimentos,35.32,9,Roberto Reyes,Mérida,Sucursal Norte,Efectivo
4363,2025-06-30,Bolígrafo,Papelería,41.82,2,Sofía Pérez,Mérida,Sucursal Norte,Tarjeta de Crédito
4364,2024-01-02,Galletas,Alimentos,43.22,10,Silvia Fuentes,Monterrey,Sucursal Centro,Tarjeta de Crédito
4365,2024-08-07,Auriculares,Electrónica,1709.78,4,Manuel Bravo,Guadalajara,Sucursal Sur,Efectivo
4366,2024-08-10,Camiseta,Ropa,298.25,16,Carlos López,Guadalajara,Sucursal Centro,Tarjeta de Crédito
4367,2024-01-21,Marcadores,Papelería,149.67,19,Ricardo Castillo,Mérida,Sucursal Centro,Tarjeta de Crédito
4368,2025-04-16,Camiseta,Ropa,163.34,1,Laura Hernández,Monterrey,Sucursal Sur,Tarjeta de Crédito
4369,2025-01-05,Tijeras,Papelería,54.37,14,Alejandra Morales,Guadalajara,Sucursal Sur,Tarjeta de Débito
4370,2025-12-11,Esmalte,Belleza,34.14,4,Miguel González,Puebla,Sucursal Norte,Transferencia
4371,2024-01-14,Laptop,Electrónica,12865.4,13,Jorge Romero,Mérida,Sucursal Centro,Transferencia
4372,2025-11-28,Sudadera,Ropa,264.84,12,Isabel Ramírez,León,Sucursal Norte,Efectivo
4373,2024-10-02,Sudadera,Ropa,429.6,19,Ximena Paredes,Ciudad de México,Sucursal Norte,Transferencia
4374,2025-09-12,Detergente,Hogar,53.07,14,Carolina Castro,Ciudad de México,Sucursal Sur,Tarjeta de Crédito
4375,2024-04-16,Café,Alimentos,197.74,2,Juan Cervantes,Monterrey,Sucursal Norte,Transferencia
4376,2024-05-06,Cuaderno,Papelería,69.67,17,Manuel Bravo,Mérida,Sucursal Norte,Tarjeta de Crédito
4377,2025-08-25,Teclado,Electrónica,302.46,3,Ximena Paredes,León,Sucursal Centro,Efectivo
4378,2025-10-02,Café,Alimentos,211.79,2,Andrés Vargas,Puebla,Sucursal Norte,Tarjeta de Débito
4379,2025-04-02,Cuaderno,Papelería,112.76,6,Carolina Castro,Monterrey,Sucursal Sur,Tarjeta de Débito
4380,2024-07-06,Cargador,Electrónica,394.09,7,Lucía Ramos,Tijuana,Sucursal Centro,Efectivo
4381,2025-09-11,Bolígrafo,Papelería,47.28,6,Tomás Vega,Ciudad de México,Sucursal Centro,Tarjeta de Crédito
4382,2024-04-20,Monitor,Electrónica,3120.52,14,Arturo Navarro,Tijuana,Sucursal Centro,Efectivo
4383,2024-09-03,Pantalón,Ropa,515.35,14,Ricardo Castillo,León,Sucursal Norte,Transferencia
4384,2024-12-01,Esmalte,Belleza,105.23,7,Verónica Aguilar,Mérida,Sucursal Centro,Tarjeta de Débito
4385,2025-07-26,Agua,Alimentos,36.76,6,Mariana Medina,Tijuana,Sucursal Centro,Tarjeta de Débito
4386,2025-07-28,Sudadera,Ropa,260.31,2,Sofía Pérez,Mérida,Sucursal Norte,Tarjeta de Crédito
4387,2024-10-19,Labial,Belleza,59.56,16,David Torres,Mérida,Sucursal Centro,Tarjeta de Crédito
4388,2025-09-24,Crema Facial,Belleza,249.57,18,Patricia Muñoz,Mérida,Sucursal Norte,Transferencia
4389,2024-05-28,Rompecabezas,Juguetes,388.72,10,Roberto Reyes,Monterrey,Sucursal Sur,Tarjeta de Débito
4390,2025-08-16,Zapatos Deportivos,Deportes,1735.0,6,Fernando Flores,Mérida,Sucursal Centro,Transferencia
4391,2024-08-15,Tijeras,Papelería,54.89,12,Daniela Herrera,Monterrey,Sucursal Centro,Efectivo
4392,2024-04-07,Galletas,Alimentos,60.37,17,Alejandra Morales,Mérida,Sucursal Norte,Tarjeta de Crédito
4393,2025-07-01,Tijeras,Papelería,51.47,6,Carolina Castro,Mérida,Sucursal Centro,Transferencia
4394,2024-07-26,Colchoneta,Deportes,562.07,10,Ana García,Guadalajara,Sucursal Centro,Transferencia
4395,2024-10-27,Sudadera,Ropa,321.18,3,Pablo Álvarez,Puebla,Sucursal Centro,Efectivo
4396,2024-06-05,Almohada,Hogar,177.63,6,Alberto Varela,León,Sucursal Centro,Transferencia
4397,2024-01-19,Rompecabezas,Juguetes,291.94,10,Laura Hernández,Ciudad de México,Sucursal Sur,Efectivo
4398,2024-03-30,Bloques Didácticos,Juguetes,251.69,19,Elena Delgado,Monterrey,Sucursal Centro,Tarjeta de Débito
4399,2024-10-07,Crema Facial,Belleza,324.62,16,Lucía Ramos,León,Sucursal Centro,Tarjeta de Crédito
4400,2025-09-05,Guantes de Box,Deportes,494.72,13,Víctor Salinas,León,Sucursal Centro,Efectivo
4401,2025-07-25,Detergente,Hogar,132.32,15,Carolina Castro,Puebla,Sucursal Centro,Tarjeta de Débito
4402,2025-10-19,Pantalón,Ropa,352.31,5,Ximena Paredes,Monterrey,Sucursal Norte,Tarjeta de Crédito
4403,2025-01-18,Tijeras,Papelería,58.38,7,José Rodríguez,Tijuana,Sucursal Norte,Efectivo
4404,2025-08-11,Perfume,Belleza,1461.63,17,Rosa Ávila,Guadalajara,Sucursal Sur,Tarjeta de Crédito
4405,2025-01-27,Laptop,Electrónica,17834.28,2,Valentina Cruz,Tijuana,Sucursal Centro,Tarjeta de Débito
4406,2025-07-07,Monitor,Electrónica,6513.46,13,Adriana Molina,Mérida,Sucursal Norte,Transferencia
4407,2025-03-30,Pantalón,Ropa,345.7,18,Isabel Ramírez,Mérida,Sucursal Centro,Tarjeta de Débito
4408,2024-08-24,Pelota de Fútbol,Deportes,483.19,15,Ana García,Mérida,Sucursal Centro,Tarjeta de Débito
4409,2024-03-20,Toalla,Hogar,199.28,11,Óscar Ríos,Puebla,Sucursal Norte,Tarjeta de Crédito
4410,2024-05-26,Cuaderno,Papelería,39.86,6,Valentina Cruz,Tijuana,Sucursal Centro,Efectivo
4411,2025-08-09,Marcadores,Papelería,66.57,6,Gabriela Moreno,León,Sucursal Norte,Efectivo
4412,2025-09-02,Teclado,Electrónica,750.8,2,Arturo Navarro,Mérida,Sucursal Centro,Tarjeta de Débito
4413,2024-04-27,Jugo,Alimentos,35.87,16,Gabriela Moreno,Monterrey,Sucursal Norte,Tarjeta de Crédito
4414,2024-03-24,Almohada,Hogar,338.43,17,Felipe Núñez,Guadalajara,Sucursal Sur,Transferencia
4415,2025-07-26,Galletas,Alimentos,78.64,9,Elena Delgado,Mérida,Sucursal Norte,Transferencia
4416,2024-12-28,Bloques Didácticos,Juguetes,133.07,12,Rosa Ávila,Guadalajara,Sucursal Sur,Transferencia
4417,2025-02-23,Esmalte,Belleza,57.77,11,Andrés Vargas,Puebla,Sucursal Centro,Efectivo
4418,2025-11-08,Gorra,Ropa,133.93,6,Silvia Fuentes,Guadalajara,Sucursal Norte,Transferencia
4419,2025-05-25,Almohada,Hogar,335.56,18,Renata Suárez,Puebla,Sucursal Norte,Tarjeta de Débito
4420,2024-05-11,Chocolate,Alimentos,68.35,5,María Martínez,Monterrey,Sucursal Sur,Tarjeta de Débito
4421,2024-07-19,Auriculares,Electrónica,641.02,18,Mónica Ibáñez,Puebla,Sucursal Centro,Tarjeta de Crédito
4422,2024-04-24,USB Flash Drive,Electrónica,211.54,15,Cecilia Trujillo,Guadalajara,Sucursal Sur,Tarjeta de Débito
4423,2025-01-31,Perfume,Belleza,899.29,4,Ramón Ortega,Puebla,Sucursal Centro,Transferencia
4424,2024-07-03,Café,Alimentos,213.35,5,Camila Díaz,Monterrey,Sucursal Centro,Efectivo
4425,2024-05-24,Rompecabezas,Juguetes,378.62,7,Mónica Ibáñez,Tijuana,Sucursal Norte,Transferencia
4426,2024-12-25,Crema Facial,Belleza,354.33,13,Ricardo Castillo,Ciudad de México,Sucursal Norte,Tarjeta de Débito
4427,2024-01-26,Bolígrafo,Papelería,40.56,9,Mariana Medina,Guadalajara,Sucursal Norte,Efectivo
4428,2024-04-28,Marcadores,Papelería,83.06,5,Mariana Medina,Tijuana,Sucursal Norte,Tarjeta de Crédito
4429,2025-09-16,Pelota de Fútbol,Deportes,588.17,10,Marco Sánchez,Puebla,Sucursal Centro,Tarjeta de Débito
4430,2024-03-02,Cuaderno,Papelería,33.88,14,Renata Suárez,Mérida,Sucursal Norte,Transferencia
4431,2024-12-19,Agua,Alimentos,26.36,14,Fernando Flores,Puebla,Sucursal Norte,Efectivo
4432,2024-11-07,Toalla,Hogar,208.75,4,Camila Díaz,Ciudad de México,Sucursal Norte,Tarjeta de Débito
4433,2025-11-15,Folder,Papelería,57.31,19,Camila Díaz,Ciudad de México,Sucursal Norte,Tarjeta de Débito
4434,2025-11-03,Agua,Alimentos,22.15,4,Mariana Medina,Puebla,Sucursal Centro,Tarjeta de Débito
4435,2025-08-01,Crema Facial,Belleza,176.75,14,Beatriz Rojas,Puebla,Sucursal Norte,Efectivo
4436,2025-09-21,Guantes de Box,Deportes,494.33,12,Manuel Bravo,Guadalajara,Sucursal Sur,Efectivo
4437,2025-05-15,Crema Facial,Belleza,163.64,5,Lucía Ramos,Guadalajara,Sucursal Sur,Tarjeta de Crédito
4438,2024-12-29,Pelota de Fútbol,Deportes,250.35,6,Sergio Gutiérrez,Guadalajara,Sucursal Centro,Transferencia
4439,2025-12-12,Grapadora,Papelería,162.79,17,Fernando Flores,Ciudad de México,Sucursal Sur,Transferencia
4440,2025-07-19,Gorra,Ropa,125.67,16,Mónica Ibáñez,Ciudad de México,Sucursal Norte,Tarjeta de Débito
4441,2025-02-04,Pelota de Fútbol,Deportes,334.04,19,Alicia Ponce,Guadalajara,Sucursal Sur,Tarjeta de Crédito
4442,2024-08-27,Muñeca,Juguetes,267.35,11,Fernanda Luna,Mérida,Sucursal Centro,Transferencia
4443,2025-08-18,Folder,Papelería,51.02,8,Lucía Ramos,Ciudad de México,Sucursal Centro,Tarjeta de Crédito
4444,2024-06-07,Rompecabezas,Juguetes,249.41,11,Julio Cortez,Mérida,Sucursal Centro,Efectivo
4445,2024-09-01,Bloques Didácticos,Juguetes,211.19,6,Óscar Ríos,Puebla,Sucursal Centro,Efectivo
4446,2025-06-26,Cuaderno,Papelería,109.47,19,Alicia Ponce,León,Sucursal Norte,Efectivo
4447,2024-03-18,Muñeca,Juguetes,595.51,9,Gabriela Moreno,Ciudad de México,Sucursal Centro,Transferencia
4448,2024-03-14,Sudadera,Ropa,441.2,7,Ignacio Miranda,Monterrey,Sucursal Sur,Tarjeta de Crédito
4449,2025-09-15,Calcetines,Ropa,66.76,2,Carolina Castro,Guadalajara,Sucursal Norte,Tarjeta de Crédito
4450,2025-06-14,Lámpara,Hogar,774.37,6,Carolina Castro,Tijuana,Sucursal Centro,Transferencia
4451,2025-03-27,Cargador,Electrónica,231.68,2,Héctor Soto,Tijuana,Sucursal Centro,Tarjeta de Crédito
4452,2025-09-14,Detergente,Hogar,79.83,9,Elena Delgado,Puebla,Sucursal Centro,Transferencia
4453,2024-09-15,Chocolate,Alimentos,84.99,6,Gabriela Moreno,Tijuana,Sucursal Centro,Transferencia
4454,2024-01-31,Jugo,Alimentos,41.06,16,Adriana Molina,Monterrey,Sucursal Centro,Tarjeta de Crédito
4455,2025-12-09,Camiseta,Ropa,312.82,4,Héctor Soto,Puebla,Sucursal Centro,Tarjeta de Crédito
4456,2024-07-18,Café,Alimentos,85.15,19,Ana García,Guadalajara,Sucursal Norte,Efectivo
4457,2025-09-08,Cargador,Electrónica,332.11,15,Andrés Vargas,León,Sucursal Norte,Efectivo
4458,2024-03-20,USB Flash Drive,Electrónica,224.31,5,Renata Suárez,Ciudad de México,Sucursal Sur,Transferencia
4459,2025-10-25,Tijeras,Papelería,77.01,6,Verónica Aguilar,Guadalajara,Sucursal Sur,Efectivo
4460,2024-03-01,Mouse,Electrónica,465.96,20,Patricia Muñoz,Mérida,Sucursal Centro,Efectivo
4461,2024-11-20,Pelota de Fútbol,Deportes,569.75,13,Alejandra Morales,Puebla,Sucursal Norte,Transferencia
4462,2024-01-05,Muñeca,Juguetes,238.22,4,Laura Hernández,León,Sucursal Centro,Tarjeta de Débito
4463,2024-05-05,Camiseta,Ropa,312.45,10,Tomás Vega,Puebla,Sucursal Norte,Tarjeta de Débito
4464,2024-08-12,Bloques Didácticos,Juguetes,126.41,4,Alberto Varela,Ciudad de México,Sucursal Sur,Tarjeta de Crédito
4465,2025-06-14,Perfume,Belleza,1166.06,5,David Torres,Guadalajara,Sucursal Centro,Transferencia
4466,2025-02-22,Detergente,Hogar,53.11,14,Sandra Peña,Mérida,Sucursal Norte,Transferencia
4467,2024-10-09,Gorra,Ropa,207.38,13,David Torres,Ciudad de México,Sucursal Norte,Tarjeta de Débito
4468,2024-09-30,Detergente,Hogar,130.77,8,Cecilia Trujillo,Mérida,Sucursal Centro,Tarjeta de Crédito
4469,2024-09-02,Marcadores,Papelería,123.03,5,Sandra Peña,Puebla,Sucursal Norte,Tarjeta de Crédito
4470,2024-07-14,Perfume,Belleza,685.54,5,Jorge Romero,León,Sucursal Norte,Efectivo
4471,2025-12-19,Calcetines,Ropa,61.64,19,Camila Díaz,León,Sucursal Norte,Tarjeta de Débito
4472,2025-04-15,Zapatos Deportivos,Deportes,951.99,14,Felipe Núñez,Ciudad de México,Sucursal Sur,Tarjeta de Débito
4473,2025-08-05,Zapatos Deportivos,Deportes,1276.59,2,Alberto Varela,Puebla,Sucursal Norte,Tarjeta de Crédito
4474,2024-09-28,Guantes de Box,Deportes,958.06,13,Rebeca Campos,Ciudad de México,Sucursal Sur,Transferencia
4475,2024-01-12,Gorra,Ropa,241.16,4,Julio Cortez,Ciudad de México,Sucursal Norte,Tarjeta de Débito
4476,2025-05-11,Sudadera,Ropa,391.62,15,Andrés Vargas,Monterrey,Sucursal Sur,Transferencia
4477,2025-06-07,Rompecabezas,Juguetes,349.75,13,Mónica Ibáñez,Monterrey,Sucursal Norte,Tarjeta de Crédito
4478,2024-03-17,Monitor,Electrónica,4137.64,12,Carolina Castro,León,Sucursal Norte,Transferencia
4479,2025-12-19,Rompecabezas,Juguetes,223.59,16,Ricardo Castillo,Tijuana,Sucursal Norte,Transferencia
4480,2025-07-20,Almohada,Hogar,213.15,4,Sebastián Fuentes,Monterrey,Sucursal Norte,Transferencia
4481,2025-05-21,Bloques Didácticos,Juguetes,329.5,2,Juan Cervantes,Monterrey,Sucursal Sur,Tarjeta de Débito
4482,2025-08-09,Zapatos Deportivos,Deportes,2372.98,10,Víctor Salinas,León,Sucursal Centro,Tarjeta de Crédito
4483,2025-11-06,Gorra,Ropa,102.73,11,Isabel Ramírez,Ciudad de México,Sucursal Centro,Transferencia
4484,2025-12-31,Monitor,Electrónica,5231.37,11,Natalia Ruiz,León,Sucursal Norte,Transferencia
4485,2024-03-08,Detergente,Hogar,149.66,17,Juan Cervantes,Mérida,Sucursal Centro,Tarjeta de Crédito
4486,2024-06-24,Folder,Papelería,47.94,8,Isabel Ramírez,Puebla,Sucursal Norte,Transferencia
4487,2025-08-07,Mouse,Electrónica,225.93,14,Isabel Ramírez,Guadalajara,Sucursal Norte,Tarjeta de Débito
4488,2024-02-10,Muñeca,Juguetes,254.21,10,Mariana Medina,Mérida,Sucursal Norte,Transferencia
4489,2025-10-09,Colchoneta,Deportes,610.13,3,Roberto Reyes,Mérida,Sucursal Norte,Tarjeta de Crédito
4490,2025-09-18,Folder,Papelería,42.06,8,María Martínez,Tijuana,Sucursal Centro,Efectivo
4491,2024-02-08,Agua,Alimentos,17.72,20,Elena Delgado,Monterrey,Sucursal Sur,Efectivo
4492,2025-08-14,Jugo,Alimentos,37.04,4,Roberto Reyes,Tijuana,Sucursal Centro,Tarjeta de Débito
4493,2025-01-25,Pantalón,Ropa,423.97,18,Sebastián Fuentes,Ciudad de México,Sucursal Centro,Tarjeta de Débito
4494,2024-07-10,Colchoneta,Deportes,854.53,4,Ricardo Castillo,Monterrey,Sucursal Norte,Efectivo
4495,2025-11-11,Rompecabezas,Juguetes,176.98,5,Daniela Herrera,León,Sucursal Norte,Tarjeta de Crédito
4496,2025-07-25,Chocolate,Alimentos,38.1,7,Tomás Vega,Monterrey,Sucursal Centro,Transferencia
4497,2024-04-05,Lámpara,Hogar,270.04,15,Camila Díaz,León,Sucursal Centro,Tarjeta de Crédito
4498,2025-11-28,Cuaderno,Papelería,91.78,9,Lucía Ramos,Monterrey,Sucursal Centro,Transferencia
4499,2024-03-21,Crema Facial,Belleza,436.75,3,Paola Mendoza,Monterrey,Sucursal Centro,Tarjeta de Crédito
4500,2024-07-18,Cuaderno,Papelería,47.28,8,Lucía Ramos,Tijuana,Sucursal Centro,Tarjeta de Débito
4501,2024-11-13,Laptop,Electrónica,9313.32,1,Valentina Cruz,Mérida,Sucursal Centro,Transferencia
4502,2024-09-12,Detergente,Hogar,72.78,20,Alicia Ponce,Puebla,Sucursal Norte,Efectivo
4503,2025-02-17,Sudadera,Ropa,596.23,6,David Torres,Monterrey,Sucursal Centro,Transferencia
4504,2025-12-30,Rompecabezas,Juguetes,350.31,18,Mónica Ibáñez,Puebla,Sucursal Norte,Transferencia
4505,2025-06-04,Toalla,Hogar,238.95,15,Miguel González,Guadalajara,Sucursal Norte,Efectivo
4506,2025-11-28,Camiseta,Ropa,340.19,2,Ramón Ortega,Tijuana,Sucursal Centro,Tarjeta de Débito
4507,2024-12-09,Zapatos Deportivos,Deportes,2277.71,18,Alberto Varela,Mérida,Sucursal Centro,Transferencia
4508,2025-12-03,Folder,Papelería,35.92,11,Manuel Bravo,Mérida,Sucursal Centro,Tarjeta de Crédito
4509,2025-02-10,Shampoo,Belleza,92.94,7,Enrique Guerrero,Guadalajara,Sucursal Norte,Efectivo
4510,2025-04-24,Cargador,Electrónica,391.81,18,Jorge Romero,Monterrey,Sucursal Sur,Transferencia
4511,2025-12-22,Pantalón,Ropa,547.59,10,Adriana Molina,Mérida,Sucursal Centro,Efectivo
4512,2025-08-25,Folder,Papelería,46.6,1,Fernanda Luna,Guadalajara,Sucursal Centro,Efectivo
4513,2025-05-28,Monitor,Electrónica,7917.44,3,Daniela Herrera,Mérida,Sucursal Centro,Efectivo
4514,2024-05-24,Almohada,Hogar,286.25,6,Sebastián Fuentes,Guadalajara,Sucursal Norte,Tarjeta de Crédito
4515,2025-04-19,Galletas,Alimentos,30.37,11,Diego Cabrera,Tijuana,Sucursal Norte,Transferencia
4516,2025-08-08,Carro de Juguete,Juguetes,357.73,11,Roberto Reyes,Mérida,Sucursal Centro,Tarjeta de Crédito
4517,2024-02-05,Muñeca,Juguetes,462.4,18,Pablo Álvarez,Guadalajara,Sucursal Sur,Tarjeta de Débito
4518,2025-01-24,Sudadera,Ropa,504.45,18,Julio Cortez,Puebla,Sucursal Norte,Tarjeta de Crédito
4519,2024-10-27,Pelota de Fútbol,Deportes,440.42,9,Elena Delgado,Guadalajara,Sucursal Sur,Tarjeta de Débito
4520,2025-07-16,USB Flash Drive,Electrónica,172.19,16,Carlos López,Guadalajara,Sucursal Norte,Transferencia
4521,2025-09-23,Detergente,Hogar,128.8,7,Sandra Peña,Monterrey,Sucursal Centro,Efectivo
4522,2025-02-02,Guantes de Box,Deportes,542.16,18,Sandra Peña,Puebla,Sucursal Centro,Transferencia
4523,2024-10-15,Café,Alimentos,94.11,17,Sergio Gutiérrez,Monterrey,Sucursal Norte,Transferencia
4524,2024-10-10,Toalla,Hogar,80.5,1,Ricardo Castillo,León,Sucursal Norte,Tarjeta de Débito
4525,2024-07-12,Guantes de Box,Deportes,463.69,4,Alberto Varela,León,Sucursal Centro,Transferencia
4526,2025-07-17,USB Flash Drive,Electrónica,139.08,3,Víctor Salinas,Ciudad de México,Sucursal Sur,Tarjeta de Débito
4527,2025-11-10,Marcadores,Papelería,132.76,12,Rosa Ávila,Ciudad de México,Sucursal Centro,Tarjeta de Débito
4528,2024-12-31,Esmalte,Belleza,42.05,5,Pablo Álvarez,Ciudad de México,Sucursal Sur,Transferencia
4529,2024-06-25,Zapatos Deportivos,Deportes,1024.18,4,Cecilia Trujillo,Mérida,Sucursal Centro,Efectivo
4530,2025-06-30,Grapadora,Papelería,132.84,6,María Martínez,Ciudad de México,Sucursal Norte,Tarjeta de Débito
4531,2025-12-11,Bloques Didácticos,Juguetes,125.4,1,Camila Díaz,Guadalajara,Sucursal Sur,Tarjeta de Crédito
4532,2025-05-15,Grapadora,Papelería,153.34,12,Fernanda Luna,Monterrey,Sucursal Norte,Transferencia
4533,2024-05-27,USB Flash Drive,Electrónica,194.21,11,Mónica Ibáñez,Tijuana,Sucursal Norte,Tarjeta de Débito
4534,2024-08-17,Guantes de Box,Deportes,616.68,14,Daniela Herrera,Monterrey,Sucursal Centro,Tarjeta de Crédito
4535,2024-12-02,Marcadores,Papelería,130.62,13,Mónica Ibáñez,Puebla,Sucursal Centro,Transferencia
4536,2024-01-22,Guantes de Box,Deportes,502.05,7,Felipe Núñez,Puebla,Sucursal Norte,Transferencia
4537,2024-08-27,Esmalte,Belleza,119.91,7,Camila Díaz,Puebla,Sucursal Norte,Transferencia
4538,2024-10-02,Esmalte,Belleza,49.04,10,Ana García,Guadalajara,Sucursal Sur,Efectivo
4539,2025-04-13,Laptop,Electrónica,18626.61,6,Daniela Herrera,Ciudad de México,Sucursal Centro,Efectivo
4540,2025-10-20,Camiseta,Ropa,265.28,13,Ana García,Mérida,Sucursal Norte,Transferencia
4541,2024-11-14,Galletas,Alimentos,46.3,10,David Torres,Puebla,Sucursal Norte,Tarjeta de Crédito
4542,2024-08-15,Camiseta,Ropa,168.11,12,Paola Mendoza,Monterrey,Sucursal Centro,Tarjeta de Crédito
4543,2024-02-23,Cuaderno,Papelería,81.71,6,Rebeca Campos,Monterrey,Sucursal Sur,Efectivo
4544,2024-11-18,Pantalón,Ropa,714.51,19,Felipe Núñez,Puebla,Sucursal Centro,Efectivo
4545,2024-12-14,Teclado,Electrónica,659.24,19,Tomás Vega,Tijuana,Sucursal Centro,Tarjeta de Débito
4546,2025-07-02,Guantes de Box,Deportes,1072.33,2,Isabel Ramírez,Guadalajara,Sucursal Centro,Efectivo
4547,2024-03-19,Calcetines,Ropa,33.75,17,Mariana Medina,Puebla,Sucursal Norte,Transferencia
4548,2025-08-09,Bolígrafo,Papelería,34.8,1,Camila Díaz,Mérida,Sucursal Centro,Transferencia
4549,2025-10-21,Folder,Papelería,56.58,10,Ximena Paredes,León,Sucursal Centro,Tarjeta de Débito
4550,2024-05-10,Carro de Juguete,Juguetes,243.0,3,Ricardo Castillo,Puebla,Sucursal Norte,Tarjeta de Crédito
4551,2025-05-22,Zapatos Deportivos,Deportes,1077.71,9,Miguel González,León,Sucursal Centro,Efectivo
4552,2024-11-16,Guantes de Box,Deportes,716.74,17,Sofía Pérez,Monterrey,Sucursal Norte,Tarjeta de Crédito
4553,2025-01-23,Perfume,Belleza,1324.32,20,Alicia Ponce,Mérida,Sucursal Centro,Tarjeta de Crédito
4554,2024-10-21,Lámpara,Hogar,627.08,5,Sofía Pérez,León,Sucursal Centro,Tarjeta de Crédito
4555,2024-10-23,Teclado,Electrónica,473.56,14,Adriana Molina,Tijuana,Sucursal Centro,Tarjeta de Débito
4556,2025-03-23,Labial,Belleza,149.18,4,Sergio Gutiérrez,León,Sucursal Centro,Transferencia
4557,2025-08-31,Jugo,Alimentos,59.01,12,Ricardo Castillo,Guadalajara,Sucursal Centro,Efectivo
4558,2025-01-14,Teclado,Electrónica,569.2,7,Lucía Ramos,Mérida,Sucursal Centro,Tarjeta de Débito
4559,2024-10-24,Carro de Juguete,Juguetes,314.73,11,Natalia Ruiz,Monterrey,Sucursal Sur,Tarjeta de Crédito
4560,2025-12-04,Bolígrafo,Papelería,28.84,1,Eduardo Jiménez,Guadalajara,Sucursal Sur,Efectivo
4561,2025-05-30,Esmalte,Belleza,96.53,19,Enrique Guerrero,León,Sucursal Centro,Transferencia
4562,2025-07-16,Agua,Alimentos,19.71,17,Roberto Reyes,Tijuana,Sucursal Norte,Tarjeta de Crédito
4563,2025-02-21,Detergente,Hogar,65.02,8,Diego Cabrera,Puebla,Sucursal Centro,Tarjeta de Débito
4564,2024-05-03,Tijeras,Papelería,55.53,6,Alejandra Morales,Puebla,Sucursal Centro,Efectivo
4565,2024-12-24,Galletas,Alimentos,59.53,8,Carlos López,Guadalajara,Sucursal Norte,Tarjeta de Crédito
4566,2024-03-02,Galletas,Alimentos,77.4,10,Enrique Guerrero,León,Sucursal Norte,Efectivo
4567,2025-02-03,Monitor,Electrónica,5516.62,17,Daniela Herrera,Ciudad de México,Sucursal Centro,Tarjeta de Débito
4568,2025-02-15,Tijeras,Papelería,58.96,14,Arturo Navarro,Ciudad de México,Sucursal Sur,Efectivo
4569,2024-02-03,Zapatos Deportivos,Deportes,874.66,11,Fernando Flores,Guadalajara,Sucursal Norte,Transferencia
4570,2025-02-23,Detergente,Hogar,93.84,3,Diego Cabrera,Ciudad de México,Sucursal Norte,Transferencia
4571,2024-09-29,Labial,Belleza,159.75,4,Enrique Guerrero,Monterrey,Sucursal Centro,Tarjeta de Débito
4572,2024-04-17,Perfume,Belleza,570.01,3,Sebastián Fuentes,Tijuana,Sucursal Centro,Tarjeta de Crédito
4573,2024-11-02,Grapadora,Papelería,94.27,5,Camila Díaz,Mérida,Sucursal Norte,Tarjeta de Débito
4574,2025-01-22,Crema Facial,Belleza,165.24,12,Jorge Romero,León,Sucursal Norte,Tarjeta de Débito
4575,2024-02-16,Galletas,Alimentos,32.37,13,Arturo Navarro,León,Sucursal Norte,Tarjeta de Débito
4576,2024-07-02,Guantes de Box,Deportes,1119.89,1,Rebeca Campos,Guadalajara,Sucursal Norte,Tarjeta de Débito
4577,2025-02-17,Laptop,Electrónica,20161.04,10,Jorge Romero,León,Sucursal Centro,Tarjeta de Crédito
4578,2025-08-03,Rompecabezas,Juguetes,341.36,3,Víctor Salinas,Mérida,Sucursal Centro,Tarjeta de Crédito
4579,2024-12-30,Pantalón,Ropa,619.07,14,Ramón Ortega,Puebla,Sucursal Centro,Tarjeta de Débito
4580,2024-06-04,Cuaderno,Papelería,40.3,2,Verónica Aguilar,Guadalajara,Sucursal Norte,Efectivo
4581,2025-01-19,Guantes de Box,Deportes,631.22,6,Mariana Medina,Tijuana,Sucursal Norte,Transferencia
4582,2024-03-26,Tijeras,Papelería,69.43,19,Arturo Navarro,Ciudad de México,Sucursal Centro,Tarjeta de Débito
4583,2024-10-21,Almohada,Hogar,253.83,11,Sandra Peña,León,Sucursal Norte,Transferencia
4584,2024-09-03,Muñeca,Juguetes,295.24,13,Lucía Ramos,Mérida,Sucursal Centro,Efectivo
4585,2025-02-10,Zapatos Deportivos,Deportes,937.55,2,Fernando Flores,León,Sucursal Norte,Transferencia
4586,2025-02-23,Muñeca,Juguetes,327.86,1,Verónica Aguilar,Monterrey,Sucursal Centro,Transferencia
4587,2025-08-29,Mouse,Electrónica,428.75,20,Carlos López,Tijuana,Sucursal Norte,Efectivo
4588,2024-04-04,Laptop,Electrónica,10150.56,1,Cecilia Trujillo,Monterrey,Sucursal Sur,Transferencia
4589,2025-08-27,Almohada,Hogar,150.54,14,Rosa Ávila,Tijuana,Sucursal Centro,Tarjeta de Crédito
4590,2025-03-15,Detergente,Hogar,142.03,11,Manuel Bravo,Guadalajara,Sucursal Norte,Efectivo
4591,2025-02-13,Chocolate,Alimentos,41.82,1,Alicia Ponce,Mérida,Sucursal Norte,Tarjeta de Débito
4592,2024-06-26,Grapadora,Papelería,138.69,8,Elena Delgado,Guadalajara,Sucursal Centro,Transferencia
4593,2024-03-25,Pelota de Fútbol,Deportes,358.04,18,Silvia Fuentes,Ciudad de México,Sucursal Centro,Tarjeta de Crédito
4594,2025-08-10,Sudadera,Ropa,570.67,20,Manuel Bravo,Monterrey,Sucursal Sur,Tarjeta de Crédito
4595,2025-06-16,Sudadera,Ropa,511.87,20,Sebastián Fuentes,Monterrey,Sucursal Norte,Tarjeta de Débito
4596,2024-08-15,Pelota de Fútbol,Deportes,307.26,19,Valentina Cruz,Monterrey,Sucursal Centro,Transferencia
4597,2024-05-19,Teclado,Electrónica,272.24,18,Sandra Peña,Monterrey,Sucursal Sur,Tarjeta de Crédito
4598,2025-10-22,Folder,Papelería,40.34,12,María Martínez,Puebla,Sucursal Centro,Transferencia
4599,2025-04-14,Monitor,Electrónica,3850.73,7,Manuel Bravo,Monterrey,Sucursal Centro,Efectivo
4600,2025-08-26,Folder,Papelería,40.35,12,Mónica Ibáñez,León,Sucursal Norte,Tarjeta de Crédito
4601,2024-06-18,Bloques Didácticos,Juguetes,220.17,3,Elena Delgado,Mérida,Sucursal Centro,Tarjeta de Débito
4602,2025-03-26,Bolígrafo,Papelería,46.0,9,Ana García,Mérida,Sucursal Centro,Tarjeta de Débito
4603,2024-11-02,Perfume,Belleza,423.87,9,María Martínez,Monterrey,Sucursal Norte,Tarjeta de Crédito
4604,2025-03-23,Perfume,Belleza,757.28,20,Ignacio Miranda,Ciudad de México,Sucursal Centro,Efectivo
4605,2024-09-05,Guantes de Box,Deportes,822.54,17,Mariana Medina,León,Sucursal Centro,Tarjeta de Crédito
4606,2024-10-25,Agua,Alimentos,28.16,19,Arturo Navarro,Puebla,Sucursal Norte,Tarjeta de Crédito
4607,2025-03-16,Café,Alimentos,172.51,6,Verónica Aguilar,Mérida,Sucursal Centro,Tarjeta de Crédito
4608,2025-12-07,Almohada,Hogar,247.81,6,Sebastián Fuentes,Ciudad de México,Sucursal Norte,Efectivo
4609,2024-05-21,Colchoneta,Deportes,638.64,2,Beatriz Rojas,Tijuana,Sucursal Norte,Tarjeta de Débito
4610,2025-05-27,Pelota de Fútbol,Deportes,503.69,14,Arturo Navarro,León,Sucursal Norte,Transferencia
4611,2025-01-03,Zapatos Deportivos,Deportes,831.12,20,Valentina Cruz,Mérida,Sucursal Norte,Transferencia
4612,2024-10-08,Laptop,Electrónica,13189.79,11,Enrique Guerrero,Puebla,Sucursal Norte,Transferencia
4613,2024-12-10,Rompecabezas,Juguetes,211.19,4,Gabriela Moreno,Monterrey,Sucursal Norte,Tarjeta de Crédito
4614,2024-09-29,Bloques Didácticos,Juguetes,145.67,4,Renata Suárez,Guadalajara,Sucursal Sur,Efectivo
4615,2024-12-25,Muñeca,Juguetes,271.64,9,Ximena Paredes,Ciudad de México,Sucursal Sur,Tarjeta de Crédito
4616,2025-10-25,Detergente,Hogar,98.1,2,Natalia Ruiz,Ciudad de México,Sucursal Norte,Tarjeta de Crédito
4617,2025-04-11,Tijeras,Papelería,37.92,16,Alberto Varela,Monterrey,Sucursal Centro,Efectivo
4618,2024-09-16,Esmalte,Belleza,46.48,15,María Martínez,Monterrey,Sucursal Centro,Efectivo
4619,2025-11-29,Camiseta,Ropa,319.67,13,Patricia Muñoz,Puebla,Sucursal Norte,Efectivo
4620,2025-09-27,Tijeras,Papelería,69.79,20,Patricia Muñoz,Puebla,Sucursal Norte,Transferencia
4621,2025-10-16,Teclado,Electrónica,493.91,6,Gabriela Moreno,Guadalajara,Sucursal Sur,Tarjeta de Crédito
4622,2025-12-20,Agua,Alimentos,37.04,4,Mónica Ibáñez,Monterrey,Sucursal Norte,Efectivo
4623,2025-09-18,USB Flash Drive,Electrónica,156.74,19,Sergio Gutiérrez,Guadalajara,Sucursal Sur,Efectivo
4624,2025-11-18,Jugo,Alimentos,24.54,17,José Rodríguez,Monterrey,Sucursal Sur,Transferencia
4625,2025-08-22,Jugo,Alimentos,43.54,13,Sofía Pérez,Guadalajara,Sucursal Norte,Transferencia
4626,2025-05-10,Bloques Didácticos,Juguetes,220.85,10,Julio Cortez,Tijuana,Sucursal Norte,Transferencia
4627,2025-09-10,Jugo,Alimentos,54.23,16,Alicia Ponce,León,Sucursal Centro,Tarjeta de Crédito
4628,2024-11-06,Detergente,Hogar,86.37,12,Óscar Ríos,Mérida,Sucursal Centro,Efectivo
4629,2025-09-25,Pelota de Fútbol,Deportes,550.02,4,Miguel González,Tijuana,Sucursal Norte,Efectivo
4630,2024-12-11,Camiseta,Ropa,209.01,14,Ignacio Miranda,Mérida,Sucursal Centro,Transferencia
4631,2025-03-16,Detergente,Hogar,130.24,20,Ignacio Miranda,Monterrey,Sucursal Sur,Efectivo
4632,2024-11-16,Calcetines,Ropa,62.44,16,Pablo Álvarez,Monterrey,Sucursal Centro,Tarjeta de Débito
4633,2025-11-28,Calcetines,Ropa,75.38,6,Gabriela Moreno,Ciudad de México,Sucursal Norte,Efectivo
4634,2024-05-04,Agua,Alimentos,23.77,14,Diego Cabrera,Guadalajara,Sucursal Norte,Tarjeta de Crédito
4635,2024-01-23,Perfume,Belleza,637.29,17,Ximena Paredes,Puebla,Sucursal Norte,Tarjeta de Crédito
4636,2024-03-11,Galletas,Alimentos,64.15,13,David Torres,Tijuana,Sucursal Norte,Tarjeta de Crédito
4637,2025-06-11,Bolígrafo,Papelería,20.06,13,Natalia Ruiz,Tijuana,Sucursal Centro,Tarjeta de Débito
4638,2024-06-27,Lámpara,Hogar,505.38,1,María Martínez,Tijuana,Sucursal Centro,Efectivo
4639,2025-03-03,Esmalte,Belleza,78.67,11,Miguel González,Puebla,Sucursal Norte,Efectivo
4640,2025-12-21,Muñeca,Juguetes,483.81,13,Paola Mendoza,Guadalajara,Sucursal Sur,Efectivo
4641,2024-12-23,Labial,Belleza,67.8,5,Eduardo Jiménez,Ciudad de México,Sucursal Sur,Tarjeta de Débito
4642,2025-09-02,Perfume,Belleza,1112.82,11,Andrés Vargas,Puebla,Sucursal Norte,Efectivo
4643,2024-03-15,Cargador,Electrónica,156.6,10,Tomás Vega,Monterrey,Sucursal Centro,Transferencia
4644,2024-02-09,Café,Alimentos,240.42,18,Carlos López,Puebla,Sucursal Centro,Efectivo
4645,2025-10-27,Cuaderno,Papelería,105.01,1,Adriana Molina,Mérida,Sucursal Norte,Efectivo
4646,2025-10-28,Café,Alimentos,181.83,18,Ana García,Tijuana,Sucursal Norte,Transferencia
4647,2024-04-11,Rompecabezas,Juguetes,192.89,9,Ximena Paredes,León,Sucursal Centro,Tarjeta de Débito
4648,2025-03-18,Almohada,Hogar,226.53,15,Rosa Ávila,Tijuana,Sucursal Centro,Tarjeta de Crédito
4649,2025-09-14,Gorra,Ropa,226.8,9,Manuel Bravo,Ciudad de México,Sucursal Norte,Transferencia
4650,2025-02-22,Guantes de Box,Deportes,863.97,7,Ramón Ortega,Monterrey,Sucursal Sur,Tarjeta de Crédito
4651,2024-01-18,Agua,Alimentos,15.87,8,Julio Cortez,Mérida,Sucursal Centro,Efectivo
4652,2025-11-27,Galletas,Alimentos,60.9,5,Paola Mendoza,Guadalajara,Sucursal Norte,Tarjeta de Débito
4653,2025-10-08,Grapadora,Papelería,199.9,3,Héctor Soto,Tijuana,Sucursal Centro,Tarjeta de Crédito
4654,2025-11-30,Pantalón,Ropa,595.1,13,Guillermo León,Ciudad de México,Sucursal Sur,Transferencia
4655,2025-04-29,Marcadores,Papelería,93.85,4,Carlos López,León,Sucursal Norte,Tarjeta de Crédito
4656,2024-12-01,Crema Facial,Belleza,178.87,8,Fernanda Luna,Monterrey,Sucursal Sur,Tarjeta de Crédito
4657,2024-02-20,Jugo,Alimentos,22.15,6,Julio Cortez,Tijuana,Sucursal Centro,Tarjeta de Débito
4658,2024-09-26,Calcetines,Ropa,95.96,8,Valentina Cruz,Guadalajara,Sucursal Norte,Tarjeta de Crédito
4659,2025-04-16,Marcadores,Papelería,139.34,9,Carlos López,León,Sucursal Norte,Transferencia
4660,2024-02-14,USB Flash Drive,Electrónica,81.78,11,Luis Espinoza,Ciudad de México,Sucursal Centro,Tarjeta de Débito
4661,2025-11-20,Colchoneta,Deportes,333.76,20,Marco Sánchez,Monterrey,Sucursal Norte,Transferencia
4662,2024-01-13,Auriculares,Electrónica,1482.12,18,Tomás Vega,Monterrey,Sucursal Sur,Tarjeta de Débito
4663,2025-02-22,Colchoneta,Deportes,616.15,13,Ana García,Monterrey,Sucursal Sur,Transferencia
4664,2025-07-02,Pelota de Fútbol,Deportes,565.08,8,Alberto Varela,Puebla,Sucursal Norte,Tarjeta de Débito
4665,2024-09-05,Crema Facial,Belleza,226.24,13,Rosa Ávila,Tijuana,Sucursal Centro,Tarjeta de Débito
4666,2025-11-18,Detergente,Hogar,65.98,4,Paola Mendoza,Guadalajara,Sucursal Norte,Tarjeta de Crédito
4667,2024-02-23,Detergente,Hogar,149.82,3,Cecilia Trujillo,Guadalajara,Sucursal Centro,Tarjeta de Crédito
4668,2025-03-09,Folder,Papelería,27.61,4,Ignacio Miranda,Mérida,Sucursal Norte,Transferencia
4669,2025-04-04,Sudadera,Ropa,263.96,11,Silvia Fuentes,Tijuana,Sucursal Centro,Transferencia
4670,2024-02-12,Monitor,Electrónica,4805.69,4,Sofía Pérez,Mérida,Sucursal Centro,Transferencia
4671,2025-11-26,Folder,Papelería,54.01,12,Lucía Ramos,Ciudad de México,Sucursal Centro,Efectivo
4672,2024-07-23,Carro de Juguete,Juguetes,439.76,20,Silvia Fuentes,Ciudad de México,Sucursal Sur,Tarjeta de Crédito
4673,2024-03-10,Monitor,Electrónica,2869.74,11,Carlos López,Tijuana,Sucursal Centro,Transferencia
4674,2025-06-09,Jugo,Alimentos,52.18,14,Renata Suárez,Puebla,Sucursal Norte,Tarjeta de Crédito
4675,2025-08-02,Muñeca,Juguetes,447.35,9,Carolina Castro,Mérida,Sucursal Centro,Tarjeta de Débito
4676,2025-07-17,Agua,Alimentos,23.9,19,María Martínez,Tijuana,Sucursal Norte,Transferencia
4677,2024-08-23,Shampoo,Belleza,130.12,10,Andrés Vargas,León,Sucursal Norte,Tarjeta de Crédito
4678,2025-09-17,Tijeras,Papelería,27.16,8,Felipe Núñez,León,Sucursal Centro,Transferencia
4679,2024-12-18,Perfume,Belleza,1479.81,5,Alejandra Morales,Mérida,Sucursal Norte,Transferencia
4680,2024-11-07,Zapatos Deportivos,Deportes,1333.23,13,Sergio Gutiérrez,León,Sucursal Centro,Transferencia
4681,2024-10-12,Zapatos Deportivos,Deportes,1565.36,12,Guillermo León,Guadalajara,Sucursal Norte,Efectivo
4682,2024-06-28,Laptop,Electrónica,14425.29,14,Rebeca Campos,León,Sucursal Centro,Efectivo
4683,2024-08-10,Almohada,Hogar,238.41,15,Héctor Soto,Tijuana,Sucursal Centro,Tarjeta de Crédito
4684,2025-11-22,Detergente,Hogar,55.37,15,Diego Cabrera,Puebla,Sucursal Norte,Tarjeta de Crédito
4685,2025-10-07,Lámpara,Hogar,741.66,9,Ana García,Guadalajara,Sucursal Norte,Tarjeta de Crédito
4686,2025-01-19,Café,Alimentos,226.94,4,Beatriz Rojas,Guadalajara,Sucursal Norte,Efectivo
4687,2025-10-01,Galletas,Alimentos,30.76,4,Carlos López,Ciudad de México,Sucursal Centro,Transferencia
4688,2025-03-14,Cargador,Electrónica,188.43,16,Beatriz Rojas,León,Sucursal Norte,Transferencia
4689,2024-05-04,Pantalón,Ropa,453.64,2,Verónica Aguilar,Puebla,Sucursal Norte,Tarjeta de Débito
4690,2025-09-16,Pantalón,Ropa,637.69,10,Alejandra Morales,León,Sucursal Centro,Tarjeta de Crédito
4691,2024-12-29,Lámpara,Hogar,262.13,13,Cecilia Trujillo,León,Sucursal Norte,Tarjeta de Débito
4692,2025-06-03,Auriculares,Electrónica,1339.24,7,Andrés Vargas,León,Sucursal Norte,Tarjeta de Crédito
4693,2024-04-22,Carro de Juguete,Juguetes,218.74,1,David Torres,Monterrey,Sucursal Sur,Efectivo
4694,2024-11-04,Muñeca,Juguetes,358.01,3,Felipe Núñez,Monterrey,Sucursal Norte,Tarjeta de Débito
4695,2024-01-20,Almohada,Hogar,236.6,9,Jorge Romero,León,Sucursal Norte,Efectivo
4696,2024-05-24,Bolígrafo,Papelería,24.76,18,Luis Espinoza,Ciudad de México,Sucursal Centro,Efectivo
4697,2024-02-08,Chocolate,Alimentos,56.98,16,Héctor Soto,León,Sucursal Centro,Tarjeta de Débito
4698,2024-02-20,Shampoo,Belleza,98.56,16,Sebastián Fuentes,Monterrey,Sucursal Sur,Tarjeta de Crédito
4699,2025-05-29,Pantalón,Ropa,785.4,4,Andrés Vargas,Mérida,Sucursal Centro,Tarjeta de Crédito
4700,2024-12-28,Bloques Didácticos,Juguetes,173.53,4,Alicia Ponce,Ciudad de México,Sucursal Norte,Tarjeta de Crédito
4701,2024-07-05,Guantes de Box,Deportes,672.62,11,Jorge Romero,Mérida,Sucursal Centro,Tarjeta de Débito
4702,2025-08-05,Carro de Juguete,Juguetes,382.93,3,Felipe Núñez,Puebla,Sucursal Norte,Tarjeta de Débito
4703,2024-09-19,Galletas,Alimentos,49.14,4,Carlos López,Guadalajara,Sucursal Centro,Tarjeta de Débito
4704,2025-09-20,Almohada,Hogar,274.97,3,María Martínez,Mérida,Sucursal Centro,Tarjeta de Débito
4705,2025-11-22,Guantes de Box,Deportes,727.27,1,Sebastián Fuentes,Ciudad de México,Sucursal Centro,Efectivo
4706,2024-03-03,Pantalón,Ropa,714.15,9,Adriana Molina,Tijuana,Sucursal Norte,Efectivo
4707,2024-09-05,Muñeca,Juguetes,563.02,13,José Rodríguez,Ciudad de México,Sucursal Norte,Transferencia
4708,2025-04-10,Café,Alimentos,142.67,2,Rebeca Campos,Puebla,Sucursal Centro,Tarjeta de Débito
4709,2024-11-18,Teclado,Electrónica,399.02,3,Julio Cortez,Guadalajara,Sucursal Sur,Efectivo
4710,2025-03-03,Chocolate,Alimentos,60.63,3,Tomás Vega,Tijuana,Sucursal Centro,Transferencia
4711,2024-11-15,Esmalte,Belleza,71.37,10,Alicia Ponce,Guadalajara,Sucursal Centro,Tarjeta de Crédito
4712,2025-05-16,Carro de Juguete,Juguetes,272.35,14,Lucía Ramos,León,Sucursal Centro,Tarjeta de Débito
4713,2024-06-24,Carro de Juguete,Juguetes,188.76,9,Sergio Gutiérrez,Mérida,Sucursal Norte,Tarjeta de Débito
4714,2024-03-22,Auriculares,Electrónica,349.03,12,Gabriela Moreno,Monterrey,Sucursal Sur,Efectivo
4715,2024-05-29,Crema Facial,Belleza,335.24,7,Elena Delgado,Tijuana,Sucursal Norte,Efectivo
4716,2024-11-04,Toalla,Hogar,135.7,2,Gabriela Moreno,Tijuana,Sucursal Centro,Tarjeta de Crédito
4717,2025-08-04,Cuaderno,Papelería,52.77,14,Juan Cervantes,Guadalajara,Sucursal Centro,Transferencia
4718,2025-02-21,Esmalte,Belleza,46.87,8,Ana García,Mérida,Sucursal Centro,Tarjeta de Débito
4719,2024-08-06,Bolígrafo,Papelería,45.51,15,Carlos López,Guadalajara,Sucursal Centro,Tarjeta de Débito
4720,2025-07-12,Agua,Alimentos,15.49,13,Paola Mendoza,Guadalajara,Sucursal Sur,Transferencia
4721,2025-03-17,Bloques Didácticos,Juguetes,219.37,2,Marco Sánchez,Guadalajara,Sucursal Sur,Transferencia
4722,2025-03-31,USB Flash Drive,Electrónica,134.66,9,Felipe Núñez,Guadalajara,Sucursal Centro,Tarjeta de Débito
4723,2024-08-27,Laptop,Electrónica,14401.9,20,Patricia Muñoz,Tijuana,Sucursal Norte,Tarjeta de Débito
4724,2024-09-18,Rompecabezas,Juguetes,181.18,17,Juan Cervantes,Guadalajara,Sucursal Sur,Transferencia
4725,2024-12-29,Carro de Juguete,Juguetes,352.53,5,Ricardo Castillo,León,Sucursal Centro,Transferencia
4726,2025-01-22,Zapatos Deportivos,Deportes,1132.53,12,Héctor Soto,Tijuana,Sucursal Centro,Transferencia
4727,2025-10-04,Crema Facial,Belleza,333.82,15,Felipe Núñez,Monterrey,Sucursal Norte,Tarjeta de Crédito
4728,2024-10-30,Cargador,Electrónica,269.93,3,Juan Cervantes,Ciudad de México,Sucursal Norte,Transferencia
4729,2024-01-23,Pelota de Fútbol,Deportes,561.33,5,Paola Mendoza,Tijuana,Sucursal Norte,Efectivo
4730,2025-09-04,Guantes de Box,Deportes,615.25,3,Paola Mendoza,Mérida,Sucursal Norte,Efectivo
4731,2025-05-24,Gorra,Ropa,188.96,2,Sergio Gutiérrez,Monterrey,Sucursal Centro,Tarjeta de Crédito
4732,2024-12-09,Cuaderno,Papelería,80.49,16,Alicia Ponce,Guadalajara,Sucursal Norte,Efectivo
4733,2025-12-01,Chocolate,Alimentos,68.3,14,Manuel Bravo,Tijuana,Sucursal Norte,Efectivo
4734,2025-12-04,Bolígrafo,Papelería,25.26,15,José Rodríguez,Monterrey,Sucursal Norte,Tarjeta de Débito
4735,2025-10-13,Zapatos Deportivos,Deportes,1947.18,7,Fernando Flores,Ciudad de México,Sucursal Sur,Tarjeta de Crédito
4736,2025-07-27,Muñeca,Juguetes,346.05,6,Miguel González,Mérida,Sucursal Centro,Tarjeta de Débito
4737,2024-04-17,Sudadera,Ropa,557.94,18,Tomás Vega,Ciudad de México,Sucursal Norte,Transferencia
4738,2025-03-19,Galletas,Alimentos,37.31,4,María Martínez,Monterrey,Sucursal Norte,Tarjeta de Crédito
4739,2024-09-10,Cargador,Electrónica,338.08,2,Gabriela Moreno,Ciudad de México,Sucursal Sur,Transferencia
4740,2024-12-03,Sudadera,Ropa,504.25,15,Carlos López,León,Sucursal Norte,Transferencia
4741,2025-08-24,Labial,Belleza,147.16,19,Patricia Muñoz,Ciudad de México,Sucursal Centro,Transferencia
4742,2025-03-25,Folder,Papelería,47.08,4,Miguel González,Puebla,Sucursal Norte,Transferencia
4743,2024-10-09,Rompecabezas,Juguetes,235.3,10,Eduardo Jiménez,Tijuana,Sucursal Centro,Efectivo
4744,2025-06-06,Guantes de Box,Deportes,618.74,8,Renata Suárez,Guadalajara,Sucursal Centro,Efectivo
4745,2025-08-11,Agua,Alimentos,32.37,15,Rosa Ávila,Ciudad de México,Sucursal Centro,Tarjeta de Débito
4746,2025-08-06,Agua,Alimentos,24.72,14,Jorge Romero,Puebla,Sucursal Norte,Tarjeta de Débito
4747,2025-12-02,Monitor,Electrónica,7407.82,3,Cecilia Trujillo,Monterrey,Sucursal Sur,Transferencia
4748,2025-04-06,Almohada,Hogar,360.46,4,Lucía Ramos,Puebla,Sucursal Centro,Transferencia
4749,2024-03-14,Tijeras,Papelería,59.24,8,Camila Díaz,Guadalajara,Sucursal Norte,Tarjeta de Débito
4750,2024-03-31,Toalla,Hogar,133.35,20,Enrique Guerrero,Ciudad de México,Sucursal Centro,Tarjeta de Crédito
4751,2024-08-16,Zapatos Deportivos,Deportes,932.26,9,Fernando Flores,Guadalajara,Sucursal Centro,Tarjeta de Crédito
4752,2025-09-28,Labial,Belleza,113.62,16,Daniela Herrera,Monterrey,Sucursal Centro,Tarjeta de Débito
4753,2025-03-22,Tijeras,Papelería,31.34,17,Fernanda Luna,León,Sucursal Norte,Transferencia
4754,2025-05-23,Perfume,Belleza,735.74,16,Mónica Ibáñez,Mérida,Sucursal Centro,Tarjeta de Crédito
4755,2025-02-10,Zapatos Deportivos,Deportes,1838.33,3,Guillermo León,Ciudad de México,Sucursal Norte,Tarjeta de Débito
4756,2025-05-23,Pantalón,Ropa,622.45,6,Daniela Herrera,Ciudad de México,Sucursal Centro,Transferencia
4757,2025-02-16,Guantes de Box,Deportes,1126.13,9,Pablo Álvarez,León,Sucursal Norte,Transferencia
4758,2025-01-23,Colchoneta,Deportes,519.36,3,Julio Cortez,Mérida,Sucursal Norte,Tarjeta de Crédito
4759,2024-01-17,Bloques Didácticos,Juguetes,282.89,2,Sandra Peña,Tijuana,Sucursal Centro,Tarjeta de Crédito
4760,2024-11-20,Crema Facial,Belleza,191.58,2,Tomás Vega,León,Sucursal Centro,Efectivo
4761,2024-05-24,Cargador,Electrónica,106.69,9,Ramón Ortega,Monterrey,Sucursal Norte,Tarjeta de Crédito
4762,2024-07-28,Sudadera,Ropa,344.78,16,Lucía Ramos,Guadalajara,Sucursal Centro,Tarjeta de Crédito
4763,2025-01-16,Calcetines,Ropa,70.97,15,Ignacio Miranda,Guadalajara,Sucursal Norte,Tarjeta de Débito
4764,2025-05-02,Camiseta,Ropa,342.77,7,Pablo Álvarez,Monterrey,Sucursal Sur,Tarjeta de Débito
4765,2025-12-28,USB Flash Drive,Electrónica,127.72,14,Laura Hernández,León,Sucursal Norte,Tarjeta de Débito
4766,2025-09-11,USB Flash Drive,Electrónica,241.71,1,Luis Espinoza,Monterrey,Sucursal Norte,Tarjeta de Crédito
4767,2025-02-16,Cargador,Electrónica,106.31,13,Mónica Ibáñez,Guadalajara,Sucursal Norte,Transferencia
4768,2025-01-02,Detergente,Hogar,141.45,20,Miguel González,Monterrey,Sucursal Centro,Tarjeta de Crédito
4769,2024-01-18,Rompecabezas,Juguetes,286.61,6,Adriana Molina,León,Sucursal Centro,Tarjeta de Crédito
4770,2025-04-24,Chocolate,Alimentos,34.25,8,Sandra Peña,Tijuana,Sucursal Centro,Tarjeta de Crédito
4771,2024-03-06,Agua,Alimentos,31.79,10,Rosa Ávila,Monterrey,Sucursal Sur,Transferencia
4772,2024-07-20,Sudadera,Ropa,289.22,19,Luis Espinoza,Ciudad de México,Sucursal Sur,Transferencia
4773,2025-03-08,Agua,Alimentos,24.82,11,Enrique Guerrero,Monterrey,Sucursal Norte,Tarjeta de Débito
4774,2024-10-11,Pelota de Fútbol,Deportes,446.3,15,Rebeca Campos,Guadalajara,Sucursal Sur,Efectivo
4775,2025-10-18,Lámpara,Hogar,326.49,7,Cecilia Trujillo,Puebla,Sucursal Centro,Tarjeta de Débito
4776,2025-10-09,Rompecabezas,Juguetes,241.1,17,Roberto Reyes,León,Sucursal Norte,Efectivo
4777,2024-09-03,Bolígrafo,Papelería,13.68,5,Sofía Pérez,Ciudad de México,Sucursal Sur,Tarjeta de Crédito
4778,2025-09-09,Rompecabezas,Juguetes,209.09,10,Víctor Salinas,León,Sucursal Centro,Transferencia
4779,2024-10-20,Shampoo,Belleza,135.32,5,Víctor Salinas,Tijuana,Sucursal Norte,Efectivo
4780,2025-07-19,Calcetines,Ropa,84.72,2,Rosa Ávila,Mérida,Sucursal Centro,Efectivo
4781,2025-04-10,Muñeca,Juguetes,241.94,8,Héctor Soto,Guadalajara,Sucursal Centro,Tarjeta de Débito
4782,2024-12-14,Colchoneta,Deportes,685.31,2,Carlos López,Puebla,Sucursal Centro,Transferencia
4783,2025-06-24,Cargador,Electrónica,237.68,4,Natalia Ruiz,Ciudad de México,Sucursal Sur,Transferencia
4784,2024-03-29,Esmalte,Belleza,98.12,14,Miguel González,León,Sucursal Norte,Tarjeta de Débito
4785,2024-08-13,Pantalón,Ropa,489.0,1,Renata Suárez,Tijuana,Sucursal Norte,Efectivo
4786,2025-08-27,Chocolate,Alimentos,90.75,18,Manuel Bravo,Tijuana,Sucursal Norte,Transferencia
4787,2024-08-18,Grapadora,Papelería,136.56,18,Laura Hernández,León,Sucursal Norte,Tarjeta de Débito
4788,2024-11-20,Perfume,Belleza,952.01,18,Ana García,Tijuana,Sucursal Centro,Efectivo
4789,2024-11-15,Mouse,Electrónica,176.92,3,Miguel González,Guadalajara,Sucursal Centro,Tarjeta de Débito
4790,2025-12-26,Detergente,Hogar,126.66,19,Enrique Guerrero,Puebla,Sucursal Centro,Transferencia
4791,2024-04-29,Pelota de Fútbol,Deportes,581.88,9,Diego Cabrera,Ciudad de México,Sucursal Centro,Transferencia
4792,2025-03-11,Marcadores,Papelería,109.32,15,Alicia Ponce,Guadalajara,Sucursal Centro,Tarjeta de Crédito
4793,2025-03-20,Muñeca,Juguetes,285.0,17,Isabel Ramírez,Monterrey,Sucursal Norte,Tarjeta de Crédito
4794,2025-03-09,Camiseta,Ropa,389.38,17,Adriana Molina,Guadalajara,Sucursal Sur,Transferencia
4795,2025-07-28,Guantes de Box,Deportes,722.73,14,José Rodríguez,Puebla,Sucursal Centro,Transferencia
4796,2024-01-18,USB Flash Drive,Electrónica,222.24,1,Cecilia Trujillo,Tijuana,Sucursal Norte,Tarjeta de Crédito
4797,2024-08-30,Grapadora,Papelería,197.81,10,Felipe Núñez,Guadalajara,Sucursal Sur,Transferencia
4798,2025-04-17,Lámpara,Hogar,424.18,19,Eduardo Jiménez,Guadalajara,Sucursal Centro,Efectivo
4799,2024-07-10,Guantes de Box,Deportes,1013.05,5,Luis Espinoza,Mérida,Sucursal Centro,Transferencia
4800,2024-05-06,Almohada,Hogar,327.25,6,Alejandra Morales,Ciudad de México,Sucursal Sur,Tarjeta de Crédito
4801,2024-09-20,Muñeca,Juguetes,251.65,18,Carlos López,León,Sucursal Norte,Efectivo
4802,2025-01-13,Bloques Didácticos,Juguetes,150.43,15,Ignacio Miranda,Guadalajara,Sucursal Norte,Tarjeta de Crédito
4803,2024-12-07,Monitor,Electrónica,5093.75,15,Rebeca Campos,Guadalajara,Sucursal Sur,Tarjeta de Débito
4804,2025-05-23,Perfume,Belleza,391.68,1,David Torres,León,Sucursal Centro,Transferencia
4805,2025-09-06,Monitor,Electrónica,6199.89,8,Carolina Castro,Ciudad de México,Sucursal Centro,Transferencia
4806,2025-11-10,Auriculares,Electrónica,1187.45,5,Sebastián Fuentes,Tijuana,Sucursal Centro,Transferencia
4807,2024-04-25,Zapatos Deportivos,Deportes,1943.45,12,Sofía Pérez,Tijuana,Sucursal Norte,Efectivo
4808,2024-07-24,Teclado,Electrónica,502.77,14,Gabriela Moreno,Tijuana,Sucursal Centro,Transferencia
4809,2025-01-28,Rompecabezas,Juguetes,304.18,1,Eduardo Jiménez,Tijuana,Sucursal Norte,Transferencia
4810,2025-11-16,Folder,Papelería,57.35,18,Marco Sánchez,León,Sucursal Centro,Tarjeta de Crédito
4811,2025-11-18,Mouse,Electrónica,229.31,18,Manuel Bravo,Tijuana,Sucursal Norte,Transferencia
4812,2024-02-24,Colchoneta,Deportes,678.89,19,Roberto Reyes,Ciudad de México,Sucursal Norte,Tarjeta de Débito
4813,2024-09-03,Folder,Papelería,36.32,11,Juan Cervantes,Tijuana,Sucursal Norte,Efectivo
4814,2024-11-13,Almohada,Hogar,262.12,18,Sofía Pérez,Ciudad de México,Sucursal Centro,Tarjeta de Débito
4815,2024-01-03,Zapatos Deportivos,Deportes,1467.67,15,Carlos López,Monterrey,Sucursal Norte,Tarjeta de Débito
4816,2025-12-14,Guantes de Box,Deportes,842.52,9,Víctor Salinas,Guadalajara,Sucursal Sur,Tarjeta de Crédito
4817,2024-07-25,Labial,Belleza,120.67,16,Ximena Paredes,Ciudad de México,Sucursal Sur,Efectivo
4818,2024-02-29,Cuaderno,Papelería,54.25,19,Sandra Peña,León,Sucursal Norte,Efectivo
4819,2025-05-09,Pelota de Fútbol,Deportes,445.91,3,Renata Suárez,Tijuana,Sucursal Norte,Efectivo
4820,2024-07-05,Folder,Papelería,52.93,11,María Martínez,Mérida,Sucursal Centro,Tarjeta de Débito
4821,2024-09-13,Monitor,Electrónica,2794.68,13,Elena Delgado,Guadalajara,Sucursal Norte,Transferencia
4822,2024-09-01,Esmalte,Belleza,71.02,5,Felipe Núñez,Mérida,Sucursal Centro,Tarjeta de Crédito
4823,2024-04-12,Galletas,Alimentos,62.81,14,Lucía Ramos,León,Sucursal Centro,Tarjeta de Crédito
4824,2025-04-09,Teclado,Electrónica,649.39,18,Arturo Navarro,Tijuana,Sucursal Norte,Efectivo
4825,2024-01-20,Pelota de Fútbol,Deportes,435.5,13,Daniela Herrera,Tijuana,Sucursal Norte,Tarjeta de Débito
4826,2025-11-06,Detergente,Hogar,114.93,6,Cecilia Trujillo,Ciudad de México,Sucursal Norte,Tarjeta de Crédito
4827,2025-02-07,Pantalón,Ropa,627.62,20,Guillermo León,Monterrey,Sucursal Norte,Efectivo
4828,2024-04-29,Shampoo,Belleza,101.93,13,Eduardo Jiménez,Ciudad de México,Sucursal Norte,Tarjeta de Débito
4829,2024-01-03,Bloques Didácticos,Juguetes,132.05,14,Enrique Guerrero,León,Sucursal Norte,Transferencia
4830,2025-12-26,Folder,Papelería,34.4,20,Ana García,León,Sucursal Norte,Efectivo
4831,2024-03-06,Colchoneta,Deportes,580.59,19,Patricia Muñoz,Puebla,Sucursal Norte,Tarjeta de Crédito
4832,2025-11-22,Labial,Belleza,69.29,8,Ximena Paredes,Mérida,Sucursal Centro,Efectivo
4833,2025-02-22,Colchoneta,Deportes,524.72,19,Ximena Paredes,Mérida,Sucursal Centro,Transferencia
4834,2025-01-12,Bolígrafo,Papelería,37.28,2,Eduardo Jiménez,Tijuana,Sucursal Centro,Transferencia
4835,2024-09-21,Labial,Belleza,96.73,5,Diego Cabrera,Ciudad de México,Sucursal Sur,Transferencia
4836,2024-02-17,Café,Alimentos,147.88,7,Rebeca Campos,Tijuana,Sucursal Norte,Tarjeta de Débito
4837,2024-11-04,Pelota de Fútbol,Deportes,342.37,6,Valentina Cruz,Ciudad de México,Sucursal Norte,Tarjeta de Crédito
4838,2025-01-07,Pelota de Fútbol,Deportes,585.32,15,Manuel Bravo,Monterrey,Sucursal Norte,Transferencia
4839,2024-08-15,Auriculares,Electrónica,994.9,12,Ximena Paredes,Mérida,Sucursal Norte,Transferencia
4840,2025-06-15,Toalla,Hogar,225.68,13,Elena Delgado,Ciudad de México,Sucursal Centro,Transferencia
4841,2024-01-31,Pelota de Fútbol,Deportes,508.02,3,Rosa Ávila,Monterrey,Sucursal Centro,Tarjeta de Débito
4842,2024-06-20,Muñeca,Juguetes,455.34,18,Adriana Molina,León,Sucursal Centro,Transferencia
4843,2025-05-17,Gorra,Ropa,186.12,15,Ramón Ortega,Guadalajara,Sucursal Sur,Tarjeta de Débito
4844,2025-01-28,Esmalte,Belleza,107.58,1,Adriana Molina,Tijuana,Sucursal Centro,Tarjeta de Crédito
4845,2024-02-11,Teclado,Electrónica,758.32,14,Eduardo Jiménez,Puebla,Sucursal Centro,Efectivo
4846,2025-09-09,Calcetines,Ropa,79.79,7,Jorge Romero,Puebla,Sucursal Norte,Tarjeta de Débito
4847,2024-06-29,Café,Alimentos,216.04,12,Julio Cortez,Mérida,Sucursal Norte,Tarjeta de Débito
4848,2025-07-01,Jugo,Alimentos,58.67,3,José Rodríguez,Guadalajara,Sucursal Sur,Efectivo
4849,2025-07-09,Café,Alimentos,171.25,6,Valentina Cruz,León,Sucursal Centro,Efectivo
4850,2024-10-12,Zapatos Deportivos,Deportes,1303.66,6,Julio Cortez,Ciudad de México,Sucursal Norte,Tarjeta de Débito
4851,2025-07-13,Agua,Alimentos,38.73,10,María Martínez,Guadalajara,Sucursal Centro,Tarjeta de Débito
4852,2025-02-18,Chocolate,Alimentos,78.5,6,Rebeca Campos,León,Sucursal Norte,Efectivo
4853,2025-12-06,Esmalte,Belleza,111.98,2,Ignacio Miranda,Tijuana,Sucursal Centro,Tarjeta de Débito
4854,2025-01-07,Cargador,Electrónica,364.21,5,Laura Hernández,Mérida,Sucursal Norte,Transferencia
4855,2024-08-06,Detergente,Hogar,129.12,7,Carolina Castro,Guadalajara,Sucursal Centro,Tarjeta de Crédito
4856,2024-11-27,Pelota de Fútbol,Deportes,470.08,2,Fernanda Luna,Puebla,Sucursal Norte,Transferencia
4857,2024-12-09,Rompecabezas,Juguetes,254.1,14,Daniela Herrera,Tijuana,Sucursal Centro,Tarjeta de Crédito
4858,2025-03-30,Rompecabezas,Juguetes,169.07,11,Enrique Guerrero,Puebla,Sucursal Norte,Tarjeta de Crédito
4859,2024-08-21,Folder,Papelería,31.86,17,Isabel Ramírez,Ciudad de México,Sucursal Centro,Efectivo
4860,2024-06-06,Detergente,Hogar,139.06,4,Diego Cabrera,Mérida,Sucursal Centro,Efectivo
4861,2025-10-22,Bolígrafo,Papelería,48.57,1,Manuel Bravo,León,Sucursal Norte,Transferencia
4862,2024-04-20,Café,Alimentos,109.03,8,Sergio Gutiérrez,Puebla,Sucursal Norte,Tarjeta de Crédito
4863,2024-07-04,Detergente,Hogar,119.25,6,Beatriz Rojas,León,Sucursal Norte,Tarjeta de Débito
4864,2024-08-05,Pantalón,Ropa,659.77,16,Camila Díaz,León,Sucursal Norte,Transferencia
4865,2025-07-21,Pantalón,Ropa,766.84,19,Valentina Cruz,Ciudad de México,Sucursal Norte,Transferencia
4866,2024-12-04,Cargador,Electrónica,365.93,16,Daniela Herrera,Guadalajara,Sucursal Centro,Transferencia
4867,2024-06-28,Pantalón,Ropa,685.4,20,Valentina Cruz,León,Sucursal Centro,Tarjeta de Débito
4868,2024-10-23,USB Flash Drive,Electrónica,229.94,12,Ana García,Guadalajara,Sucursal Centro,Tarjeta de Crédito
4869,2024-09-27,Gorra,Ropa,109.59,19,Valentina Cruz,Puebla,Sucursal Norte,Transferencia
4870,2025-05-02,Tijeras,Papelería,76.31,16,David Torres,Monterrey,Sucursal Norte,Tarjeta de Crédito
4871,2025-06-26,Laptop,Electrónica,11522.67,2,Carlos López,Monterrey,Sucursal Norte,Efectivo
4872,2025-06-26,Esmalte,Belleza,30.18,11,Laura Hernández,León,Sucursal Norte,Tarjeta de Débito
4873,2024-11-30,Camiseta,Ropa,208.91,13,Andrés Vargas,Mérida,Sucursal Centro,Tarjeta de Débito
4874,2025-03-28,Rompecabezas,Juguetes,310.84,1,Rebeca Campos,Ciudad de México,Sucursal Norte,Tarjeta de Débito
4875,2024-05-03,Shampoo,Belleza,151.6,9,Sebastián Fuentes,Mérida,Sucursal Centro,Transferencia
4876,2025-03-01,Colchoneta,Deportes,621.25,18,Tomás Vega,Mérida,Sucursal Centro,Tarjeta de Crédito
4877,2025-07-22,Sudadera,Ropa,380.87,14,Natalia Ruiz,Tijuana,Sucursal Centro,Efectivo
4878,2025-09-13,Crema Facial,Belleza,285.77,14,María Martínez,Monterrey,Sucursal Centro,Efectivo
4879,2025-01-12,Labial,Belleza,149.02,6,Alejandra Morales,Tijuana,Sucursal Centro,Tarjeta de Débito
4880,2025-09-29,Lámpara,Hogar,549.84,2,Diego Cabrera,León,Sucursal Norte,Efectivo
4881,2025-11-03,Café,Alimentos,225.81,13,Mónica Ibáñez,León,Sucursal Norte,Efectivo
4882,2024-01-04,Detergente,Hogar,127.01,11,Daniela Herrera,Guadalajara,Sucursal Norte,Transferencia
4883,2024-05-13,Chocolate,Alimentos,88.12,7,Daniela Herrera,Tijuana,Sucursal Centro,Tarjeta de Débito
4884,2025-02-18,Perfume,Belleza,1032.04,9,Adriana Molina,León,Sucursal Norte,Tarjeta de Débito
4885,2024-11-26,Almohada,Hogar,198.14,11,Daniela Herrera,León,Sucursal Centro,Efectivo
4886,2025-11-21,Grapadora,Papelería,115.82,4,Ximena Paredes,Tijuana,Sucursal Centro,Tarjeta de Crédito
4887,2025-05-09,Guantes de Box,Deportes,1171.95,14,Luis Espinoza,Guadalajara,Sucursal Norte,Efectivo
4888,2025-05-31,Jugo,Alimentos,39.95,14,Renata Suárez,Ciudad de México,Sucursal Centro,Efectivo
4889,2024-12-19,Folder,Papelería,47.41,20,María Martínez,Puebla,Sucursal Centro,Transferencia
4890,2024-05-06,Gorra,Ropa,197.81,15,Natalia Ruiz,León,Sucursal Norte,Efectivo
4891,2024-05-02,Marcadores,Papelería,48.59,19,Víctor Salinas,Tijuana,Sucursal Norte,Transferencia
4892,2025-07-19,Crema Facial,Belleza,203.52,5,Sergio Gutiérrez,Guadalajara,Sucursal Centro,Tarjeta de Débito
4893,2024-09-01,Bolígrafo,Papelería,17.03,11,Alberto Varela,Tijuana,Sucursal Norte,Tarjeta de Crédito
4894,2025-04-11,Chocolate,Alimentos,61.86,13,Camila Díaz,Monterrey,Sucursal Norte,Efectivo
4895,2024-04-15,Toalla,Hogar,138.53,18,María Martínez,Monterrey,Sucursal Sur,Transferencia
4896,2025-02-06,Café,Alimentos,92.82,16,Luis Espinoza,Monterrey,Sucursal Sur,Tarjeta de Débito
4897,2025-05-05,Teclado,Electrónica,533.39,11,Ricardo Castillo,Puebla,Sucursal Norte,Tarjeta de Débito
4898,2025-09-02,Auriculares,Electrónica,377.91,15,Alberto Varela,León,Sucursal Centro,Transferencia
4899,2025-08-25,Mouse,Electrónica,215.27,5,Diego Cabrera,Tijuana,Sucursal Centro,Transferencia
4900,2024-03-20,Esmalte,Belleza,36.96,17,Alicia Ponce,León,Sucursal Centro,Tarjeta de Crédito
4901,2024-09-08,Camiseta,Ropa,345.36,7,Camila Díaz,Guadalajara,Sucursal Sur,Tarjeta de Crédito
4902,2025-08-27,Agua,Alimentos,17.7,1,Eduardo Jiménez,Puebla,Sucursal Norte,Tarjeta de Crédito
4903,2024-08-19,Labial,Belleza,194.1,5,Víctor Salinas,Puebla,Sucursal Centro,Transferencia
4904,2025-09-16,Lámpara,Hogar,293.18,10,Alejandra Morales,León,Sucursal Norte,Tarjeta de Débito
4905,2024-02-29,Zapatos Deportivos,Deportes,1215.66,10,Juan Cervantes,Mérida,Sucursal Norte,Tarjeta de Crédito
4906,2024-05-28,Guantes de Box,Deportes,880.43,18,Alberto Varela,León,Sucursal Centro,Transferencia
4907,2025-01-12,Monitor,Electrónica,3873.0,20,Camila Díaz,León,Sucursal Norte,Efectivo
4908,2025-09-22,Perfume,Belleza,454.63,17,Manuel Bravo,Guadalajara,Sucursal Norte,Transferencia
4909,2024-09-04,Chocolate,Alimentos,90.04,17,Cecilia Trujillo,Puebla,Sucursal Centro,Tarjeta de Crédito
4910,2024-10-13,Esmalte,Belleza,47.44,13,Juan Cervantes,León,Sucursal Centro,Tarjeta de Crédito
4911,2025-07-18,Pantalón,Ropa,431.53,11,Juan Cervantes,Ciudad de México,Sucursal Norte,Efectivo
4912,2025-05-14,Pelota de Fútbol,Deportes,592.62,12,Ignacio Miranda,Tijuana,Sucursal Norte,Tarjeta de Crédito
4913,2025-06-20,Rompecabezas,Juguetes,399.27,15,Carlos López,Monterrey,Sucursal Sur,Tarjeta de Crédito
4914,2024-12-09,Cargador,Electrónica,319.36,12,Laura Hernández,Monterrey,Sucursal Norte,Efectivo
4915,2025-07-19,Esmalte,Belleza,112.86,10,Paola Mendoza,Ciudad de México,Sucursal Centro,Tarjeta de Crédito
4916,2025-12-15,USB Flash Drive,Electrónica,115.3,13,José Rodríguez,Mérida,Sucursal Norte,Tarjeta de Crédito
4917,2025-11-23,Colchoneta,Deportes,691.59,16,Mariana Medina,Guadalajara,Sucursal Centro,Transferencia
4918,2025-04-07,Rompecabezas,Juguetes,242.21,19,Camila Díaz,Guadalajara,Sucursal Norte,Tarjeta de Débito
4919,2024-09-11,Pantalón,Ropa,414.32,9,Fernanda Luna,Mérida,Sucursal Norte,Efectivo
4920,2024-05-08,Zapatos Deportivos,Deportes,1054.44,2,Sebastián Fuentes,Monterrey,Sucursal Centro,Tarjeta de Débito
4921,2024-08-08,Esmalte,Belleza,43.33,3,Lucía Ramos,Ciudad de México,Sucursal Norte,Transferencia
4922,2024-10-02,Shampoo,Belleza,135.37,4,Luis Espinoza,Puebla,Sucursal Norte,Efectivo
4923,2025-10-09,Bloques Didácticos,Juguetes,341.53,14,Ximena Paredes,León,Sucursal Norte,Transferencia
4924,2024-03-29,Folder,Papelería,31.29,20,Verónica Aguilar,Monterrey,Sucursal Centro,Transferencia
4925,2024-01-01,Perfume,Belleza,502.47,6,Tomás Vega,Ciudad de México,Sucursal Sur,Efectivo
4926,2024-06-26,Lámpara,Hogar,656.06,6,Ramón Ortega,Tijuana,Sucursal Norte,Transferencia
4927,2024-06-05,Toalla,Hogar,173.43,3,Carolina Castro,León,Sucursal Centro,Tarjeta de Débito
4928,2024-05-10,Pelota de Fútbol,Deportes,369.24,16,David Torres,Tijuana,Sucursal Centro,Tarjeta de Crédito
4929,2024-05-19,Grapadora,Papelería,173.91,1,Sebastián Fuentes,Monterrey,Sucursal Sur,Tarjeta de Crédito
4930,2025-06-01,Detergente,Hogar,146.69,7,Daniela Herrera,Guadalajara,Sucursal Sur,Tarjeta de Crédito
4931,2025-11-27,Auriculares,Electrónica,309.29,13,David Torres,Guadalajara,Sucursal Sur,Transferencia
4932,2024-11-06,Monitor,Electrónica,3270.07,1,Ignacio Miranda,León,Sucursal Norte,Efectivo
4933,2025-04-30,Bolígrafo,Papelería,49.21,3,Isabel Ramírez,Mérida,Sucursal Norte,Tarjeta de Crédito
4934,2024-05-04,Esmalte,Belleza,33.64,10,Óscar Ríos,León,Sucursal Norte,Tarjeta de Crédito
4935,2024-04-01,Marcadores,Papelería,52.24,6,Sofía Pérez,León,Sucursal Centro,Transferencia
4936,2024-08-16,Perfume,Belleza,748.43,13,Guillermo León,Tijuana,Sucursal Centro,Transferencia
4937,2025-12-17,Muñeca,Juguetes,368.5,20,Elena Delgado,Mérida,Sucursal Norte,Tarjeta de Débito
4938,2024-06-13,Café,Alimentos,153.0,13,Gabriela Moreno,Ciudad de México,Sucursal Centro,Transferencia
4939,2024-04-04,Perfume,Belleza,823.65,12,María Martínez,León,Sucursal Norte,Transferencia
4940,2024-07-02,Carro de Juguete,Juguetes,472.84,7,Tomás Vega,Mérida,Sucursal Centro,Tarjeta de Débito
4941,2024-01-29,Guantes de Box,Deportes,605.91,12,Sofía Pérez,Ciudad de México,Sucursal Norte,Tarjeta de Crédito
4942,2024-02-12,Grapadora,Papelería,117.6,10,Ignacio Miranda,Ciudad de México,Sucursal Sur,Tarjeta de Crédito
4943,2025-11-14,Monitor,Electrónica,5368.91,1,Sebastián Fuentes,León,Sucursal Norte,Efectivo
4944,2025-02-24,Grapadora,Papelería,131.57,4,José Rodríguez,Ciudad de México,Sucursal Norte,Tarjeta de Crédito
4945,2024-09-21,Detergente,Hogar,89.62,20,Gabriela Moreno,Ciudad de México,Sucursal Sur,Tarjeta de Débito
4946,2025-10-02,Labial,Belleza,73.32,2,Ana García,Ciudad de México,Sucursal Norte,Tarjeta de Crédito
4947,2025-09-08,Colchoneta,Deportes,483.04,12,Julio Cortez,León,Sucursal Norte,Transferencia
4948,2025-09-08,Toalla,Hogar,198.59,11,Ricardo Castillo,Monterrey,Sucursal Norte,Tarjeta de Débito
4949,2024-10-05,Jugo,Alimentos,50.44,14,David Torres,León,Sucursal Centro,Tarjeta de Débito
4950,2025-09-24,Lámpara,Hogar,566.88,14,Víctor Salinas,Mérida,Sucursal Centro,Tarjeta de Crédito
4951,2024-09-07,Labial,Belleza,52.0,20,Natalia Ruiz,Ciudad de México,Sucursal Sur,Transferencia
4952,2024-05-21,Labial,Belleza,61.15,19,Ximena Paredes,Ciudad de México,Sucursal Centro,Tarjeta de Crédito
4953,2025-02-25,Gorra,Ropa,212.6,14,Beatriz Rojas,Guadalajara,Sucursal Sur,Tarjeta de Débito
4954,2025-08-04,Gorra,Ropa,239.37,20,Julio Cortez,León,Sucursal Norte,Efectivo
4955,2024-06-28,Calcetines,Ropa,33.48,14,Óscar Ríos,Ciudad de México,Sucursal Centro,Tarjeta de Crédito
4956,2024-10-18,Esmalte,Belleza,63.42,14,Mónica Ibáñez,Tijuana,Sucursal Norte,Efectivo
4957,2025-03-01,Lámpara,Hogar,230.77,19,Jorge Romero,León,Sucursal Centro,Tarjeta de Débito
4958,2024-02-16,Guantes de Box,Deportes,946.76,14,Julio Cortez,Tijuana,Sucursal Norte,Efectivo
4959,2024-12-05,Laptop,Electrónica,8322.12,15,Mariana Medina,Monterrey,Sucursal Norte,Tarjeta de Crédito
4960,2024-07-25,Sudadera,Ropa,484.08,2,Ximena Paredes,Puebla,Sucursal Norte,Efectivo
4961,2024-06-17,Detergente,Hogar,118.72,12,Ramón Ortega,Puebla,Sucursal Centro,Tarjeta de Crédito
4962,2025-07-18,Jugo,Alimentos,39.83,10,Alicia Ponce,Mérida,Sucursal Norte,Tarjeta de Crédito
4963,2024-08-09,Calcetines,Ropa,51.06,7,Alberto Varela,Monterrey,Sucursal Centro,Tarjeta de Crédito
4964,2024-07-22,Lámpara,Hogar,379.05,17,Fernando Flores,Guadalajara,Sucursal Norte,Tarjeta de Crédito
4965,2025-05-16,Perfume,Belleza,905.6,18,Mariana Medina,Ciudad de México,Sucursal Norte,Transferencia
4966,2025-08-31,Guantes de Box,Deportes,1099.81,2,Juan Cervantes,León,Sucursal Norte,Efectivo
4967,2024-06-05,Folder,Papelería,54.28,13,Luis Espinoza,Monterrey,Sucursal Centro,Efectivo
4968,2024-12-12,Guantes de Box,Deportes,679.02,8,Tomás Vega,Monterrey,Sucursal Sur,Tarjeta de Débito
4969,2025-06-07,USB Flash Drive,Electrónica,190.27,18,Eduardo Jiménez,León,Sucursal Centro,Tarjeta de Crédito
4970,2025-09-25,Colchoneta,Deportes,771.86,7,Rosa Ávila,Guadalajara,Sucursal Sur,Efectivo
4971,2025-02-22,Mouse,Electrónica,236.9,16,Andrés Vargas,Puebla,Sucursal Norte,Efectivo
4972,2024-09-07,Zapatos Deportivos,Deportes,2405.26,9,Alberto Varela,Puebla,Sucursal Norte,Transferencia
4973,2024-09-21,Auriculares,Electrónica,497.88,6,Arturo Navarro,Puebla,Sucursal Norte,Efectivo
4974,2024-04-01,Detergente,Hogar,138.21,14,Marco Sánchez,Monterrey,Sucursal Sur,Tarjeta de Débito
4975,2025-07-26,Bloques Didácticos,Juguetes,173.27,5,Daniela Herrera,Guadalajara,Sucursal Sur,Transferencia
4976,2024-06-03,Grapadora,Papelería,88.05,10,Ximena Paredes,Puebla,Sucursal Centro,Tarjeta de Débito
4977,2025-05-22,Shampoo,Belleza,100.38,6,Fernando Flores,Tijuana,Sucursal Norte,Transferencia
4978,2024-02-21,Detergente,Hogar,143.46,15,Camila Díaz,Guadalajara,Sucursal Norte,Efectivo
4979,2025-02-06,Laptop,Electrónica,16968.82,12,Jorge Romero,Ciudad de México,Sucursal Sur,Tarjeta de Crédito
4980,2025-03-19,Toalla,Hogar,158.72,3,Tomás Vega,Mérida,Sucursal Centro,Tarjeta de Crédito
4981,2025-02-21,Guantes de Box,Deportes,670.49,9,Patricia Muñoz,León,Sucursal Centro,Transferencia
4982,2024-09-13,Gorra,Ropa,241.18,1,Miguel González,León,Sucursal Norte,Tarjeta de Crédito
4983,2025-03-08,Bloques Didácticos,Juguetes,204.75,9,Mónica Ibáñez,Puebla,Sucursal Norte,Tarjeta de Débito
4984,2024-10-19,Lámpara,Hogar,749.88,18,Laura Hernández,León,Sucursal Norte,Tarjeta de Débito
4985,2025-11-16,Auriculares,Electrónica,1091.92,1,Mónica Ibáñez,Tijuana,Sucursal Centro,Tarjeta de Crédito
4986,2024-09-09,Tijeras,Papelería,67.56,17,Adriana Molina,Monterrey,Sucursal Sur,Transferencia
4987,2024-05-02,Shampoo,Belleza,170.66,4,Carlos López,León,Sucursal Centro,Efectivo
4988,2025-11-23,Esmalte,Belleza,79.57,12,Jorge Romero,Mérida,Sucursal Centro,Tarjeta de Crédito
4989,2024-03-17,Muñeca,Juguetes,546.13,7,Ximena Paredes,Tijuana,Sucursal Centro,Efectivo
4990,2025-05-23,Carro de Juguete,Juguetes,278.43,2,Diego Cabrera,Tijuana,Sucursal Centro,Transferencia
4991,2024-05-28,Folder,Papelería,49.39,1,Beatriz Rojas,Guadalajara,Sucursal Sur,Tarjeta de Débito
4992,2025-06-23,Bloques Didácticos,Juguetes,332.71,10,Elena Delgado,Monterrey,Sucursal Norte,Tarjeta de Débito
4993,2025-01-23,Shampoo,Belleza,134.0,8,Héctor Soto,Monterrey,Sucursal Sur,Tarjeta de Débito
4994,2024-04-29,Crema Facial,Belleza,479.73,8,Verónica Aguilar,Mérida,Sucursal Norte,Tarjeta de Crédito
4995,2025-07-22,Pelota de Fútbol,Deportes,222.02,11,Mariana Medina,Puebla,Sucursal Norte,Tarjeta de Crédito
4996,2025-08-18,USB Flash Drive,Electrónica,97.96,16,Sebastián Fuentes,Ciudad de México,Sucursal Sur,Efectivo
4997,2024-04-08,USB Flash Drive,Electrónica,113.21,19,Valentina Cruz,Ciudad de México,Sucursal Norte,Efectivo
4998,2024-03-29,Marcadores,Papelería,51.67,4,Guillermo León,Puebla,Sucursal Centro,Tarjeta de Crédito
4999,2025-04-13,Gorra,Ropa,115.34,2,Diego Cabrera,León,Sucursal Norte,Tarjeta de Crédito
5000,2024-01-27,Guantes de Box,Deportes,990.9,19,Juan Cervantes,Ciudad de México,Sucursal Centro,Efectivo
